fecha,package,cves,descripcion,dsa,url,vulnerabilidad_especifica,tipo_vulnerabilidad
2026-09-20,gimp,CVE-2026-78465 CVE-2026-78475 CVE-2026-82328 CVE-2026-90947 CVE-2026-90948 CVE-2026-92248,"CVE-2026-90947 CVE-2026-90948 CVE-2026-92248 Several vulnerabilities were discovered in GIMP, the GNU Image Manipulation Program, which could result in denial of service or potentially the execution of arbitrary code if malformed PSD, light effects filter, ICO, PIX or PCX files are opened.",DSA-6509-1,https://lists.debian.org/debian-security-announce/2026/msg00421.html,Remote Code Execution,"Remote Code Execution, Denial of Service"
2026-09-20,gimp,CVE-2026-78465 CVE-2026-78475 CVE-2026-82328 CVE-2026-90947 CVE-2026-90948 CVE-2026-92248,"CVE-2026-90947 CVE-2026-90948 CVE-2026-92248 Several vulnerabilities were discovered in GIMP, the GNU Image Manipulation Program, which could result in denial of service or potentially the execution of arbitrary code if malformed PSD, light effects filter, ICO, PIX or PCX files are opened.",DSA-6509-1,https://lists.debian.org/debian-security-announce/2026/msg00421.html,Denial of Service,"Remote Code Execution, Denial of Service"
2026-09-19,unbound,CVE-2026-14586 CVE-2026-32665 CVE-2026-40622 CVE-2026-40691 CVE-2026-41637 CVE-2026-42955 CVE-2026-44621 CVE-2026-44687 CVE-2026-44690 CVE-2026-46582 CVE-2026-50045 CVE-2026-50046 CVE-2026-50243 CVE-2026-50248 CVE-2026-50251 CVE-2026-50252 CVE-2026-52863 CVE-2026-54478 CVE-2026-55708 CVE-2026-55717 CVE-2026-55973 CVE-2026-55990 CVE-2026-55991 CVE-2026-56416 CVE-2026-56444 CVE-2026-77860 CVE-2026-77955 CVE-2026-78227 CVE-2026-80225 CVE-2026-81634 CVE-2026-81642 CVE-2026-82717 CVE-2026-82720 CVE-2026-85501,"CVE-2026-41637 CVE-2026-42955 CVE-2026-44621 CVE-2026-44687 CVE-2026-44690 CVE-2026-46582 CVE-2026-50045 CVE-2026-50046 CVE-2026-50243 CVE-2026-50248 CVE-2026-50251 CVE-2026-50252 CVE-2026-52863 CVE-2026-54478 CVE-2026-55708 CVE-2026-55717 CVE-2026-55973 CVE-2026-55990 CVE-2026-55991 CVE-2026-56416 CVE-2026-56444 CVE-2026-77860 CVE-2026-77955 CVE-2026-78227 CVE-2026-80225 CVE-2026-81634 CVE-2026-81642 CVE-2026-82717 CVE-2026-82720 CVE-2026-85501 Multiple security vulnerabilities were discovered in Unbound, a validating, recursive, caching DNS resolver, which could result in denial of service, cache poisoning, DNS cookie bypass or potentially the execution of arbitrary code.",DSA-6507-1,https://lists.debian.org/debian-security-announce/2026/msg00419.html,Remote Code Execution,"Remote Code Execution, Denial of Service"
2026-09-19,unbound,CVE-2026-14586 CVE-2026-32665 CVE-2026-40622 CVE-2026-40691 CVE-2026-41637 CVE-2026-42955 CVE-2026-44621 CVE-2026-44687 CVE-2026-44690 CVE-2026-46582 CVE-2026-50045 CVE-2026-50046 CVE-2026-50243 CVE-2026-50248 CVE-2026-50251 CVE-2026-50252 CVE-2026-52863 CVE-2026-54478 CVE-2026-55708 CVE-2026-55717 CVE-2026-55973 CVE-2026-55990 CVE-2026-55991 CVE-2026-56416 CVE-2026-56444 CVE-2026-77860 CVE-2026-77955 CVE-2026-78227 CVE-2026-80225 CVE-2026-81634 CVE-2026-81642 CVE-2026-82717 CVE-2026-82720 CVE-2026-85501,"CVE-2026-41637 CVE-2026-42955 CVE-2026-44621 CVE-2026-44687 CVE-2026-44690 CVE-2026-46582 CVE-2026-50045 CVE-2026-50046 CVE-2026-50243 CVE-2026-50248 CVE-2026-50251 CVE-2026-50252 CVE-2026-52863 CVE-2026-54478 CVE-2026-55708 CVE-2026-55717 CVE-2026-55973 CVE-2026-55990 CVE-2026-55991 CVE-2026-56416 CVE-2026-56444 CVE-2026-77860 CVE-2026-77955 CVE-2026-78227 CVE-2026-80225 CVE-2026-81634 CVE-2026-81642 CVE-2026-82717 CVE-2026-82720 CVE-2026-85501 Multiple security vulnerabilities were discovered in Unbound, a validating, recursive, caching DNS resolver, which could result in denial of service, cache poisoning, DNS cookie bypass or potentially the execution of arbitrary code.",DSA-6507-1,https://lists.debian.org/debian-security-announce/2026/msg00419.html,Denial of Service,"Remote Code Execution, Denial of Service"
2026-09-19,chromium,CVE-2026-93372 CVE-2026-93373 CVE-2026-93374 CVE-2026-93375 CVE-2026-93376 CVE-2026-93377 CVE-2026-93378 CVE-2026-93379 CVE-2026-93380 CVE-2026-93381 CVE-2026-93382 CVE-2026-93383 CVE-2026-93384 CVE-2026-93385 CVE-2026-93386 CVE-2026-93387,"CVE-2026-93376 CVE-2026-93377 CVE-2026-93378 CVE-2026-93379 CVE-2026-93380 CVE-2026-93381 CVE-2026-93382 CVE-2026-93383 CVE-2026-93384 CVE-2026-93385 CVE-2026-93386 CVE-2026-93387 Security issues were discovered in Chromium which could result in the execution of arbitrary code, denial of service, or information disclosure.",DSA-6508-1,https://lists.debian.org/debian-security-announce/2026/msg00420.html,Remote Code Execution,"Remote Code Execution, Information Disclosure, Denial of Service"
2026-09-19,chromium,CVE-2026-93372 CVE-2026-93373 CVE-2026-93374 CVE-2026-93375 CVE-2026-93376 CVE-2026-93377 CVE-2026-93378 CVE-2026-93379 CVE-2026-93380 CVE-2026-93381 CVE-2026-93382 CVE-2026-93383 CVE-2026-93384 CVE-2026-93385 CVE-2026-93386 CVE-2026-93387,"CVE-2026-93376 CVE-2026-93377 CVE-2026-93378 CVE-2026-93379 CVE-2026-93380 CVE-2026-93381 CVE-2026-93382 CVE-2026-93383 CVE-2026-93384 CVE-2026-93385 CVE-2026-93386 CVE-2026-93387 Security issues were discovered in Chromium which could result in the execution of arbitrary code, denial of service, or information disclosure.",DSA-6508-1,https://lists.debian.org/debian-security-announce/2026/msg00420.html,Information Disclosure,"Remote Code Execution, Information Disclosure, Denial of Service"
2026-09-19,chromium,CVE-2026-93372 CVE-2026-93373 CVE-2026-93374 CVE-2026-93375 CVE-2026-93376 CVE-2026-93377 CVE-2026-93378 CVE-2026-93379 CVE-2026-93380 CVE-2026-93381 CVE-2026-93382 CVE-2026-93383 CVE-2026-93384 CVE-2026-93385 CVE-2026-93386 CVE-2026-93387,"CVE-2026-93376 CVE-2026-93377 CVE-2026-93378 CVE-2026-93379 CVE-2026-93380 CVE-2026-93381 CVE-2026-93382 CVE-2026-93383 CVE-2026-93384 CVE-2026-93385 CVE-2026-93386 CVE-2026-93387 Security issues were discovered in Chromium which could result in the execution of arbitrary code, denial of service, or information disclosure.",DSA-6508-1,https://lists.debian.org/debian-security-announce/2026/msg00420.html,Denial of Service,"Remote Code Execution, Information Disclosure, Denial of Service"
2026-09-17,chromium,CVE-2026-87429 CVE-2026-87430 CVE-2026-87431 CVE-2026-87432 CVE-2026-87433 CVE-2026-87434 CVE-2026-87435 CVE-2026-87436 CVE-2026-87437 CVE-2026-87438 CVE-2026-87439 CVE-2026-87440 CVE-2026-87441 CVE-2026-87442 CVE-2026-87443 CVE-2026-87444 CVE-2026-87445 CVE-2026-87446 CVE-2026-87447 CVE-2026-87448 CVE-2026-87449 CVE-2026-87450 CVE-2026-87451 CVE-2026-87452 CVE-2026-87453 CVE-2026-87454 CVE-2026-87455 CVE-2026-87456 CVE-2026-87457 CVE-2026-87458 CVE-2026-87459 CVE-2026-87460 CVE-2026-87461 CVE-2026-87462 CVE-2026-87463 CVE-2026-87464 CVE-2026-87465 CVE-2026-87466 CVE-2026-87467 CVE-2026-87468 CVE-2026-87469 CVE-2026-87470 CVE-2026-87471 CVE-2026-87472 CVE-2026-87473 CVE-2026-87474 CVE-2026-87475 CVE-2026-87476 CVE-2026-87477 CVE-2026-87478 CVE-2026-87479 CVE-2026-87480 CVE-2026-87481 CVE-2026-87482 CVE-2026-87483 CVE-2026-87484 CVE-2026-87485 CVE-2026-87486 CVE-2026-87487 CVE-2026-87488 CVE-2026-87489 CVE-2026-87490 CVE-2026-87491 CVE-2026-87492 CVE-2026-87493 CVE-2026-87494 CVE-2026-87495 CVE-2026-87496 CVE-2026-87497 CVE-2026-87498 CVE-2026-87499 CVE-2026-87500 CVE-2026-87501 CVE-2026-87502 CVE-2026-87503 CVE-2026-87504 CVE-2026-87505 CVE-2026-87506 CVE-2026-87507 CVE-2026-87508 CVE-2026-87509 CVE-2026-87510 CVE-2026-87511 CVE-2026-87512 CVE-2026-87513 CVE-2026-87514 CVE-2026-87515 CVE-2026-87516 CVE-2026-87517 CVE-2026-87518 CVE-2026-87519 CVE-2026-87520 CVE-2026-87521 CVE-2026-87522 CVE-2026-87523 CVE-2026-87524 CVE-2026-87525 CVE-2026-87526 CVE-2026-87527 CVE-2026-87528 CVE-2026-87529 CVE-2026-87530 CVE-2026-87531 CVE-2026-87532 CVE-2026-87533 CVE-2026-87534 CVE-2026-87535 CVE-2026-87536 CVE-2026-87537 CVE-2026-87538 CVE-2026-87539 CVE-2026-87540 CVE-2026-87541 CVE-2026-87542 CVE-2026-87543 CVE-2026-87544 CVE-2026-87545 CVE-2026-87546 CVE-2026-87547 CVE-2026-87548 CVE-2026-87549 CVE-2026-87550 CVE-2026-87551 CVE-2026-87552 CVE-2026-87553 CVE-2026-87554 CVE-2026-87555 CVE-2026-87556 CVE-2026-87557 CVE-2026-87558 CVE-2026-87559 CVE-2026-87560 CVE-2026-87561 CVE-2026-87562 CVE-2026-87563 CVE-2026-87564 CVE-2026-87565 CVE-2026-87566 CVE-2026-87567 CVE-2026-87568 CVE-2026-87569 CVE-2026-87570 CVE-2026-87571 CVE-2026-87572 CVE-2026-87573 CVE-2026-87574 CVE-2026-87575 CVE-2026-87576 CVE-2026-87577 CVE-2026-87578 CVE-2026-87579 CVE-2026-87580 CVE-2026-87581 CVE-2026-87582 CVE-2026-87583 CVE-2026-87584 CVE-2026-87585 CVE-2026-87586 CVE-2026-87587 CVE-2026-87588 CVE-2026-87589 CVE-2026-87590 CVE-2026-87591 CVE-2026-87592 CVE-2026-87593 CVE-2026-87594 CVE-2026-87595 CVE-2026-87596 CVE-2026-87597 CVE-2026-87598 CVE-2026-87599 CVE-2026-87600 CVE-2026-87601 CVE-2026-87602 CVE-2026-87603 CVE-2026-87604 CVE-2026-87605 CVE-2026-87606 CVE-2026-87607 CVE-2026-87608 CVE-2026-87609 CVE-2026-87610 CVE-2026-87611 CVE-2026-87612 CVE-2026-87613 CVE-2026-87614 CVE-2026-87615 CVE-2026-87616 CVE-2026-87617 CVE-2026-87618 CVE-2026-87619 CVE-2026-87620 CVE-2026-87621 CVE-2026-87622 CVE-2026-87623 CVE-2026-87624 CVE-2026-87625 CVE-2026-87626 CVE-2026-87627 CVE-2026-87628 CVE-2026-87629 CVE-2026-87630 CVE-2026-87631 CVE-2026-87632 CVE-2026-87633 CVE-2026-87634 CVE-2026-87635 CVE-2026-87636 CVE-2026-87637 CVE-2026-87638 CVE-2026-87639 CVE-2026-87640 CVE-2026-87641 CVE-2026-87642 CVE-2026-87643 CVE-2026-87644 CVE-2026-87645 CVE-2026-87646 CVE-2026-87647 CVE-2026-87648 CVE-2026-87649 CVE-2026-87650 CVE-2026-87651 CVE-2026-87652 CVE-2026-87653 CVE-2026-87654 CVE-2026-87655 CVE-2026-87656 CVE-2026-87657 CVE-2026-87658 CVE-2026-91708 CVE-2026-91709 CVE-2026-91710 CVE-2026-91711 CVE-2026-91712 CVE-2026-91713 CVE-2026-91714 CVE-2026-91715 CVE-2026-91716 CVE-2026-91717 CVE-2026-91718 CVE-2026-91719 CVE-2026-91720 CVE-2026-91721 CVE-2026-91722 CVE-2026-91723 CVE-2026-91724 CVE-2026-91725 CVE-2026-91726 CVE-2026-91727 CVE-2026-91728 CVE-2026-91729 CVE-2026-91730 CVE-2026-91731 CVE-2026-91732 CVE-2026-91733 CVE-2026-91734 CVE-2026-91735 CVE-2026-91736 CVE-2026-91737 CVE-2026-91738 CVE-2026-91739 CVE-2026-91740 CVE-2026-91741 CVE-2026-91742 CVE-2026-91743 CVE-2026-91744 CVE-2026-91745 CVE-2026-91746 CVE-2026-91747 CVE-2026-91748 CVE-2026-91749,"CVE-2026-87433 CVE-2026-87434 CVE-2026-87435 CVE-2026-87436 CVE-2026-87437 CVE-2026-87438 CVE-2026-87439 CVE-2026-87440 CVE-2026-87441 CVE-2026-87442 CVE-2026-87443 CVE-2026-87444 CVE-2026-87445 CVE-2026-87446 CVE-2026-87447 CVE-2026-87448 CVE-2026-87449 CVE-2026-87450 CVE-2026-87451 CVE-2026-87452 CVE-2026-87453 CVE-2026-87454 CVE-2026-87455 CVE-2026-87456 CVE-2026-87457 CVE-2026-87458 CVE-2026-87459 CVE-2026-87460 CVE-2026-87461 CVE-2026-87462 CVE-2026-87463 CVE-2026-87464 CVE-2026-87465 CVE-2026-87466 CVE-2026-87467 CVE-2026-87468 CVE-2026-87469 CVE-2026-87470 CVE-2026-87471 CVE-2026-87472 CVE-2026-87473 CVE-2026-87474 CVE-2026-87475 CVE-2026-87476 CVE-2026-87477 CVE-2026-87478 CVE-2026-87479 CVE-2026-87480 CVE-2026-87481 CVE-2026-87482 CVE-2026-87483 CVE-2026-87484 CVE-2026-87485 CVE-2026-87486 CVE-2026-87487 CVE-2026-87488 CVE-2026-87489 CVE-2026-87490 CVE-2026-87491 CVE-2026-87492 CVE-2026-87493 CVE-2026-87494 CVE-2026-87495 CVE-2026-87496 CVE-2026-87497 CVE-2026-87498 CVE-2026-87499 CVE-2026-87500 CVE-2026-87501 CVE-2026-87502 CVE-2026-87503 CVE-2026-87504 CVE-2026-87505 CVE-2026-87506 CVE-2026-87507 CVE-2026-87508 CVE-2026-87509 CVE-2026-87510 CVE-2026-87511 CVE-2026-87512 CVE-2026-87513 CVE-2026-87514 CVE-2026-87515 CVE-2026-87516 CVE-2026-87517 CVE-2026-87518 CVE-2026-87519 CVE-2026-87520 CVE-2026-87521 CVE-2026-87522 CVE-2026-87523 CVE-2026-87524 CVE-2026-87525 CVE-2026-87526 CVE-2026-87527 CVE-2026-87528 CVE-2026-87529 CVE-2026-87530 CVE-2026-87531 CVE-2026-87532 CVE-2026-87533 CVE-2026-87534 CVE-2026-87535 CVE-2026-87536 CVE-2026-87537 CVE-2026-87538 CVE-2026-87539 CVE-2026-87540 CVE-2026-87541 CVE-2026-87542 CVE-2026-87543 CVE-2026-87544 CVE-2026-87545 CVE-2026-87546 CVE-2026-87547 CVE-2026-87548 CVE-2026-87549 CVE-2026-87550 CVE-2026-87551 CVE-2026-87552 CVE-2026-87553 CVE-2026-87554 CVE-2026-87555 CVE-2026-87556 CVE-2026-87557 CVE-2026-87558 CVE-2026-87559 CVE-2026-87560 CVE-2026-87561 CVE-2026-87562 CVE-2026-87563 CVE-2026-87564 CVE-2026-87565 CVE-2026-87566 CVE-2026-87567 CVE-2026-87568 CVE-2026-87569 CVE-2026-87570 CVE-2026-87571 CVE-2026-87572 CVE-2026-87573 CVE-2026-87574 CVE-2026-87575 CVE-2026-87576 CVE-2026-87577 CVE-2026-87578 CVE-2026-87579 CVE-2026-87580 CVE-2026-87581 CVE-2026-87582 CVE-2026-87583 CVE-2026-87584 CVE-2026-87585 CVE-2026-87586 CVE-2026-87587 CVE-2026-87588 CVE-2026-87589 CVE-2026-87590 CVE-2026-87591 CVE-2026-87592 CVE-2026-87593 CVE-2026-87594 CVE-2026-87595 CVE-2026-87596 CVE-2026-87597 CVE-2026-87598 CVE-2026-87599 CVE-2026-87600 CVE-2026-87601 CVE-2026-87602 CVE-2026-87603 CVE-2026-87604 CVE-2026-87605 CVE-2026-87606 CVE-2026-87607 CVE-2026-87608 CVE-2026-87609 CVE-2026-87610 CVE-2026-87611 CVE-2026-87612 CVE-2026-87613 CVE-2026-87614 CVE-2026-87615 CVE-2026-87616 CVE-2026-87617 CVE-2026-87618 CVE-2026-87619 CVE-2026-87620 CVE-2026-87621 CVE-2026-87622 CVE-2026-87623 CVE-2026-87624 CVE-2026-87625 CVE-2026-87626 CVE-2026-87627 CVE-2026-87628 CVE-2026-87629 CVE-2026-87630 CVE-2026-87631 CVE-2026-87632 CVE-2026-87633 CVE-2026-87634 CVE-2026-87635 CVE-2026-87636 CVE-2026-87637 CVE-2026-87638 CVE-2026-87639 CVE-2026-87640 CVE-2026-87641 CVE-2026-87642 CVE-2026-87643 CVE-2026-87644 CVE-2026-87645 CVE-2026-87646 CVE-2026-87647 CVE-2026-87648 CVE-2026-87649 CVE-2026-87650 CVE-2026-87651 CVE-2026-87652 CVE-2026-87653 CVE-2026-87654 CVE-2026-87655 CVE-2026-87656 CVE-2026-87657 CVE-2026-87658 CVE-2026-91708 CVE-2026-91709 CVE-2026-91710 CVE-2026-91711 CVE-2026-91712 CVE-2026-91713 CVE-2026-91714 CVE-2026-91715 CVE-2026-91716 CVE-2026-91717 CVE-2026-91718 CVE-2026-91719 CVE-2026-91720 CVE-2026-91721 CVE-2026-91722 CVE-2026-91723 CVE-2026-91724 CVE-2026-91725 CVE-2026-91726 CVE-2026-91727 CVE-2026-91728 CVE-2026-91729 CVE-2026-91730 CVE-2026-91731 CVE-2026-91732 CVE-2026-91733 CVE-2026-91734 CVE-2026-91735 CVE-2026-91736 CVE-2026-91737 CVE-2026-91738 CVE-2026-91739 CVE-2026-91740 CVE-2026-91741 CVE-2026-91742 CVE-2026-91743 CVE-2026-91744 CVE-2026-91745 CVE-2026-91746 CVE-2026-91747 CVE-2026-91748 CVE-2026-91749 Security issues were discovered in Chromium which could result in the execution of arbitrary code, denial of service, or information disclosure.",DSA-6506-1,https://lists.debian.org/debian-security-announce/2026/msg00418.html,Remote Code Execution,"Remote Code Execution, Information Disclosure, Denial of Service"
2026-09-17,chromium,CVE-2026-87429 CVE-2026-87430 CVE-2026-87431 CVE-2026-87432 CVE-2026-87433 CVE-2026-87434 CVE-2026-87435 CVE-2026-87436 CVE-2026-87437 CVE-2026-87438 CVE-2026-87439 CVE-2026-87440 CVE-2026-87441 CVE-2026-87442 CVE-2026-87443 CVE-2026-87444 CVE-2026-87445 CVE-2026-87446 CVE-2026-87447 CVE-2026-87448 CVE-2026-87449 CVE-2026-87450 CVE-2026-87451 CVE-2026-87452 CVE-2026-87453 CVE-2026-87454 CVE-2026-87455 CVE-2026-87456 CVE-2026-87457 CVE-2026-87458 CVE-2026-87459 CVE-2026-87460 CVE-2026-87461 CVE-2026-87462 CVE-2026-87463 CVE-2026-87464 CVE-2026-87465 CVE-2026-87466 CVE-2026-87467 CVE-2026-87468 CVE-2026-87469 CVE-2026-87470 CVE-2026-87471 CVE-2026-87472 CVE-2026-87473 CVE-2026-87474 CVE-2026-87475 CVE-2026-87476 CVE-2026-87477 CVE-2026-87478 CVE-2026-87479 CVE-2026-87480 CVE-2026-87481 CVE-2026-87482 CVE-2026-87483 CVE-2026-87484 CVE-2026-87485 CVE-2026-87486 CVE-2026-87487 CVE-2026-87488 CVE-2026-87489 CVE-2026-87490 CVE-2026-87491 CVE-2026-87492 CVE-2026-87493 CVE-2026-87494 CVE-2026-87495 CVE-2026-87496 CVE-2026-87497 CVE-2026-87498 CVE-2026-87499 CVE-2026-87500 CVE-2026-87501 CVE-2026-87502 CVE-2026-87503 CVE-2026-87504 CVE-2026-87505 CVE-2026-87506 CVE-2026-87507 CVE-2026-87508 CVE-2026-87509 CVE-2026-87510 CVE-2026-87511 CVE-2026-87512 CVE-2026-87513 CVE-2026-87514 CVE-2026-87515 CVE-2026-87516 CVE-2026-87517 CVE-2026-87518 CVE-2026-87519 CVE-2026-87520 CVE-2026-87521 CVE-2026-87522 CVE-2026-87523 CVE-2026-87524 CVE-2026-87525 CVE-2026-87526 CVE-2026-87527 CVE-2026-87528 CVE-2026-87529 CVE-2026-87530 CVE-2026-87531 CVE-2026-87532 CVE-2026-87533 CVE-2026-87534 CVE-2026-87535 CVE-2026-87536 CVE-2026-87537 CVE-2026-87538 CVE-2026-87539 CVE-2026-87540 CVE-2026-87541 CVE-2026-87542 CVE-2026-87543 CVE-2026-87544 CVE-2026-87545 CVE-2026-87546 CVE-2026-87547 CVE-2026-87548 CVE-2026-87549 CVE-2026-87550 CVE-2026-87551 CVE-2026-87552 CVE-2026-87553 CVE-2026-87554 CVE-2026-87555 CVE-2026-87556 CVE-2026-87557 CVE-2026-87558 CVE-2026-87559 CVE-2026-87560 CVE-2026-87561 CVE-2026-87562 CVE-2026-87563 CVE-2026-87564 CVE-2026-87565 CVE-2026-87566 CVE-2026-87567 CVE-2026-87568 CVE-2026-87569 CVE-2026-87570 CVE-2026-87571 CVE-2026-87572 CVE-2026-87573 CVE-2026-87574 CVE-2026-87575 CVE-2026-87576 CVE-2026-87577 CVE-2026-87578 CVE-2026-87579 CVE-2026-87580 CVE-2026-87581 CVE-2026-87582 CVE-2026-87583 CVE-2026-87584 CVE-2026-87585 CVE-2026-87586 CVE-2026-87587 CVE-2026-87588 CVE-2026-87589 CVE-2026-87590 CVE-2026-87591 CVE-2026-87592 CVE-2026-87593 CVE-2026-87594 CVE-2026-87595 CVE-2026-87596 CVE-2026-87597 CVE-2026-87598 CVE-2026-87599 CVE-2026-87600 CVE-2026-87601 CVE-2026-87602 CVE-2026-87603 CVE-2026-87604 CVE-2026-87605 CVE-2026-87606 CVE-2026-87607 CVE-2026-87608 CVE-2026-87609 CVE-2026-87610 CVE-2026-87611 CVE-2026-87612 CVE-2026-87613 CVE-2026-87614 CVE-2026-87615 CVE-2026-87616 CVE-2026-87617 CVE-2026-87618 CVE-2026-87619 CVE-2026-87620 CVE-2026-87621 CVE-2026-87622 CVE-2026-87623 CVE-2026-87624 CVE-2026-87625 CVE-2026-87626 CVE-2026-87627 CVE-2026-87628 CVE-2026-87629 CVE-2026-87630 CVE-2026-87631 CVE-2026-87632 CVE-2026-87633 CVE-2026-87634 CVE-2026-87635 CVE-2026-87636 CVE-2026-87637 CVE-2026-87638 CVE-2026-87639 CVE-2026-87640 CVE-2026-87641 CVE-2026-87642 CVE-2026-87643 CVE-2026-87644 CVE-2026-87645 CVE-2026-87646 CVE-2026-87647 CVE-2026-87648 CVE-2026-87649 CVE-2026-87650 CVE-2026-87651 CVE-2026-87652 CVE-2026-87653 CVE-2026-87654 CVE-2026-87655 CVE-2026-87656 CVE-2026-87657 CVE-2026-87658 CVE-2026-91708 CVE-2026-91709 CVE-2026-91710 CVE-2026-91711 CVE-2026-91712 CVE-2026-91713 CVE-2026-91714 CVE-2026-91715 CVE-2026-91716 CVE-2026-91717 CVE-2026-91718 CVE-2026-91719 CVE-2026-91720 CVE-2026-91721 CVE-2026-91722 CVE-2026-91723 CVE-2026-91724 CVE-2026-91725 CVE-2026-91726 CVE-2026-91727 CVE-2026-91728 CVE-2026-91729 CVE-2026-91730 CVE-2026-91731 CVE-2026-91732 CVE-2026-91733 CVE-2026-91734 CVE-2026-91735 CVE-2026-91736 CVE-2026-91737 CVE-2026-91738 CVE-2026-91739 CVE-2026-91740 CVE-2026-91741 CVE-2026-91742 CVE-2026-91743 CVE-2026-91744 CVE-2026-91745 CVE-2026-91746 CVE-2026-91747 CVE-2026-91748 CVE-2026-91749,"CVE-2026-87433 CVE-2026-87434 CVE-2026-87435 CVE-2026-87436 CVE-2026-87437 CVE-2026-87438 CVE-2026-87439 CVE-2026-87440 CVE-2026-87441 CVE-2026-87442 CVE-2026-87443 CVE-2026-87444 CVE-2026-87445 CVE-2026-87446 CVE-2026-87447 CVE-2026-87448 CVE-2026-87449 CVE-2026-87450 CVE-2026-87451 CVE-2026-87452 CVE-2026-87453 CVE-2026-87454 CVE-2026-87455 CVE-2026-87456 CVE-2026-87457 CVE-2026-87458 CVE-2026-87459 CVE-2026-87460 CVE-2026-87461 CVE-2026-87462 CVE-2026-87463 CVE-2026-87464 CVE-2026-87465 CVE-2026-87466 CVE-2026-87467 CVE-2026-87468 CVE-2026-87469 CVE-2026-87470 CVE-2026-87471 CVE-2026-87472 CVE-2026-87473 CVE-2026-87474 CVE-2026-87475 CVE-2026-87476 CVE-2026-87477 CVE-2026-87478 CVE-2026-87479 CVE-2026-87480 CVE-2026-87481 CVE-2026-87482 CVE-2026-87483 CVE-2026-87484 CVE-2026-87485 CVE-2026-87486 CVE-2026-87487 CVE-2026-87488 CVE-2026-87489 CVE-2026-87490 CVE-2026-87491 CVE-2026-87492 CVE-2026-87493 CVE-2026-87494 CVE-2026-87495 CVE-2026-87496 CVE-2026-87497 CVE-2026-87498 CVE-2026-87499 CVE-2026-87500 CVE-2026-87501 CVE-2026-87502 CVE-2026-87503 CVE-2026-87504 CVE-2026-87505 CVE-2026-87506 CVE-2026-87507 CVE-2026-87508 CVE-2026-87509 CVE-2026-87510 CVE-2026-87511 CVE-2026-87512 CVE-2026-87513 CVE-2026-87514 CVE-2026-87515 CVE-2026-87516 CVE-2026-87517 CVE-2026-87518 CVE-2026-87519 CVE-2026-87520 CVE-2026-87521 CVE-2026-87522 CVE-2026-87523 CVE-2026-87524 CVE-2026-87525 CVE-2026-87526 CVE-2026-87527 CVE-2026-87528 CVE-2026-87529 CVE-2026-87530 CVE-2026-87531 CVE-2026-87532 CVE-2026-87533 CVE-2026-87534 CVE-2026-87535 CVE-2026-87536 CVE-2026-87537 CVE-2026-87538 CVE-2026-87539 CVE-2026-87540 CVE-2026-87541 CVE-2026-87542 CVE-2026-87543 CVE-2026-87544 CVE-2026-87545 CVE-2026-87546 CVE-2026-87547 CVE-2026-87548 CVE-2026-87549 CVE-2026-87550 CVE-2026-87551 CVE-2026-87552 CVE-2026-87553 CVE-2026-87554 CVE-2026-87555 CVE-2026-87556 CVE-2026-87557 CVE-2026-87558 CVE-2026-87559 CVE-2026-87560 CVE-2026-87561 CVE-2026-87562 CVE-2026-87563 CVE-2026-87564 CVE-2026-87565 CVE-2026-87566 CVE-2026-87567 CVE-2026-87568 CVE-2026-87569 CVE-2026-87570 CVE-2026-87571 CVE-2026-87572 CVE-2026-87573 CVE-2026-87574 CVE-2026-87575 CVE-2026-87576 CVE-2026-87577 CVE-2026-87578 CVE-2026-87579 CVE-2026-87580 CVE-2026-87581 CVE-2026-87582 CVE-2026-87583 CVE-2026-87584 CVE-2026-87585 CVE-2026-87586 CVE-2026-87587 CVE-2026-87588 CVE-2026-87589 CVE-2026-87590 CVE-2026-87591 CVE-2026-87592 CVE-2026-87593 CVE-2026-87594 CVE-2026-87595 CVE-2026-87596 CVE-2026-87597 CVE-2026-87598 CVE-2026-87599 CVE-2026-87600 CVE-2026-87601 CVE-2026-87602 CVE-2026-87603 CVE-2026-87604 CVE-2026-87605 CVE-2026-87606 CVE-2026-87607 CVE-2026-87608 CVE-2026-87609 CVE-2026-87610 CVE-2026-87611 CVE-2026-87612 CVE-2026-87613 CVE-2026-87614 CVE-2026-87615 CVE-2026-87616 CVE-2026-87617 CVE-2026-87618 CVE-2026-87619 CVE-2026-87620 CVE-2026-87621 CVE-2026-87622 CVE-2026-87623 CVE-2026-87624 CVE-2026-87625 CVE-2026-87626 CVE-2026-87627 CVE-2026-87628 CVE-2026-87629 CVE-2026-87630 CVE-2026-87631 CVE-2026-87632 CVE-2026-87633 CVE-2026-87634 CVE-2026-87635 CVE-2026-87636 CVE-2026-87637 CVE-2026-87638 CVE-2026-87639 CVE-2026-87640 CVE-2026-87641 CVE-2026-87642 CVE-2026-87643 CVE-2026-87644 CVE-2026-87645 CVE-2026-87646 CVE-2026-87647 CVE-2026-87648 CVE-2026-87649 CVE-2026-87650 CVE-2026-87651 CVE-2026-87652 CVE-2026-87653 CVE-2026-87654 CVE-2026-87655 CVE-2026-87656 CVE-2026-87657 CVE-2026-87658 CVE-2026-91708 CVE-2026-91709 CVE-2026-91710 CVE-2026-91711 CVE-2026-91712 CVE-2026-91713 CVE-2026-91714 CVE-2026-91715 CVE-2026-91716 CVE-2026-91717 CVE-2026-91718 CVE-2026-91719 CVE-2026-91720 CVE-2026-91721 CVE-2026-91722 CVE-2026-91723 CVE-2026-91724 CVE-2026-91725 CVE-2026-91726 CVE-2026-91727 CVE-2026-91728 CVE-2026-91729 CVE-2026-91730 CVE-2026-91731 CVE-2026-91732 CVE-2026-91733 CVE-2026-91734 CVE-2026-91735 CVE-2026-91736 CVE-2026-91737 CVE-2026-91738 CVE-2026-91739 CVE-2026-91740 CVE-2026-91741 CVE-2026-91742 CVE-2026-91743 CVE-2026-91744 CVE-2026-91745 CVE-2026-91746 CVE-2026-91747 CVE-2026-91748 CVE-2026-91749 Security issues were discovered in Chromium which could result in the execution of arbitrary code, denial of service, or information disclosure.",DSA-6506-1,https://lists.debian.org/debian-security-announce/2026/msg00418.html,Information Disclosure,"Remote Code Execution, Information Disclosure, Denial of Service"
2026-09-17,chromium,CVE-2026-87429 CVE-2026-87430 CVE-2026-87431 CVE-2026-87432 CVE-2026-87433 CVE-2026-87434 CVE-2026-87435 CVE-2026-87436 CVE-2026-87437 CVE-2026-87438 CVE-2026-87439 CVE-2026-87440 CVE-2026-87441 CVE-2026-87442 CVE-2026-87443 CVE-2026-87444 CVE-2026-87445 CVE-2026-87446 CVE-2026-87447 CVE-2026-87448 CVE-2026-87449 CVE-2026-87450 CVE-2026-87451 CVE-2026-87452 CVE-2026-87453 CVE-2026-87454 CVE-2026-87455 CVE-2026-87456 CVE-2026-87457 CVE-2026-87458 CVE-2026-87459 CVE-2026-87460 CVE-2026-87461 CVE-2026-87462 CVE-2026-87463 CVE-2026-87464 CVE-2026-87465 CVE-2026-87466 CVE-2026-87467 CVE-2026-87468 CVE-2026-87469 CVE-2026-87470 CVE-2026-87471 CVE-2026-87472 CVE-2026-87473 CVE-2026-87474 CVE-2026-87475 CVE-2026-87476 CVE-2026-87477 CVE-2026-87478 CVE-2026-87479 CVE-2026-87480 CVE-2026-87481 CVE-2026-87482 CVE-2026-87483 CVE-2026-87484 CVE-2026-87485 CVE-2026-87486 CVE-2026-87487 CVE-2026-87488 CVE-2026-87489 CVE-2026-87490 CVE-2026-87491 CVE-2026-87492 CVE-2026-87493 CVE-2026-87494 CVE-2026-87495 CVE-2026-87496 CVE-2026-87497 CVE-2026-87498 CVE-2026-87499 CVE-2026-87500 CVE-2026-87501 CVE-2026-87502 CVE-2026-87503 CVE-2026-87504 CVE-2026-87505 CVE-2026-87506 CVE-2026-87507 CVE-2026-87508 CVE-2026-87509 CVE-2026-87510 CVE-2026-87511 CVE-2026-87512 CVE-2026-87513 CVE-2026-87514 CVE-2026-87515 CVE-2026-87516 CVE-2026-87517 CVE-2026-87518 CVE-2026-87519 CVE-2026-87520 CVE-2026-87521 CVE-2026-87522 CVE-2026-87523 CVE-2026-87524 CVE-2026-87525 CVE-2026-87526 CVE-2026-87527 CVE-2026-87528 CVE-2026-87529 CVE-2026-87530 CVE-2026-87531 CVE-2026-87532 CVE-2026-87533 CVE-2026-87534 CVE-2026-87535 CVE-2026-87536 CVE-2026-87537 CVE-2026-87538 CVE-2026-87539 CVE-2026-87540 CVE-2026-87541 CVE-2026-87542 CVE-2026-87543 CVE-2026-87544 CVE-2026-87545 CVE-2026-87546 CVE-2026-87547 CVE-2026-87548 CVE-2026-87549 CVE-2026-87550 CVE-2026-87551 CVE-2026-87552 CVE-2026-87553 CVE-2026-87554 CVE-2026-87555 CVE-2026-87556 CVE-2026-87557 CVE-2026-87558 CVE-2026-87559 CVE-2026-87560 CVE-2026-87561 CVE-2026-87562 CVE-2026-87563 CVE-2026-87564 CVE-2026-87565 CVE-2026-87566 CVE-2026-87567 CVE-2026-87568 CVE-2026-87569 CVE-2026-87570 CVE-2026-87571 CVE-2026-87572 CVE-2026-87573 CVE-2026-87574 CVE-2026-87575 CVE-2026-87576 CVE-2026-87577 CVE-2026-87578 CVE-2026-87579 CVE-2026-87580 CVE-2026-87581 CVE-2026-87582 CVE-2026-87583 CVE-2026-87584 CVE-2026-87585 CVE-2026-87586 CVE-2026-87587 CVE-2026-87588 CVE-2026-87589 CVE-2026-87590 CVE-2026-87591 CVE-2026-87592 CVE-2026-87593 CVE-2026-87594 CVE-2026-87595 CVE-2026-87596 CVE-2026-87597 CVE-2026-87598 CVE-2026-87599 CVE-2026-87600 CVE-2026-87601 CVE-2026-87602 CVE-2026-87603 CVE-2026-87604 CVE-2026-87605 CVE-2026-87606 CVE-2026-87607 CVE-2026-87608 CVE-2026-87609 CVE-2026-87610 CVE-2026-87611 CVE-2026-87612 CVE-2026-87613 CVE-2026-87614 CVE-2026-87615 CVE-2026-87616 CVE-2026-87617 CVE-2026-87618 CVE-2026-87619 CVE-2026-87620 CVE-2026-87621 CVE-2026-87622 CVE-2026-87623 CVE-2026-87624 CVE-2026-87625 CVE-2026-87626 CVE-2026-87627 CVE-2026-87628 CVE-2026-87629 CVE-2026-87630 CVE-2026-87631 CVE-2026-87632 CVE-2026-87633 CVE-2026-87634 CVE-2026-87635 CVE-2026-87636 CVE-2026-87637 CVE-2026-87638 CVE-2026-87639 CVE-2026-87640 CVE-2026-87641 CVE-2026-87642 CVE-2026-87643 CVE-2026-87644 CVE-2026-87645 CVE-2026-87646 CVE-2026-87647 CVE-2026-87648 CVE-2026-87649 CVE-2026-87650 CVE-2026-87651 CVE-2026-87652 CVE-2026-87653 CVE-2026-87654 CVE-2026-87655 CVE-2026-87656 CVE-2026-87657 CVE-2026-87658 CVE-2026-91708 CVE-2026-91709 CVE-2026-91710 CVE-2026-91711 CVE-2026-91712 CVE-2026-91713 CVE-2026-91714 CVE-2026-91715 CVE-2026-91716 CVE-2026-91717 CVE-2026-91718 CVE-2026-91719 CVE-2026-91720 CVE-2026-91721 CVE-2026-91722 CVE-2026-91723 CVE-2026-91724 CVE-2026-91725 CVE-2026-91726 CVE-2026-91727 CVE-2026-91728 CVE-2026-91729 CVE-2026-91730 CVE-2026-91731 CVE-2026-91732 CVE-2026-91733 CVE-2026-91734 CVE-2026-91735 CVE-2026-91736 CVE-2026-91737 CVE-2026-91738 CVE-2026-91739 CVE-2026-91740 CVE-2026-91741 CVE-2026-91742 CVE-2026-91743 CVE-2026-91744 CVE-2026-91745 CVE-2026-91746 CVE-2026-91747 CVE-2026-91748 CVE-2026-91749,"CVE-2026-87433 CVE-2026-87434 CVE-2026-87435 CVE-2026-87436 CVE-2026-87437 CVE-2026-87438 CVE-2026-87439 CVE-2026-87440 CVE-2026-87441 CVE-2026-87442 CVE-2026-87443 CVE-2026-87444 CVE-2026-87445 CVE-2026-87446 CVE-2026-87447 CVE-2026-87448 CVE-2026-87449 CVE-2026-87450 CVE-2026-87451 CVE-2026-87452 CVE-2026-87453 CVE-2026-87454 CVE-2026-87455 CVE-2026-87456 CVE-2026-87457 CVE-2026-87458 CVE-2026-87459 CVE-2026-87460 CVE-2026-87461 CVE-2026-87462 CVE-2026-87463 CVE-2026-87464 CVE-2026-87465 CVE-2026-87466 CVE-2026-87467 CVE-2026-87468 CVE-2026-87469 CVE-2026-87470 CVE-2026-87471 CVE-2026-87472 CVE-2026-87473 CVE-2026-87474 CVE-2026-87475 CVE-2026-87476 CVE-2026-87477 CVE-2026-87478 CVE-2026-87479 CVE-2026-87480 CVE-2026-87481 CVE-2026-87482 CVE-2026-87483 CVE-2026-87484 CVE-2026-87485 CVE-2026-87486 CVE-2026-87487 CVE-2026-87488 CVE-2026-87489 CVE-2026-87490 CVE-2026-87491 CVE-2026-87492 CVE-2026-87493 CVE-2026-87494 CVE-2026-87495 CVE-2026-87496 CVE-2026-87497 CVE-2026-87498 CVE-2026-87499 CVE-2026-87500 CVE-2026-87501 CVE-2026-87502 CVE-2026-87503 CVE-2026-87504 CVE-2026-87505 CVE-2026-87506 CVE-2026-87507 CVE-2026-87508 CVE-2026-87509 CVE-2026-87510 CVE-2026-87511 CVE-2026-87512 CVE-2026-87513 CVE-2026-87514 CVE-2026-87515 CVE-2026-87516 CVE-2026-87517 CVE-2026-87518 CVE-2026-87519 CVE-2026-87520 CVE-2026-87521 CVE-2026-87522 CVE-2026-87523 CVE-2026-87524 CVE-2026-87525 CVE-2026-87526 CVE-2026-87527 CVE-2026-87528 CVE-2026-87529 CVE-2026-87530 CVE-2026-87531 CVE-2026-87532 CVE-2026-87533 CVE-2026-87534 CVE-2026-87535 CVE-2026-87536 CVE-2026-87537 CVE-2026-87538 CVE-2026-87539 CVE-2026-87540 CVE-2026-87541 CVE-2026-87542 CVE-2026-87543 CVE-2026-87544 CVE-2026-87545 CVE-2026-87546 CVE-2026-87547 CVE-2026-87548 CVE-2026-87549 CVE-2026-87550 CVE-2026-87551 CVE-2026-87552 CVE-2026-87553 CVE-2026-87554 CVE-2026-87555 CVE-2026-87556 CVE-2026-87557 CVE-2026-87558 CVE-2026-87559 CVE-2026-87560 CVE-2026-87561 CVE-2026-87562 CVE-2026-87563 CVE-2026-87564 CVE-2026-87565 CVE-2026-87566 CVE-2026-87567 CVE-2026-87568 CVE-2026-87569 CVE-2026-87570 CVE-2026-87571 CVE-2026-87572 CVE-2026-87573 CVE-2026-87574 CVE-2026-87575 CVE-2026-87576 CVE-2026-87577 CVE-2026-87578 CVE-2026-87579 CVE-2026-87580 CVE-2026-87581 CVE-2026-87582 CVE-2026-87583 CVE-2026-87584 CVE-2026-87585 CVE-2026-87586 CVE-2026-87587 CVE-2026-87588 CVE-2026-87589 CVE-2026-87590 CVE-2026-87591 CVE-2026-87592 CVE-2026-87593 CVE-2026-87594 CVE-2026-87595 CVE-2026-87596 CVE-2026-87597 CVE-2026-87598 CVE-2026-87599 CVE-2026-87600 CVE-2026-87601 CVE-2026-87602 CVE-2026-87603 CVE-2026-87604 CVE-2026-87605 CVE-2026-87606 CVE-2026-87607 CVE-2026-87608 CVE-2026-87609 CVE-2026-87610 CVE-2026-87611 CVE-2026-87612 CVE-2026-87613 CVE-2026-87614 CVE-2026-87615 CVE-2026-87616 CVE-2026-87617 CVE-2026-87618 CVE-2026-87619 CVE-2026-87620 CVE-2026-87621 CVE-2026-87622 CVE-2026-87623 CVE-2026-87624 CVE-2026-87625 CVE-2026-87626 CVE-2026-87627 CVE-2026-87628 CVE-2026-87629 CVE-2026-87630 CVE-2026-87631 CVE-2026-87632 CVE-2026-87633 CVE-2026-87634 CVE-2026-87635 CVE-2026-87636 CVE-2026-87637 CVE-2026-87638 CVE-2026-87639 CVE-2026-87640 CVE-2026-87641 CVE-2026-87642 CVE-2026-87643 CVE-2026-87644 CVE-2026-87645 CVE-2026-87646 CVE-2026-87647 CVE-2026-87648 CVE-2026-87649 CVE-2026-87650 CVE-2026-87651 CVE-2026-87652 CVE-2026-87653 CVE-2026-87654 CVE-2026-87655 CVE-2026-87656 CVE-2026-87657 CVE-2026-87658 CVE-2026-91708 CVE-2026-91709 CVE-2026-91710 CVE-2026-91711 CVE-2026-91712 CVE-2026-91713 CVE-2026-91714 CVE-2026-91715 CVE-2026-91716 CVE-2026-91717 CVE-2026-91718 CVE-2026-91719 CVE-2026-91720 CVE-2026-91721 CVE-2026-91722 CVE-2026-91723 CVE-2026-91724 CVE-2026-91725 CVE-2026-91726 CVE-2026-91727 CVE-2026-91728 CVE-2026-91729 CVE-2026-91730 CVE-2026-91731 CVE-2026-91732 CVE-2026-91733 CVE-2026-91734 CVE-2026-91735 CVE-2026-91736 CVE-2026-91737 CVE-2026-91738 CVE-2026-91739 CVE-2026-91740 CVE-2026-91741 CVE-2026-91742 CVE-2026-91743 CVE-2026-91744 CVE-2026-91745 CVE-2026-91746 CVE-2026-91747 CVE-2026-91748 CVE-2026-91749 Security issues were discovered in Chromium which could result in the execution of arbitrary code, denial of service, or information disclosure.",DSA-6506-1,https://lists.debian.org/debian-security-announce/2026/msg00418.html,Denial of Service,"Remote Code Execution, Information Disclosure, Denial of Service"
2026-09-17,libapache2-mod-auth-openidc,CVE-2026-54789,"It was discovered that incorrect state cookie parsing in mod_auth_openidc, an OpenID Certified authentication and authorisation module for the Apache HTTP server that implements the OpenID Connect Relying Party functionality, could result in denial of service.",DSA-6504-1,https://lists.debian.org/debian-security-announce/2026/msg00416.html,Authentication Bypass,"Authentication Bypass, Denial of Service"
2026-09-17,libapache2-mod-auth-openidc,CVE-2026-54789,"It was discovered that incorrect state cookie parsing in mod_auth_openidc, an OpenID Certified authentication and authorisation module for the Apache HTTP server that implements the OpenID Connect Relying Party functionality, could result in denial of service.",DSA-6504-1,https://lists.debian.org/debian-security-announce/2026/msg00416.html,Denial of Service,"Authentication Bypass, Denial of Service"
2026-09-17,bind9,CVE-2026-19033 CVE-2026-19662 CVE-2026-19666 CVE-2026-19667 CVE-2026-19668 CVE-2026-75029 CVE-2026-76163 CVE-2026-77119 CVE-2026-77692 CVE-2026-80274 CVE-2026-81563 CVE-2026-81736,"CVE-2026-19668 CVE-2026-75029 CVE-2026-76163 CVE-2026-77119 CVE-2026-77692 CVE-2026-80274 CVE-2026-81563 CVE-2026-81736 Several vulnerabilities were discovered in BIND, a DNS server implementation, which may result in denial of service or cache poisoning.",DSA-6505-1,https://lists.debian.org/debian-security-announce/2026/msg00417.html,Denial of Service,Denial of Service
2026-09-16,thunderbird,CVE-2026-92005 CVE-2026-92006 CVE-2026-92007 CVE-2026-92008 CVE-2026-92009 CVE-2026-92010 CVE-2026-92011 CVE-2026-92012 CVE-2026-92013 CVE-2026-92014 CVE-2026-92015 CVE-2026-92016 CVE-2026-92017 CVE-2026-92018 CVE-2026-92019 CVE-2026-92020 CVE-2026-92021 CVE-2026-92022 CVE-2026-92023 CVE-2026-92024 CVE-2026-92025 CVE-2026-92026 CVE-2026-92027 CVE-2026-92028 CVE-2026-92029 CVE-2026-92030 CVE-2026-92031 CVE-2026-92032 CVE-2026-92238 CVE-2026-92239 CVE-2026-92240,"CVE-2026-92009 CVE-2026-92010 CVE-2026-92011 CVE-2026-92012 CVE-2026-92013 CVE-2026-92014 CVE-2026-92015 CVE-2026-92016 CVE-2026-92017 CVE-2026-92018 CVE-2026-92019 CVE-2026-92020 CVE-2026-92021 CVE-2026-92022 CVE-2026-92023 CVE-2026-92024 CVE-2026-92025 CVE-2026-92026 CVE-2026-92027 CVE-2026-92028 CVE-2026-92029 CVE-2026-92030 CVE-2026-92031 CVE-2026-92032 CVE-2026-92238 CVE-2026-92239 CVE-2026-92240 Multiple security issues were discovered in Thunderbird, which could result in the execution of arbitrary code.",DSA-6503-1,https://lists.debian.org/debian-security-announce/2026/msg00415.html,Remote Code Execution,Remote Code Execution
2026-09-16,mkvtoolnix,CVE-2026-90783,"A buffer overflow was found in the ODML parser of MKVToolNix, a set of command-line tools (and GUI) to work with Matroska files, which could potentially result in the execution of arbitrary code when processing malformed .mkv files.",DSA-6502-1,https://lists.debian.org/debian-security-announce/2026/msg00414.html,Remote Code Execution,Remote Code Execution
2026-09-16,firefox-esr,CVE-2026-92005 CVE-2026-92006 CVE-2026-92007 CVE-2026-92008 CVE-2026-92009 CVE-2026-92010 CVE-2026-92011 CVE-2026-92012 CVE-2026-92013 CVE-2026-92014 CVE-2026-92015 CVE-2026-92016 CVE-2026-92017 CVE-2026-92018 CVE-2026-92019 CVE-2026-92020 CVE-2026-92021 CVE-2026-92022 CVE-2026-92023 CVE-2026-92024 CVE-2026-92025 CVE-2026-92026 CVE-2026-92027 CVE-2026-92028 CVE-2026-92029 CVE-2026-92030 CVE-2026-92031 CVE-2026-92032,"CVE-2026-92009 CVE-2026-92010 CVE-2026-92011 CVE-2026-92012 CVE-2026-92013 CVE-2026-92014 CVE-2026-92015 CVE-2026-92016 CVE-2026-92017 CVE-2026-92018 CVE-2026-92019 CVE-2026-92020 CVE-2026-92021 CVE-2026-92022 CVE-2026-92023 CVE-2026-92024 CVE-2026-92025 CVE-2026-92026 CVE-2026-92027 CVE-2026-92028 CVE-2026-92029 CVE-2026-92030 CVE-2026-92031 CVE-2026-92032 Multiple security issues have been found in the Mozilla Firefox web browser, which could potentially result in the execution of arbitrary code, information disclosure or privilege escalation.",DSA-6501-1,https://lists.debian.org/debian-security-announce/2026/msg00413.html,Remote Code Execution,"Remote Code Execution, Privilege Escalation, Information Disclosure"
2026-09-16,firefox-esr,CVE-2026-92005 CVE-2026-92006 CVE-2026-92007 CVE-2026-92008 CVE-2026-92009 CVE-2026-92010 CVE-2026-92011 CVE-2026-92012 CVE-2026-92013 CVE-2026-92014 CVE-2026-92015 CVE-2026-92016 CVE-2026-92017 CVE-2026-92018 CVE-2026-92019 CVE-2026-92020 CVE-2026-92021 CVE-2026-92022 CVE-2026-92023 CVE-2026-92024 CVE-2026-92025 CVE-2026-92026 CVE-2026-92027 CVE-2026-92028 CVE-2026-92029 CVE-2026-92030 CVE-2026-92031 CVE-2026-92032,"CVE-2026-92009 CVE-2026-92010 CVE-2026-92011 CVE-2026-92012 CVE-2026-92013 CVE-2026-92014 CVE-2026-92015 CVE-2026-92016 CVE-2026-92017 CVE-2026-92018 CVE-2026-92019 CVE-2026-92020 CVE-2026-92021 CVE-2026-92022 CVE-2026-92023 CVE-2026-92024 CVE-2026-92025 CVE-2026-92026 CVE-2026-92027 CVE-2026-92028 CVE-2026-92029 CVE-2026-92030 CVE-2026-92031 CVE-2026-92032 Multiple security issues have been found in the Mozilla Firefox web browser, which could potentially result in the execution of arbitrary code, information disclosure or privilege escalation.",DSA-6501-1,https://lists.debian.org/debian-security-announce/2026/msg00413.html,Privilege Escalation,"Remote Code Execution, Privilege Escalation, Information Disclosure"
2026-09-16,firefox-esr,CVE-2026-92005 CVE-2026-92006 CVE-2026-92007 CVE-2026-92008 CVE-2026-92009 CVE-2026-92010 CVE-2026-92011 CVE-2026-92012 CVE-2026-92013 CVE-2026-92014 CVE-2026-92015 CVE-2026-92016 CVE-2026-92017 CVE-2026-92018 CVE-2026-92019 CVE-2026-92020 CVE-2026-92021 CVE-2026-92022 CVE-2026-92023 CVE-2026-92024 CVE-2026-92025 CVE-2026-92026 CVE-2026-92027 CVE-2026-92028 CVE-2026-92029 CVE-2026-92030 CVE-2026-92031 CVE-2026-92032,"CVE-2026-92009 CVE-2026-92010 CVE-2026-92011 CVE-2026-92012 CVE-2026-92013 CVE-2026-92014 CVE-2026-92015 CVE-2026-92016 CVE-2026-92017 CVE-2026-92018 CVE-2026-92019 CVE-2026-92020 CVE-2026-92021 CVE-2026-92022 CVE-2026-92023 CVE-2026-92024 CVE-2026-92025 CVE-2026-92026 CVE-2026-92027 CVE-2026-92028 CVE-2026-92029 CVE-2026-92030 CVE-2026-92031 CVE-2026-92032 Multiple security issues have been found in the Mozilla Firefox web browser, which could potentially result in the execution of arbitrary code, information disclosure or privilege escalation.",DSA-6501-1,https://lists.debian.org/debian-security-announce/2026/msg00413.html,Information Disclosure,"Remote Code Execution, Privilege Escalation, Information Disclosure"
2026-09-16,tor,not yet available,"Multiple security vulnerabilities were discovered in Tor, a connection- based low-latency anonymous communication system, would could result in denial of service.",DSA-6500-1,https://lists.debian.org/debian-security-announce/2026/msg00412.html,Authentication Bypass,"Authentication Bypass, Cryptographic/Encryption Bypass, Spoofing, Denial of Service"
2026-09-16,tor,not yet available,"Multiple security vulnerabilities were discovered in Tor, a connection- based low-latency anonymous communication system, would could result in denial of service.",DSA-6500-1,https://lists.debian.org/debian-security-announce/2026/msg00412.html,Cryptographic/Encryption Bypass,"Authentication Bypass, Cryptographic/Encryption Bypass, Spoofing, Denial of Service"
2026-09-16,tor,not yet available,"Multiple security vulnerabilities were discovered in Tor, a connection- based low-latency anonymous communication system, would could result in denial of service.",DSA-6500-1,https://lists.debian.org/debian-security-announce/2026/msg00412.html,Spoofing,"Authentication Bypass, Cryptographic/Encryption Bypass, Spoofing, Denial of Service"
2026-09-16,tor,not yet available,"Multiple security vulnerabilities were discovered in Tor, a connection- based low-latency anonymous communication system, would could result in denial of service.",DSA-6500-1,https://lists.debian.org/debian-security-announce/2026/msg00412.html,Denial of Service,"Authentication Bypass, Cryptographic/Encryption Bypass, Spoofing, Denial of Service"
2026-09-16,nginx,not yet available,"The update for nginx released as DSA 6496-1 caused a regression in the nginx-dev package: the backported fix for CVE-2026-42533 declared two private header files, which are not shipped in nginx-dev, as dependencies of the module build, so third-party nginx modules could no longer be built against nginx-dev. Updated nginx packages are now available to correct this issue.",DSA-6496-2,https://lists.debian.org/debian-security-announce/2026/msg00411.html,Unclassified,Unclassified
2026-09-15,cjose,CVE-2026-53938 CVE-2026-53939,"Two vulnerabilities were discovered in cjose, a C library implementing the JOSE standard, which could result in denial of service, execution of arbitrary code or plain text recovery in specific setups.",DSA-6499-1,https://lists.debian.org/debian-security-announce/2026/msg00410.html,Command Injection,"Command Injection, Remote Code Execution, Denial of Service"
2026-09-15,cjose,CVE-2026-53938 CVE-2026-53939,"Two vulnerabilities were discovered in cjose, a C library implementing the JOSE standard, which could result in denial of service, execution of arbitrary code or plain text recovery in specific setups.",DSA-6499-1,https://lists.debian.org/debian-security-announce/2026/msg00410.html,Remote Code Execution,"Command Injection, Remote Code Execution, Denial of Service"
2026-09-15,cjose,CVE-2026-53938 CVE-2026-53939,"Two vulnerabilities were discovered in cjose, a C library implementing the JOSE standard, which could result in denial of service, execution of arbitrary code or plain text recovery in specific setups.",DSA-6499-1,https://lists.debian.org/debian-security-announce/2026/msg00410.html,Denial of Service,"Command Injection, Remote Code Execution, Denial of Service"
2026-09-14,network-manager-l2tp,CVE-2026-19624 CVE-2026-75131 CVE-2026-75883,Andres Berbescu discovered two vulnerabilities in the L2TP connection plugin for Network Manager which allowed a local user with permissions to create/activate personal VPN connections to escalate their privileges to root.,DSA-6498-1,https://lists.debian.org/debian-security-announce/2026/msg00409.html,Unclassified,Unclassified
2026-09-12,xorg-server,CVE-2026-55999 CVE-2026-56000,"Several vulnerabilities were discovered in the Xorg X server, which may result in privilege escalation if the X server is running privileged.",DSA-6497-1,https://lists.debian.org/debian-security-announce/2026/msg00408.html,Privilege Escalation,Privilege Escalation
2026-09-12,nginx,CVE-2026-42533 CVE-2026-56434 CVE-2026-60005,"Multiple vulnerabilities were discovered in nginx, a high-performance web and reverse proxy server, which may result in denial of service, memory disclosure or potentially the execution of arbitrary code. CVE-2026-42533 A heap buffer overflow was discovered in the nginx script engine. It can be triggered when a map directive performs regular expression matching and a string expression references captures modified by the map, or when non-cacheable variables change between the script length pass and the script copy pass. CVE-2026-56434 Duplicate finalization of an HTTP subrequest can result in a use-after-free. The issue is observable in configurations using server-side includes together with proxy_pass and proxy_buffering disabled, when an upstream response causes the same subrequest to be posted twice. CVE-2026-60005 ngx_http_regex_exec() could replace the captures array without clearing r->ncaptures when the new regular expression did not match. A subsequent unnamed capture could then access uninitialised memory, resulting in memory disclosure.",DSA-6496-1,https://lists.debian.org/debian-security-announce/2026/msg00407.html,Information Disclosure,"Information Disclosure, Remote Code Execution, Denial of Service, Server-Side Request Forgery"
2026-09-12,nginx,CVE-2026-42533 CVE-2026-56434 CVE-2026-60005,"Multiple vulnerabilities were discovered in nginx, a high-performance web and reverse proxy server, which may result in denial of service, memory disclosure or potentially the execution of arbitrary code. CVE-2026-42533 A heap buffer overflow was discovered in the nginx script engine. It can be triggered when a map directive performs regular expression matching and a string expression references captures modified by the map, or when non-cacheable variables change between the script length pass and the script copy pass. CVE-2026-56434 Duplicate finalization of an HTTP subrequest can result in a use-after-free. The issue is observable in configurations using server-side includes together with proxy_pass and proxy_buffering disabled, when an upstream response causes the same subrequest to be posted twice. CVE-2026-60005 ngx_http_regex_exec() could replace the captures array without clearing r->ncaptures when the new regular expression did not match. A subsequent unnamed capture could then access uninitialised memory, resulting in memory disclosure.",DSA-6496-1,https://lists.debian.org/debian-security-announce/2026/msg00407.html,Remote Code Execution,"Information Disclosure, Remote Code Execution, Denial of Service, Server-Side Request Forgery"
2026-09-12,nginx,CVE-2026-42533 CVE-2026-56434 CVE-2026-60005,"Multiple vulnerabilities were discovered in nginx, a high-performance web and reverse proxy server, which may result in denial of service, memory disclosure or potentially the execution of arbitrary code. CVE-2026-42533 A heap buffer overflow was discovered in the nginx script engine. It can be triggered when a map directive performs regular expression matching and a string expression references captures modified by the map, or when non-cacheable variables change between the script length pass and the script copy pass. CVE-2026-56434 Duplicate finalization of an HTTP subrequest can result in a use-after-free. The issue is observable in configurations using server-side includes together with proxy_pass and proxy_buffering disabled, when an upstream response causes the same subrequest to be posted twice. CVE-2026-60005 ngx_http_regex_exec() could replace the captures array without clearing r->ncaptures when the new regular expression did not match. A subsequent unnamed capture could then access uninitialised memory, resulting in memory disclosure.",DSA-6496-1,https://lists.debian.org/debian-security-announce/2026/msg00407.html,Denial of Service,"Information Disclosure, Remote Code Execution, Denial of Service, Server-Side Request Forgery"
2026-09-12,nginx,CVE-2026-42533 CVE-2026-56434 CVE-2026-60005,"Multiple vulnerabilities were discovered in nginx, a high-performance web and reverse proxy server, which may result in denial of service, memory disclosure or potentially the execution of arbitrary code. CVE-2026-42533 A heap buffer overflow was discovered in the nginx script engine. It can be triggered when a map directive performs regular expression matching and a string expression references captures modified by the map, or when non-cacheable variables change between the script length pass and the script copy pass. CVE-2026-56434 Duplicate finalization of an HTTP subrequest can result in a use-after-free. The issue is observable in configurations using server-side includes together with proxy_pass and proxy_buffering disabled, when an upstream response causes the same subrequest to be posted twice. CVE-2026-60005 ngx_http_regex_exec() could replace the captures array without clearing r->ncaptures when the new regular expression did not match. A subsequent unnamed capture could then access uninitialised memory, resulting in memory disclosure.",DSA-6496-1,https://lists.debian.org/debian-security-announce/2026/msg00407.html,Server-Side Request Forgery,"Information Disclosure, Remote Code Execution, Denial of Service, Server-Side Request Forgery"
2026-09-11,spip,not yet available,"Several vulnerabilities were discovered in SPIP, a website engine for publishing, which could result in unauthenticated remote code execution.",DSA-6495-1,https://lists.debian.org/debian-security-announce/2026/msg00406.html,Cross-Site Scripting,"Cross-Site Scripting, SQL Injection, Remote Code Execution, Spoofing, Server-Side Request Forgery"
2026-09-11,spip,not yet available,"Several vulnerabilities were discovered in SPIP, a website engine for publishing, which could result in unauthenticated remote code execution.",DSA-6495-1,https://lists.debian.org/debian-security-announce/2026/msg00406.html,SQL Injection,"Cross-Site Scripting, SQL Injection, Remote Code Execution, Spoofing, Server-Side Request Forgery"
2026-09-11,spip,not yet available,"Several vulnerabilities were discovered in SPIP, a website engine for publishing, which could result in unauthenticated remote code execution.",DSA-6495-1,https://lists.debian.org/debian-security-announce/2026/msg00406.html,Remote Code Execution,"Cross-Site Scripting, SQL Injection, Remote Code Execution, Spoofing, Server-Side Request Forgery"
2026-09-11,spip,not yet available,"Several vulnerabilities were discovered in SPIP, a website engine for publishing, which could result in unauthenticated remote code execution.",DSA-6495-1,https://lists.debian.org/debian-security-announce/2026/msg00406.html,Spoofing,"Cross-Site Scripting, SQL Injection, Remote Code Execution, Spoofing, Server-Side Request Forgery"
2026-09-11,spip,not yet available,"Several vulnerabilities were discovered in SPIP, a website engine for publishing, which could result in unauthenticated remote code execution.",DSA-6495-1,https://lists.debian.org/debian-security-announce/2026/msg00406.html,Server-Side Request Forgery,"Cross-Site Scripting, SQL Injection, Remote Code Execution, Spoofing, Server-Side Request Forgery"
2026-09-11,kamailio,CVE-2026-39863 CVE-2026-39864 CVE-2026-52022 CVE-2026-52023 CVE-2026-82608,"CVE-2026-52023 CVE-2026-82608 Multiple security vulnerabilities were discovered in the Kamailio SIP server, which could result in denial of service.",DSA-6494-1,https://lists.debian.org/debian-security-announce/2026/msg00405.html,Denial of Service,Denial of Service
2026-09-11,libevent,CVE-2026-63379 CVE-2026-63381 CVE-2026-63382 CVE-2026-63383 CVE-2026-63384 CVE-2026-63385 CVE-2026-63387 CVE-2026-63388,"CVE-2026-63384 CVE-2026-63385 CVE-2026-63387 CVE-2026-63388 Several vulnerabilities were discovered in libevent, an asynchronous event notification library. The HTTP implementation (evhttp) handled Transfer-Encoding and Content-Length headers, chunked-encoding line terminators, header line folding and chunked trailers too permissively, which could allow HTTP request smuggling, header injection or access control bypass when a libevent-based server or client is combined with an HTTP proxy. Out-of-bounds memory accesses in the DNS (evdns), tagged RPC (evtag/evrpc) and buffered socket (bufferevent) code, and a use-after-free in evbuffer, could result in denial of service or potentially the execution of arbitrary code when processing untrusted input.",DSA-6493-1,https://lists.debian.org/debian-security-announce/2026/msg00404.html,Denial of Service,"Denial of Service, Header Injection, Authorization/Access Control Bypass, Request Smuggling, Remote Code Execution"
2026-09-11,libevent,CVE-2026-63379 CVE-2026-63381 CVE-2026-63382 CVE-2026-63383 CVE-2026-63384 CVE-2026-63385 CVE-2026-63387 CVE-2026-63388,"CVE-2026-63384 CVE-2026-63385 CVE-2026-63387 CVE-2026-63388 Several vulnerabilities were discovered in libevent, an asynchronous event notification library. The HTTP implementation (evhttp) handled Transfer-Encoding and Content-Length headers, chunked-encoding line terminators, header line folding and chunked trailers too permissively, which could allow HTTP request smuggling, header injection or access control bypass when a libevent-based server or client is combined with an HTTP proxy. Out-of-bounds memory accesses in the DNS (evdns), tagged RPC (evtag/evrpc) and buffered socket (bufferevent) code, and a use-after-free in evbuffer, could result in denial of service or potentially the execution of arbitrary code when processing untrusted input.",DSA-6493-1,https://lists.debian.org/debian-security-announce/2026/msg00404.html,Header Injection,"Denial of Service, Header Injection, Authorization/Access Control Bypass, Request Smuggling, Remote Code Execution"
2026-09-11,libevent,CVE-2026-63379 CVE-2026-63381 CVE-2026-63382 CVE-2026-63383 CVE-2026-63384 CVE-2026-63385 CVE-2026-63387 CVE-2026-63388,"CVE-2026-63384 CVE-2026-63385 CVE-2026-63387 CVE-2026-63388 Several vulnerabilities were discovered in libevent, an asynchronous event notification library. The HTTP implementation (evhttp) handled Transfer-Encoding and Content-Length headers, chunked-encoding line terminators, header line folding and chunked trailers too permissively, which could allow HTTP request smuggling, header injection or access control bypass when a libevent-based server or client is combined with an HTTP proxy. Out-of-bounds memory accesses in the DNS (evdns), tagged RPC (evtag/evrpc) and buffered socket (bufferevent) code, and a use-after-free in evbuffer, could result in denial of service or potentially the execution of arbitrary code when processing untrusted input.",DSA-6493-1,https://lists.debian.org/debian-security-announce/2026/msg00404.html,Authorization/Access Control Bypass,"Denial of Service, Header Injection, Authorization/Access Control Bypass, Request Smuggling, Remote Code Execution"
2026-09-11,libevent,CVE-2026-63379 CVE-2026-63381 CVE-2026-63382 CVE-2026-63383 CVE-2026-63384 CVE-2026-63385 CVE-2026-63387 CVE-2026-63388,"CVE-2026-63384 CVE-2026-63385 CVE-2026-63387 CVE-2026-63388 Several vulnerabilities were discovered in libevent, an asynchronous event notification library. The HTTP implementation (evhttp) handled Transfer-Encoding and Content-Length headers, chunked-encoding line terminators, header line folding and chunked trailers too permissively, which could allow HTTP request smuggling, header injection or access control bypass when a libevent-based server or client is combined with an HTTP proxy. Out-of-bounds memory accesses in the DNS (evdns), tagged RPC (evtag/evrpc) and buffered socket (bufferevent) code, and a use-after-free in evbuffer, could result in denial of service or potentially the execution of arbitrary code when processing untrusted input.",DSA-6493-1,https://lists.debian.org/debian-security-announce/2026/msg00404.html,Request Smuggling,"Denial of Service, Header Injection, Authorization/Access Control Bypass, Request Smuggling, Remote Code Execution"
2026-09-11,libevent,CVE-2026-63379 CVE-2026-63381 CVE-2026-63382 CVE-2026-63383 CVE-2026-63384 CVE-2026-63385 CVE-2026-63387 CVE-2026-63388,"CVE-2026-63384 CVE-2026-63385 CVE-2026-63387 CVE-2026-63388 Several vulnerabilities were discovered in libevent, an asynchronous event notification library. The HTTP implementation (evhttp) handled Transfer-Encoding and Content-Length headers, chunked-encoding line terminators, header line folding and chunked trailers too permissively, which could allow HTTP request smuggling, header injection or access control bypass when a libevent-based server or client is combined with an HTTP proxy. Out-of-bounds memory accesses in the DNS (evdns), tagged RPC (evtag/evrpc) and buffered socket (bufferevent) code, and a use-after-free in evbuffer, could result in denial of service or potentially the execution of arbitrary code when processing untrusted input.",DSA-6493-1,https://lists.debian.org/debian-security-announce/2026/msg00404.html,Remote Code Execution,"Denial of Service, Header Injection, Authorization/Access Control Bypass, Request Smuggling, Remote Code Execution"
2026-09-10,ruby-rack,CVE-2026-26961 CVE-2026-26962 CVE-2026-32762 CVE-2026-34230 CVE-2026-34763 CVE-2026-34785 CVE-2026-34786 CVE-2026-34826 CVE-2026-34827 CVE-2026-34829 CVE-2026-34830 CVE-2026-34831 CVE-2026-34835,"CVE-2026-34230 CVE-2026-34763 CVE-2026-34785 CVE-2026-34786 CVE-2026-34826 CVE-2026-34827 CVE-2026-34829 CVE-2026-34830 CVE-2026-34831 CVE-2026-34835 Multiple security issues were found in Rack, an interface for developing web applications in Ruby, which could result in denial of service, information disclosure, spoofing or bypass of access restrictions.",DSA-6492-1,https://lists.debian.org/debian-security-announce/2026/msg00403.html,Spoofing,"Spoofing, Remote Code Execution, Information Disclosure, Denial of Service"
2026-09-10,ruby-rack,CVE-2026-26961 CVE-2026-26962 CVE-2026-32762 CVE-2026-34230 CVE-2026-34763 CVE-2026-34785 CVE-2026-34786 CVE-2026-34826 CVE-2026-34827 CVE-2026-34829 CVE-2026-34830 CVE-2026-34831 CVE-2026-34835,"CVE-2026-34230 CVE-2026-34763 CVE-2026-34785 CVE-2026-34786 CVE-2026-34826 CVE-2026-34827 CVE-2026-34829 CVE-2026-34830 CVE-2026-34831 CVE-2026-34835 Multiple security issues were found in Rack, an interface for developing web applications in Ruby, which could result in denial of service, information disclosure, spoofing or bypass of access restrictions.",DSA-6492-1,https://lists.debian.org/debian-security-announce/2026/msg00403.html,Remote Code Execution,"Spoofing, Remote Code Execution, Information Disclosure, Denial of Service"
2026-09-10,ruby-rack,CVE-2026-26961 CVE-2026-26962 CVE-2026-32762 CVE-2026-34230 CVE-2026-34763 CVE-2026-34785 CVE-2026-34786 CVE-2026-34826 CVE-2026-34827 CVE-2026-34829 CVE-2026-34830 CVE-2026-34831 CVE-2026-34835,"CVE-2026-34230 CVE-2026-34763 CVE-2026-34785 CVE-2026-34786 CVE-2026-34826 CVE-2026-34827 CVE-2026-34829 CVE-2026-34830 CVE-2026-34831 CVE-2026-34835 Multiple security issues were found in Rack, an interface for developing web applications in Ruby, which could result in denial of service, information disclosure, spoofing or bypass of access restrictions.",DSA-6492-1,https://lists.debian.org/debian-security-announce/2026/msg00403.html,Information Disclosure,"Spoofing, Remote Code Execution, Information Disclosure, Denial of Service"
2026-09-10,ruby-rack,CVE-2026-26961 CVE-2026-26962 CVE-2026-32762 CVE-2026-34230 CVE-2026-34763 CVE-2026-34785 CVE-2026-34786 CVE-2026-34826 CVE-2026-34827 CVE-2026-34829 CVE-2026-34830 CVE-2026-34831 CVE-2026-34835,"CVE-2026-34230 CVE-2026-34763 CVE-2026-34785 CVE-2026-34786 CVE-2026-34826 CVE-2026-34827 CVE-2026-34829 CVE-2026-34830 CVE-2026-34831 CVE-2026-34835 Multiple security issues were found in Rack, an interface for developing web applications in Ruby, which could result in denial of service, information disclosure, spoofing or bypass of access restrictions.",DSA-6492-1,https://lists.debian.org/debian-security-announce/2026/msg00403.html,Denial of Service,"Spoofing, Remote Code Execution, Information Disclosure, Denial of Service"
2026-09-09,slurm-wlm,CVE-2026-65107 CVE-2026-65108 CVE-2026-65109 CVE-2026-65138 CVE-2026-65139 CVE-2026-65140 CVE-2026-65165,"CVE-2026-65139 CVE-2026-65140 CVE-2026-65165 Several vulnerabilities were discovered in the Slurm Workload Manager, a cluster resource management and job scheduling system, which may result in privilege escalation, SQL injection in the accounting database, deletion of files outside the container spool directory, bypass of credential verification for shared objects transferred with sbcast, or denial of service.",DSA-6491-1,https://lists.debian.org/debian-security-announce/2026/msg00402.html,SQL Injection,"SQL Injection, Privilege Escalation, Denial of Service"
2026-09-09,slurm-wlm,CVE-2026-65107 CVE-2026-65108 CVE-2026-65109 CVE-2026-65138 CVE-2026-65139 CVE-2026-65140 CVE-2026-65165,"CVE-2026-65139 CVE-2026-65140 CVE-2026-65165 Several vulnerabilities were discovered in the Slurm Workload Manager, a cluster resource management and job scheduling system, which may result in privilege escalation, SQL injection in the accounting database, deletion of files outside the container spool directory, bypass of credential verification for shared objects transferred with sbcast, or denial of service.",DSA-6491-1,https://lists.debian.org/debian-security-announce/2026/msg00402.html,Privilege Escalation,"SQL Injection, Privilege Escalation, Denial of Service"
2026-09-09,slurm-wlm,CVE-2026-65107 CVE-2026-65108 CVE-2026-65109 CVE-2026-65138 CVE-2026-65139 CVE-2026-65140 CVE-2026-65165,"CVE-2026-65139 CVE-2026-65140 CVE-2026-65165 Several vulnerabilities were discovered in the Slurm Workload Manager, a cluster resource management and job scheduling system, which may result in privilege escalation, SQL injection in the accounting database, deletion of files outside the container spool directory, bypass of credential verification for shared objects transferred with sbcast, or denial of service.",DSA-6491-1,https://lists.debian.org/debian-security-announce/2026/msg00402.html,Denial of Service,"SQL Injection, Privilege Escalation, Denial of Service"
2026-09-08,gst-plugins-base1.0,CVE-2026-18297,"An buffer overflow was discovered in the OPUS audio decoder of the GStreamer media framework, which may result in denial of service or potentially the execution of arbitrary code if a malformed audio file is processed.",DSA-6489-1,https://lists.debian.org/debian-security-announce/2026/msg00400.html,Remote Code Execution,"Remote Code Execution, Denial of Service"
2026-09-08,gst-plugins-base1.0,CVE-2026-18297,"An buffer overflow was discovered in the OPUS audio decoder of the GStreamer media framework, which may result in denial of service or potentially the execution of arbitrary code if a malformed audio file is processed.",DSA-6489-1,https://lists.debian.org/debian-security-announce/2026/msg00400.html,Denial of Service,"Remote Code Execution, Denial of Service"
2026-09-08,fort-validator,CVE-2026-53499,"Qi Wang and Jianjun Chen discovered that FORT validator, a RPKI validation service, performed incomplete validation of RRDP notifications, which could result in denial of service via cache poisoning. For additional details please refer to the upstream advisory at https://github.com/NICMx/FORT-validator/security/advisories/GHSA-qfm3-577x-rh54",DSA-6490-1,https://lists.debian.org/debian-security-announce/2026/msg00401.html,Denial of Service,Denial of Service
2026-09-07,jbig2dec,CVE-2026-38076,It was discovered that missing input sanitising in the JBIG2 decoder library could result in denial of service.,DSA-6488-1,https://lists.debian.org/debian-security-announce/2026/msg00399.html,Denial of Service,Denial of Service
2026-09-06,strongswan,CVE-2026-78123 CVE-2026-78124 CVE-2026-78126 CVE-2026-78127 CVE-2026-78129 CVE-2026-78130 CVE-2026-78131 CVE-2026-78132 CVE-2026-78133 CVE-2026-78134 CVE-2026-78135,"CVE-2026-78129 CVE-2026-78130 CVE-2026-78131 CVE-2026-78132 CVE-2026-78133 CVE-2026-78134 CVE-2026-78135 Multiple vulnerabilities were found in strongSwan, an IKE/IPsec suite. CVE-2026-78123 An undefined memory access vulnerability in the openssl plugin when handling PKCS#7 containers, that can result in a crash. CVE-2026-78124 A memory leak in the openssl plugin during the enumeration of certificates in PKCS#7 containers. CVE-2026-78126 A NULL-pointer dereference vulnerability in the eap-aka plugin when processing an unexpected AKA-Synchronization-Failure message, that can result in a crash. CVE-2026-78127 Memory leak in libcharon message stringification during the logging of IKE messages, that can result in a denial of service via memory exhaustion. CVE-2026-78129 An unbounded iteration in libstrongswan when decrypting encrypted PKCS#7 containers, that can result in a denial of service. CVE-2026-78130 A NULL-Pointer dereference vulnerability in the x509 plugin during the verification of X.509 attribute certificates, that can lead to a denial of service. CVE-2026-78131 A memory leak in the x509 plugin during the parsing of identities in X.509 attribute certificates, that can lead to a denial of service. CVE-2026-78132 An infinite loop vulnerability in the x509 plugin when parsing the ietfAttrSyntax ASN.1 type in X.509 attribute certificates, that can lead to a denial of service. CVE-2026-78133 A vulnerability in libcharon when handling IKEv2 rekeying collisions, that can result in a use-after-free and potentially remote code execution. CVE-2026-78134 A vulnerability in the eap-peap and eap-ttls plugins in the propagation of authentication details from inner EAP methods. Missing Inner EAP authentication details can result in incorrect identity binding and potential authorization bypass. CVE-2026-78135 A vulnerability in libcharon when handling CREATE_CHILD_SA requests on unestablished IKE SAs strongSwan, that can result in the creation of a usable Child SA before authentication completes.",DSA-6487-1,https://lists.debian.org/debian-security-announce/2026/msg00398.html,Authorization/Access Control Bypass,"Authorization/Access Control Bypass, Remote Code Execution, Denial of Service"
2026-09-06,strongswan,CVE-2026-78123 CVE-2026-78124 CVE-2026-78126 CVE-2026-78127 CVE-2026-78129 CVE-2026-78130 CVE-2026-78131 CVE-2026-78132 CVE-2026-78133 CVE-2026-78134 CVE-2026-78135,"CVE-2026-78129 CVE-2026-78130 CVE-2026-78131 CVE-2026-78132 CVE-2026-78133 CVE-2026-78134 CVE-2026-78135 Multiple vulnerabilities were found in strongSwan, an IKE/IPsec suite. CVE-2026-78123 An undefined memory access vulnerability in the openssl plugin when handling PKCS#7 containers, that can result in a crash. CVE-2026-78124 A memory leak in the openssl plugin during the enumeration of certificates in PKCS#7 containers. CVE-2026-78126 A NULL-pointer dereference vulnerability in the eap-aka plugin when processing an unexpected AKA-Synchronization-Failure message, that can result in a crash. CVE-2026-78127 Memory leak in libcharon message stringification during the logging of IKE messages, that can result in a denial of service via memory exhaustion. CVE-2026-78129 An unbounded iteration in libstrongswan when decrypting encrypted PKCS#7 containers, that can result in a denial of service. CVE-2026-78130 A NULL-Pointer dereference vulnerability in the x509 plugin during the verification of X.509 attribute certificates, that can lead to a denial of service. CVE-2026-78131 A memory leak in the x509 plugin during the parsing of identities in X.509 attribute certificates, that can lead to a denial of service. CVE-2026-78132 An infinite loop vulnerability in the x509 plugin when parsing the ietfAttrSyntax ASN.1 type in X.509 attribute certificates, that can lead to a denial of service. CVE-2026-78133 A vulnerability in libcharon when handling IKEv2 rekeying collisions, that can result in a use-after-free and potentially remote code execution. CVE-2026-78134 A vulnerability in the eap-peap and eap-ttls plugins in the propagation of authentication details from inner EAP methods. Missing Inner EAP authentication details can result in incorrect identity binding and potential authorization bypass. CVE-2026-78135 A vulnerability in libcharon when handling CREATE_CHILD_SA requests on unestablished IKE SAs strongSwan, that can result in the creation of a usable Child SA before authentication completes.",DSA-6487-1,https://lists.debian.org/debian-security-announce/2026/msg00398.html,Remote Code Execution,"Authorization/Access Control Bypass, Remote Code Execution, Denial of Service"
2026-09-06,strongswan,CVE-2026-78123 CVE-2026-78124 CVE-2026-78126 CVE-2026-78127 CVE-2026-78129 CVE-2026-78130 CVE-2026-78131 CVE-2026-78132 CVE-2026-78133 CVE-2026-78134 CVE-2026-78135,"CVE-2026-78129 CVE-2026-78130 CVE-2026-78131 CVE-2026-78132 CVE-2026-78133 CVE-2026-78134 CVE-2026-78135 Multiple vulnerabilities were found in strongSwan, an IKE/IPsec suite. CVE-2026-78123 An undefined memory access vulnerability in the openssl plugin when handling PKCS#7 containers, that can result in a crash. CVE-2026-78124 A memory leak in the openssl plugin during the enumeration of certificates in PKCS#7 containers. CVE-2026-78126 A NULL-pointer dereference vulnerability in the eap-aka plugin when processing an unexpected AKA-Synchronization-Failure message, that can result in a crash. CVE-2026-78127 Memory leak in libcharon message stringification during the logging of IKE messages, that can result in a denial of service via memory exhaustion. CVE-2026-78129 An unbounded iteration in libstrongswan when decrypting encrypted PKCS#7 containers, that can result in a denial of service. CVE-2026-78130 A NULL-Pointer dereference vulnerability in the x509 plugin during the verification of X.509 attribute certificates, that can lead to a denial of service. CVE-2026-78131 A memory leak in the x509 plugin during the parsing of identities in X.509 attribute certificates, that can lead to a denial of service. CVE-2026-78132 An infinite loop vulnerability in the x509 plugin when parsing the ietfAttrSyntax ASN.1 type in X.509 attribute certificates, that can lead to a denial of service. CVE-2026-78133 A vulnerability in libcharon when handling IKEv2 rekeying collisions, that can result in a use-after-free and potentially remote code execution. CVE-2026-78134 A vulnerability in the eap-peap and eap-ttls plugins in the propagation of authentication details from inner EAP methods. Missing Inner EAP authentication details can result in incorrect identity binding and potential authorization bypass. CVE-2026-78135 A vulnerability in libcharon when handling CREATE_CHILD_SA requests on unestablished IKE SAs strongSwan, that can result in the creation of a usable Child SA before authentication completes.",DSA-6487-1,https://lists.debian.org/debian-security-announce/2026/msg00398.html,Denial of Service,"Authorization/Access Control Bypass, Remote Code Execution, Denial of Service"
2026-09-06,libde265,CVE-2026-33164 CVE-2026-33165,"Two security issues were discovered in libde265, an implementation of the H.265 video codec which may result in denial of service or potentially the execution of arbitrary code if a malformed media file is processed.",DSA-6486-1,https://lists.debian.org/debian-security-announce/2026/msg00397.html,Remote Code Execution,"Remote Code Execution, Denial of Service"
2026-09-06,libde265,CVE-2026-33164 CVE-2026-33165,"Two security issues were discovered in libde265, an implementation of the H.265 video codec which may result in denial of service or potentially the execution of arbitrary code if a malformed media file is processed.",DSA-6486-1,https://lists.debian.org/debian-security-announce/2026/msg00397.html,Denial of Service,"Remote Code Execution, Denial of Service"
2026-09-06,tryton-server,not yet available,"Two security vulnerabilities were discovered in the server of the Tryton application platform, which could lead to arbitrary command execution via malformed email/report templates.",DSA-6485-1,https://lists.debian.org/debian-security-announce/2026/msg00396.html,Command Injection,"Command Injection, Remote Code Execution, Sandbox Escape, Server-Side Request Forgery"
2026-09-06,tryton-server,not yet available,"Two security vulnerabilities were discovered in the server of the Tryton application platform, which could lead to arbitrary command execution via malformed email/report templates.",DSA-6485-1,https://lists.debian.org/debian-security-announce/2026/msg00396.html,Remote Code Execution,"Command Injection, Remote Code Execution, Sandbox Escape, Server-Side Request Forgery"
2026-09-06,tryton-server,not yet available,"Two security vulnerabilities were discovered in the server of the Tryton application platform, which could lead to arbitrary command execution via malformed email/report templates.",DSA-6485-1,https://lists.debian.org/debian-security-announce/2026/msg00396.html,Sandbox Escape,"Command Injection, Remote Code Execution, Sandbox Escape, Server-Side Request Forgery"
2026-09-06,tryton-server,not yet available,"Two security vulnerabilities were discovered in the server of the Tryton application platform, which could lead to arbitrary command execution via malformed email/report templates.",DSA-6485-1,https://lists.debian.org/debian-security-announce/2026/msg00396.html,Server-Side Request Forgery,"Command Injection, Remote Code Execution, Sandbox Escape, Server-Side Request Forgery"
2026-09-05,chromium,CVE-2026-85042 CVE-2026-85043 CVE-2026-85044 CVE-2026-85045 CVE-2026-85046 CVE-2026-85047 CVE-2026-85048 CVE-2026-85049 CVE-2026-85050 CVE-2026-85051 CVE-2026-85052 CVE-2026-85053,"CVE-2026-85046 CVE-2026-85047 CVE-2026-85048 CVE-2026-85049 CVE-2026-85050 CVE-2026-85051 CVE-2026-85052 CVE-2026-85053 Security issues were discovered in Chromium which could result in the execution of arbitrary code, denial of service, or information disclosure.",DSA-6484-1,https://lists.debian.org/debian-security-announce/2026/msg00395.html,Remote Code Execution,"Remote Code Execution, Information Disclosure, Denial of Service"
2026-09-05,chromium,CVE-2026-85042 CVE-2026-85043 CVE-2026-85044 CVE-2026-85045 CVE-2026-85046 CVE-2026-85047 CVE-2026-85048 CVE-2026-85049 CVE-2026-85050 CVE-2026-85051 CVE-2026-85052 CVE-2026-85053,"CVE-2026-85046 CVE-2026-85047 CVE-2026-85048 CVE-2026-85049 CVE-2026-85050 CVE-2026-85051 CVE-2026-85052 CVE-2026-85053 Security issues were discovered in Chromium which could result in the execution of arbitrary code, denial of service, or information disclosure.",DSA-6484-1,https://lists.debian.org/debian-security-announce/2026/msg00395.html,Information Disclosure,"Remote Code Execution, Information Disclosure, Denial of Service"
2026-09-05,chromium,CVE-2026-85042 CVE-2026-85043 CVE-2026-85044 CVE-2026-85045 CVE-2026-85046 CVE-2026-85047 CVE-2026-85048 CVE-2026-85049 CVE-2026-85050 CVE-2026-85051 CVE-2026-85052 CVE-2026-85053,"CVE-2026-85046 CVE-2026-85047 CVE-2026-85048 CVE-2026-85049 CVE-2026-85050 CVE-2026-85051 CVE-2026-85052 CVE-2026-85053 Security issues were discovered in Chromium which could result in the execution of arbitrary code, denial of service, or information disclosure.",DSA-6484-1,https://lists.debian.org/debian-security-announce/2026/msg00395.html,Denial of Service,"Remote Code Execution, Information Disclosure, Denial of Service"
2026-09-04,thunderbird,CVE-2026-16365 CVE-2026-16371 CVE-2026-75874 CVE-2026-84119 CVE-2026-84120 CVE-2026-84121 CVE-2026-84122 CVE-2026-84124 CVE-2026-84131 CVE-2026-84143 CVE-2026-84145 CVE-2026-84639 CVE-2026-84640 CVE-2026-84641,"CVE-2026-84120 CVE-2026-84121 CVE-2026-84122 CVE-2026-84124 CVE-2026-84131 CVE-2026-84143 CVE-2026-84145 CVE-2026-84639 CVE-2026-84640 CVE-2026-84641 Multiple security issues were discovered in Thunderbird, which could result in the execution of arbitrary code or information disclosure.",DSA-6483-1,https://lists.debian.org/debian-security-announce/2026/msg00394.html,Remote Code Execution,"Remote Code Execution, Information Disclosure"
2026-09-04,thunderbird,CVE-2026-16365 CVE-2026-16371 CVE-2026-75874 CVE-2026-84119 CVE-2026-84120 CVE-2026-84121 CVE-2026-84122 CVE-2026-84124 CVE-2026-84131 CVE-2026-84143 CVE-2026-84145 CVE-2026-84639 CVE-2026-84640 CVE-2026-84641,"CVE-2026-84120 CVE-2026-84121 CVE-2026-84122 CVE-2026-84124 CVE-2026-84131 CVE-2026-84143 CVE-2026-84145 CVE-2026-84639 CVE-2026-84640 CVE-2026-84641 Multiple security issues were discovered in Thunderbird, which could result in the execution of arbitrary code or information disclosure.",DSA-6483-1,https://lists.debian.org/debian-security-announce/2026/msg00394.html,Information Disclosure,"Remote Code Execution, Information Disclosure"
2026-09-03,chromium,CVE-2026-78891 CVE-2026-78892 CVE-2026-78893 CVE-2026-78894 CVE-2026-78895 CVE-2026-78896 CVE-2026-78897 CVE-2026-78898 CVE-2026-78899 CVE-2026-78900 CVE-2026-78901 CVE-2026-78903 CVE-2026-78904 CVE-2026-78905 CVE-2026-78906 CVE-2026-78907 CVE-2026-78908 CVE-2026-78909 CVE-2026-78910 CVE-2026-78911 CVE-2026-78912 CVE-2026-78913 CVE-2026-78914 CVE-2026-78915 CVE-2026-78934 CVE-2026-78935 CVE-2026-78936 CVE-2026-78937 CVE-2026-78938 CVE-2026-78939 CVE-2026-78940 CVE-2026-78941 CVE-2026-78942 CVE-2026-78943 CVE-2026-78944 CVE-2026-78945 CVE-2026-78946 CVE-2026-78947 CVE-2026-78948 CVE-2026-78949 CVE-2026-78950 CVE-2026-78951 CVE-2026-78952 CVE-2026-78953 CVE-2026-78954 CVE-2026-78955 CVE-2026-78956 CVE-2026-78957 CVE-2026-78958 CVE-2026-78959 CVE-2026-78960 CVE-2026-78961 CVE-2026-78962 CVE-2026-78963 CVE-2026-78964 CVE-2026-78965 CVE-2026-78966 CVE-2026-78967 CVE-2026-78968 CVE-2026-78969 CVE-2026-78974 CVE-2026-78975 CVE-2026-78976 CVE-2026-78977 CVE-2026-78978 CVE-2026-78979 CVE-2026-78980 CVE-2026-78981 CVE-2026-78983 CVE-2026-78984 CVE-2026-78985 CVE-2026-78986 CVE-2026-78987 CVE-2026-78989 CVE-2026-78990 CVE-2026-78991 CVE-2026-78999 CVE-2026-79000 CVE-2026-79001 CVE-2026-79002 CVE-2026-79003 CVE-2026-79004 CVE-2026-79005 CVE-2026-79006 CVE-2026-79007 CVE-2026-79008 CVE-2026-79009 CVE-2026-79010 CVE-2026-79011 CVE-2026-79012 CVE-2026-79013 CVE-2026-79014 CVE-2026-79015 CVE-2026-79016 CVE-2026-79017 CVE-2026-79018 CVE-2026-79019 CVE-2026-79020 CVE-2026-79021 CVE-2026-79022 CVE-2026-79023 CVE-2026-79024 CVE-2026-79025 CVE-2026-79026 CVE-2026-79027 CVE-2026-79028 CVE-2026-79030 CVE-2026-79031 CVE-2026-79032 CVE-2026-79033 CVE-2026-79034 CVE-2026-79038 CVE-2026-79039 CVE-2026-79040 CVE-2026-79041 CVE-2026-79042 CVE-2026-79043 CVE-2026-79044 CVE-2026-79045 CVE-2026-79046 CVE-2026-79047 CVE-2026-79048 CVE-2026-79049 CVE-2026-79050 CVE-2026-79051 CVE-2026-79052 CVE-2026-79053 CVE-2026-79054 CVE-2026-79055 CVE-2026-79056 CVE-2026-79057 CVE-2026-79058 CVE-2026-79059 CVE-2026-79060 CVE-2026-79064 CVE-2026-79065 CVE-2026-79066 CVE-2026-79067 CVE-2026-79068 CVE-2026-79069 CVE-2026-79070 CVE-2026-79071 CVE-2026-79072 CVE-2026-79073 CVE-2026-79074 CVE-2026-79075 CVE-2026-79076 CVE-2026-79077 CVE-2026-79078 CVE-2026-79082 CVE-2026-79083 CVE-2026-79084 CVE-2026-79085 CVE-2026-79086 CVE-2026-79087 CVE-2026-79088 CVE-2026-79089 CVE-2026-79090 CVE-2026-79091 CVE-2026-79093 CVE-2026-79094 CVE-2026-79095 CVE-2026-79097 CVE-2026-79098 CVE-2026-79099 CVE-2026-79103 CVE-2026-79104 CVE-2026-79105 CVE-2026-79106 CVE-2026-79107 CVE-2026-79108 CVE-2026-79109 CVE-2026-79110 CVE-2026-79111 CVE-2026-79112 CVE-2026-79116 CVE-2026-79117 CVE-2026-79118 CVE-2026-79119 CVE-2026-79120 CVE-2026-79121 CVE-2026-79122 CVE-2026-79123 CVE-2026-79124 CVE-2026-79125 CVE-2026-79126 CVE-2026-79127 CVE-2026-79128 CVE-2026-79129 CVE-2026-79130 CVE-2026-79131 CVE-2026-79132 CVE-2026-79133 CVE-2026-79134 CVE-2026-79136 CVE-2026-79137 CVE-2026-79138 CVE-2026-79139 CVE-2026-79140 CVE-2026-79141 CVE-2026-79142 CVE-2026-79143 CVE-2026-79144 CVE-2026-79146 CVE-2026-79147 CVE-2026-79148 CVE-2026-79149 CVE-2026-79150 CVE-2026-79151 CVE-2026-79152 CVE-2026-79154 CVE-2026-79155 CVE-2026-79173 CVE-2026-79174 CVE-2026-79175 CVE-2026-79176 CVE-2026-79177 CVE-2026-79178 CVE-2026-79179 CVE-2026-79180 CVE-2026-79181 CVE-2026-79182 CVE-2026-79183 CVE-2026-79184 CVE-2026-79185 CVE-2026-79186 CVE-2026-79187 CVE-2026-79188 CVE-2026-79189 CVE-2026-79190 CVE-2026-79191 CVE-2026-79192 CVE-2026-79193 CVE-2026-79194 CVE-2026-79195 CVE-2026-79196 CVE-2026-79197 CVE-2026-79198 CVE-2026-79199 CVE-2026-79200 CVE-2026-79201 CVE-2026-79202 CVE-2026-79203 CVE-2026-79204 CVE-2026-79205 CVE-2026-79206 CVE-2026-79207 CVE-2026-79208 CVE-2026-79209 CVE-2026-79210 CVE-2026-79211 CVE-2026-79212 CVE-2026-79213 CVE-2026-79214 CVE-2026-79215 CVE-2026-79216 CVE-2026-79217 CVE-2026-79218 CVE-2026-79219 CVE-2026-79220 CVE-2026-79221 CVE-2026-79222 CVE-2026-79223 CVE-2026-79224 CVE-2026-79225 CVE-2026-79226 CVE-2026-79227 CVE-2026-79228 CVE-2026-79229 CVE-2026-79230 CVE-2026-79231 CVE-2026-79232 CVE-2026-79233 CVE-2026-79234 CVE-2026-79235 CVE-2026-79236 CVE-2026-79237 CVE-2026-79238 CVE-2026-79239 CVE-2026-79240 CVE-2026-79241 CVE-2026-79242 CVE-2026-79243 CVE-2026-79244 CVE-2026-79245 CVE-2026-79246 CVE-2026-79247 CVE-2026-79248 CVE-2026-79249 CVE-2026-79250 CVE-2026-79251 CVE-2026-79252 CVE-2026-79253 CVE-2026-79254 CVE-2026-79255 CVE-2026-79256 CVE-2026-79257 CVE-2026-79258 CVE-2026-79259 CVE-2026-79260 CVE-2026-79261 CVE-2026-79262 CVE-2026-79263 CVE-2026-79264 CVE-2026-79265 CVE-2026-79266 CVE-2026-79267 CVE-2026-79269 CVE-2026-79270 CVE-2026-79271 CVE-2026-79272 CVE-2026-79273 CVE-2026-79274 CVE-2026-79275 CVE-2026-79276 CVE-2026-79282 CVE-2026-79283 CVE-2026-79284 CVE-2026-79285 CVE-2026-79286 CVE-2026-79287 CVE-2026-79288 CVE-2026-79289 CVE-2026-79290 CVE-2026-79291 CVE-2026-79292 CVE-2026-79293 CVE-2026-84323 CVE-2026-84324 CVE-2026-84325 CVE-2026-84326 CVE-2026-84327 CVE-2026-84328 CVE-2026-84329 CVE-2026-84330 CVE-2026-84331 CVE-2026-84332 CVE-2026-84333 CVE-2026-84334 CVE-2026-84335 CVE-2026-84347 CVE-2026-84348 CVE-2026-84349 CVE-2026-84350 CVE-2026-84351 CVE-2026-84352 CVE-2026-84353 CVE-2026-84354 CVE-2026-84355 CVE-2026-84356 CVE-2026-84357 CVE-2026-84358 CVE-2026-84359,"CVE-2026-78895 CVE-2026-78896 CVE-2026-78897 CVE-2026-78898 CVE-2026-78899 CVE-2026-78900 CVE-2026-78901 CVE-2026-78903 CVE-2026-78904 CVE-2026-78905 CVE-2026-78906 CVE-2026-78907 CVE-2026-78908 CVE-2026-78909 CVE-2026-78910 CVE-2026-78911 CVE-2026-78912 CVE-2026-78913 CVE-2026-78914 CVE-2026-78915 CVE-2026-78934 CVE-2026-78935 CVE-2026-78936 CVE-2026-78937 CVE-2026-78938 CVE-2026-78939 CVE-2026-78940 CVE-2026-78941 CVE-2026-78942 CVE-2026-78943 CVE-2026-78944 CVE-2026-78945 CVE-2026-78946 CVE-2026-78947 CVE-2026-78948 CVE-2026-78949 CVE-2026-78950 CVE-2026-78951 CVE-2026-78952 CVE-2026-78953 CVE-2026-78954 CVE-2026-78955 CVE-2026-78956 CVE-2026-78957 CVE-2026-78958 CVE-2026-78959 CVE-2026-78960 CVE-2026-78961 CVE-2026-78962 CVE-2026-78963 CVE-2026-78964 CVE-2026-78965 CVE-2026-78966 CVE-2026-78967 CVE-2026-78968 CVE-2026-78969 CVE-2026-78974 CVE-2026-78975 CVE-2026-78976 CVE-2026-78977 CVE-2026-78978 CVE-2026-78979 CVE-2026-78980 CVE-2026-78981 CVE-2026-78983 CVE-2026-78984 CVE-2026-78985 CVE-2026-78986 CVE-2026-78987 CVE-2026-78989 CVE-2026-78990 CVE-2026-78991 CVE-2026-78999 CVE-2026-79000 CVE-2026-79001 CVE-2026-79002 CVE-2026-79003 CVE-2026-79004 CVE-2026-79005 CVE-2026-79006 CVE-2026-79007 CVE-2026-79008 CVE-2026-79009 CVE-2026-79010 CVE-2026-79011 CVE-2026-79012 CVE-2026-79013 CVE-2026-79014 CVE-2026-79015 CVE-2026-79016 CVE-2026-79017 CVE-2026-79018 CVE-2026-79019 CVE-2026-79020 CVE-2026-79021 CVE-2026-79022 CVE-2026-79023 CVE-2026-79024 CVE-2026-79025 CVE-2026-79026 CVE-2026-79027 CVE-2026-79028 CVE-2026-79030 CVE-2026-79031 CVE-2026-79032 CVE-2026-79033 CVE-2026-79034 CVE-2026-79038 CVE-2026-79039 CVE-2026-79040 CVE-2026-79041 CVE-2026-79042 CVE-2026-79043 CVE-2026-79044 CVE-2026-79045 CVE-2026-79046 CVE-2026-79047 CVE-2026-79048 CVE-2026-79049 CVE-2026-79050 CVE-2026-79051 CVE-2026-79052 CVE-2026-79053 CVE-2026-79054 CVE-2026-79055 CVE-2026-79056 CVE-2026-79057 CVE-2026-79058 CVE-2026-79059 CVE-2026-79060 CVE-2026-79064 CVE-2026-79065 CVE-2026-79066 CVE-2026-79067 CVE-2026-79068 CVE-2026-79069 CVE-2026-79070 CVE-2026-79071 CVE-2026-79072 CVE-2026-79073 CVE-2026-79074 CVE-2026-79075 CVE-2026-79076 CVE-2026-79077 CVE-2026-79078 CVE-2026-79082 CVE-2026-79083 CVE-2026-79084 CVE-2026-79085 CVE-2026-79086 CVE-2026-79087 CVE-2026-79088 CVE-2026-79089 CVE-2026-79090 CVE-2026-79091 CVE-2026-79093 CVE-2026-79094 CVE-2026-79095 CVE-2026-79097 CVE-2026-79098 CVE-2026-79099 CVE-2026-79103 CVE-2026-79104 CVE-2026-79105 CVE-2026-79106 CVE-2026-79107 CVE-2026-79108 CVE-2026-79109 CVE-2026-79110 CVE-2026-79111 CVE-2026-79112 CVE-2026-79116 CVE-2026-79117 CVE-2026-79118 CVE-2026-79119 CVE-2026-79120 CVE-2026-79121 CVE-2026-79122 CVE-2026-79123 CVE-2026-79124 CVE-2026-79125 CVE-2026-79126 CVE-2026-79127 CVE-2026-79128 CVE-2026-79129 CVE-2026-79130 CVE-2026-79131 CVE-2026-79132 CVE-2026-79133 CVE-2026-79134 CVE-2026-79136 CVE-2026-79137 CVE-2026-79138 CVE-2026-79139 CVE-2026-79140 CVE-2026-79141 CVE-2026-79142 CVE-2026-79143 CVE-2026-79144 CVE-2026-79146 CVE-2026-79147 CVE-2026-79148 CVE-2026-79149 CVE-2026-79150 CVE-2026-79151 CVE-2026-79152 CVE-2026-79154 CVE-2026-79155 CVE-2026-79173 CVE-2026-79174 CVE-2026-79175 CVE-2026-79176 CVE-2026-79177 CVE-2026-79178 CVE-2026-79179 CVE-2026-79180 CVE-2026-79181 CVE-2026-79182 CVE-2026-79183 CVE-2026-79184 CVE-2026-79185 CVE-2026-79186 CVE-2026-79187 CVE-2026-79188 CVE-2026-79189 CVE-2026-79190 CVE-2026-79191 CVE-2026-79192 CVE-2026-79193 CVE-2026-79194 CVE-2026-79195 CVE-2026-79196 CVE-2026-79197 CVE-2026-79198 CVE-2026-79199 CVE-2026-79200 CVE-2026-79201 CVE-2026-79202 CVE-2026-79203 CVE-2026-79204 CVE-2026-79205 CVE-2026-79206 CVE-2026-79207 CVE-2026-79208 CVE-2026-79209 CVE-2026-79210 CVE-2026-79211 CVE-2026-79212 CVE-2026-79213 CVE-2026-79214 CVE-2026-79215 CVE-2026-79216 CVE-2026-79217 CVE-2026-79218 CVE-2026-79219 CVE-2026-79220 CVE-2026-79221 CVE-2026-79222 CVE-2026-79223 CVE-2026-79224 CVE-2026-79225 CVE-2026-79226 CVE-2026-79227 CVE-2026-79228 CVE-2026-79229 CVE-2026-79230 CVE-2026-79231 CVE-2026-79232 CVE-2026-79233 CVE-2026-79234 CVE-2026-79235 CVE-2026-79236 CVE-2026-79237 CVE-2026-79238 CVE-2026-79239 CVE-2026-79240 CVE-2026-79241 CVE-2026-79242 CVE-2026-79243 CVE-2026-79244 CVE-2026-79245 CVE-2026-79246 CVE-2026-79247 CVE-2026-79248 CVE-2026-79249 CVE-2026-79250 CVE-2026-79251 CVE-2026-79252 CVE-2026-79253 CVE-2026-79254 CVE-2026-79255 CVE-2026-79256 CVE-2026-79257 CVE-2026-79258 CVE-2026-79259 CVE-2026-79260 CVE-2026-79261 CVE-2026-79262 CVE-2026-79263 CVE-2026-79264 CVE-2026-79265 CVE-2026-79266 CVE-2026-79267 CVE-2026-79269 CVE-2026-79270 CVE-2026-79271 CVE-2026-79272 CVE-2026-79273 CVE-2026-79274 CVE-2026-79275 CVE-2026-79276 CVE-2026-79282 CVE-2026-79283 CVE-2026-79284 CVE-2026-79285 CVE-2026-79286 CVE-2026-79287 CVE-2026-79288 CVE-2026-79289 CVE-2026-79290 CVE-2026-79291 CVE-2026-79292 CVE-2026-79293 CVE-2026-84323 CVE-2026-84324 CVE-2026-84325 CVE-2026-84326 CVE-2026-84327 CVE-2026-84328 CVE-2026-84329 CVE-2026-84330 CVE-2026-84331 CVE-2026-84332 CVE-2026-84333 CVE-2026-84334 CVE-2026-84335 CVE-2026-84347 CVE-2026-84348 CVE-2026-84349 CVE-2026-84350 CVE-2026-84351 CVE-2026-84352 CVE-2026-84353 CVE-2026-84354 CVE-2026-84355 CVE-2026-84356 CVE-2026-84357 CVE-2026-84358 CVE-2026-84359 Security issues were discovered in Chromium which could result in the execution of arbitrary code, denial of service, or information disclosure.",DSA-6482-1,https://lists.debian.org/debian-security-announce/2026/msg00393.html,Remote Code Execution,"Remote Code Execution, Information Disclosure, Denial of Service"
2026-09-03,chromium,CVE-2026-78891 CVE-2026-78892 CVE-2026-78893 CVE-2026-78894 CVE-2026-78895 CVE-2026-78896 CVE-2026-78897 CVE-2026-78898 CVE-2026-78899 CVE-2026-78900 CVE-2026-78901 CVE-2026-78903 CVE-2026-78904 CVE-2026-78905 CVE-2026-78906 CVE-2026-78907 CVE-2026-78908 CVE-2026-78909 CVE-2026-78910 CVE-2026-78911 CVE-2026-78912 CVE-2026-78913 CVE-2026-78914 CVE-2026-78915 CVE-2026-78934 CVE-2026-78935 CVE-2026-78936 CVE-2026-78937 CVE-2026-78938 CVE-2026-78939 CVE-2026-78940 CVE-2026-78941 CVE-2026-78942 CVE-2026-78943 CVE-2026-78944 CVE-2026-78945 CVE-2026-78946 CVE-2026-78947 CVE-2026-78948 CVE-2026-78949 CVE-2026-78950 CVE-2026-78951 CVE-2026-78952 CVE-2026-78953 CVE-2026-78954 CVE-2026-78955 CVE-2026-78956 CVE-2026-78957 CVE-2026-78958 CVE-2026-78959 CVE-2026-78960 CVE-2026-78961 CVE-2026-78962 CVE-2026-78963 CVE-2026-78964 CVE-2026-78965 CVE-2026-78966 CVE-2026-78967 CVE-2026-78968 CVE-2026-78969 CVE-2026-78974 CVE-2026-78975 CVE-2026-78976 CVE-2026-78977 CVE-2026-78978 CVE-2026-78979 CVE-2026-78980 CVE-2026-78981 CVE-2026-78983 CVE-2026-78984 CVE-2026-78985 CVE-2026-78986 CVE-2026-78987 CVE-2026-78989 CVE-2026-78990 CVE-2026-78991 CVE-2026-78999 CVE-2026-79000 CVE-2026-79001 CVE-2026-79002 CVE-2026-79003 CVE-2026-79004 CVE-2026-79005 CVE-2026-79006 CVE-2026-79007 CVE-2026-79008 CVE-2026-79009 CVE-2026-79010 CVE-2026-79011 CVE-2026-79012 CVE-2026-79013 CVE-2026-79014 CVE-2026-79015 CVE-2026-79016 CVE-2026-79017 CVE-2026-79018 CVE-2026-79019 CVE-2026-79020 CVE-2026-79021 CVE-2026-79022 CVE-2026-79023 CVE-2026-79024 CVE-2026-79025 CVE-2026-79026 CVE-2026-79027 CVE-2026-79028 CVE-2026-79030 CVE-2026-79031 CVE-2026-79032 CVE-2026-79033 CVE-2026-79034 CVE-2026-79038 CVE-2026-79039 CVE-2026-79040 CVE-2026-79041 CVE-2026-79042 CVE-2026-79043 CVE-2026-79044 CVE-2026-79045 CVE-2026-79046 CVE-2026-79047 CVE-2026-79048 CVE-2026-79049 CVE-2026-79050 CVE-2026-79051 CVE-2026-79052 CVE-2026-79053 CVE-2026-79054 CVE-2026-79055 CVE-2026-79056 CVE-2026-79057 CVE-2026-79058 CVE-2026-79059 CVE-2026-79060 CVE-2026-79064 CVE-2026-79065 CVE-2026-79066 CVE-2026-79067 CVE-2026-79068 CVE-2026-79069 CVE-2026-79070 CVE-2026-79071 CVE-2026-79072 CVE-2026-79073 CVE-2026-79074 CVE-2026-79075 CVE-2026-79076 CVE-2026-79077 CVE-2026-79078 CVE-2026-79082 CVE-2026-79083 CVE-2026-79084 CVE-2026-79085 CVE-2026-79086 CVE-2026-79087 CVE-2026-79088 CVE-2026-79089 CVE-2026-79090 CVE-2026-79091 CVE-2026-79093 CVE-2026-79094 CVE-2026-79095 CVE-2026-79097 CVE-2026-79098 CVE-2026-79099 CVE-2026-79103 CVE-2026-79104 CVE-2026-79105 CVE-2026-79106 CVE-2026-79107 CVE-2026-79108 CVE-2026-79109 CVE-2026-79110 CVE-2026-79111 CVE-2026-79112 CVE-2026-79116 CVE-2026-79117 CVE-2026-79118 CVE-2026-79119 CVE-2026-79120 CVE-2026-79121 CVE-2026-79122 CVE-2026-79123 CVE-2026-79124 CVE-2026-79125 CVE-2026-79126 CVE-2026-79127 CVE-2026-79128 CVE-2026-79129 CVE-2026-79130 CVE-2026-79131 CVE-2026-79132 CVE-2026-79133 CVE-2026-79134 CVE-2026-79136 CVE-2026-79137 CVE-2026-79138 CVE-2026-79139 CVE-2026-79140 CVE-2026-79141 CVE-2026-79142 CVE-2026-79143 CVE-2026-79144 CVE-2026-79146 CVE-2026-79147 CVE-2026-79148 CVE-2026-79149 CVE-2026-79150 CVE-2026-79151 CVE-2026-79152 CVE-2026-79154 CVE-2026-79155 CVE-2026-79173 CVE-2026-79174 CVE-2026-79175 CVE-2026-79176 CVE-2026-79177 CVE-2026-79178 CVE-2026-79179 CVE-2026-79180 CVE-2026-79181 CVE-2026-79182 CVE-2026-79183 CVE-2026-79184 CVE-2026-79185 CVE-2026-79186 CVE-2026-79187 CVE-2026-79188 CVE-2026-79189 CVE-2026-79190 CVE-2026-79191 CVE-2026-79192 CVE-2026-79193 CVE-2026-79194 CVE-2026-79195 CVE-2026-79196 CVE-2026-79197 CVE-2026-79198 CVE-2026-79199 CVE-2026-79200 CVE-2026-79201 CVE-2026-79202 CVE-2026-79203 CVE-2026-79204 CVE-2026-79205 CVE-2026-79206 CVE-2026-79207 CVE-2026-79208 CVE-2026-79209 CVE-2026-79210 CVE-2026-79211 CVE-2026-79212 CVE-2026-79213 CVE-2026-79214 CVE-2026-79215 CVE-2026-79216 CVE-2026-79217 CVE-2026-79218 CVE-2026-79219 CVE-2026-79220 CVE-2026-79221 CVE-2026-79222 CVE-2026-79223 CVE-2026-79224 CVE-2026-79225 CVE-2026-79226 CVE-2026-79227 CVE-2026-79228 CVE-2026-79229 CVE-2026-79230 CVE-2026-79231 CVE-2026-79232 CVE-2026-79233 CVE-2026-79234 CVE-2026-79235 CVE-2026-79236 CVE-2026-79237 CVE-2026-79238 CVE-2026-79239 CVE-2026-79240 CVE-2026-79241 CVE-2026-79242 CVE-2026-79243 CVE-2026-79244 CVE-2026-79245 CVE-2026-79246 CVE-2026-79247 CVE-2026-79248 CVE-2026-79249 CVE-2026-79250 CVE-2026-79251 CVE-2026-79252 CVE-2026-79253 CVE-2026-79254 CVE-2026-79255 CVE-2026-79256 CVE-2026-79257 CVE-2026-79258 CVE-2026-79259 CVE-2026-79260 CVE-2026-79261 CVE-2026-79262 CVE-2026-79263 CVE-2026-79264 CVE-2026-79265 CVE-2026-79266 CVE-2026-79267 CVE-2026-79269 CVE-2026-79270 CVE-2026-79271 CVE-2026-79272 CVE-2026-79273 CVE-2026-79274 CVE-2026-79275 CVE-2026-79276 CVE-2026-79282 CVE-2026-79283 CVE-2026-79284 CVE-2026-79285 CVE-2026-79286 CVE-2026-79287 CVE-2026-79288 CVE-2026-79289 CVE-2026-79290 CVE-2026-79291 CVE-2026-79292 CVE-2026-79293 CVE-2026-84323 CVE-2026-84324 CVE-2026-84325 CVE-2026-84326 CVE-2026-84327 CVE-2026-84328 CVE-2026-84329 CVE-2026-84330 CVE-2026-84331 CVE-2026-84332 CVE-2026-84333 CVE-2026-84334 CVE-2026-84335 CVE-2026-84347 CVE-2026-84348 CVE-2026-84349 CVE-2026-84350 CVE-2026-84351 CVE-2026-84352 CVE-2026-84353 CVE-2026-84354 CVE-2026-84355 CVE-2026-84356 CVE-2026-84357 CVE-2026-84358 CVE-2026-84359,"CVE-2026-78895 CVE-2026-78896 CVE-2026-78897 CVE-2026-78898 CVE-2026-78899 CVE-2026-78900 CVE-2026-78901 CVE-2026-78903 CVE-2026-78904 CVE-2026-78905 CVE-2026-78906 CVE-2026-78907 CVE-2026-78908 CVE-2026-78909 CVE-2026-78910 CVE-2026-78911 CVE-2026-78912 CVE-2026-78913 CVE-2026-78914 CVE-2026-78915 CVE-2026-78934 CVE-2026-78935 CVE-2026-78936 CVE-2026-78937 CVE-2026-78938 CVE-2026-78939 CVE-2026-78940 CVE-2026-78941 CVE-2026-78942 CVE-2026-78943 CVE-2026-78944 CVE-2026-78945 CVE-2026-78946 CVE-2026-78947 CVE-2026-78948 CVE-2026-78949 CVE-2026-78950 CVE-2026-78951 CVE-2026-78952 CVE-2026-78953 CVE-2026-78954 CVE-2026-78955 CVE-2026-78956 CVE-2026-78957 CVE-2026-78958 CVE-2026-78959 CVE-2026-78960 CVE-2026-78961 CVE-2026-78962 CVE-2026-78963 CVE-2026-78964 CVE-2026-78965 CVE-2026-78966 CVE-2026-78967 CVE-2026-78968 CVE-2026-78969 CVE-2026-78974 CVE-2026-78975 CVE-2026-78976 CVE-2026-78977 CVE-2026-78978 CVE-2026-78979 CVE-2026-78980 CVE-2026-78981 CVE-2026-78983 CVE-2026-78984 CVE-2026-78985 CVE-2026-78986 CVE-2026-78987 CVE-2026-78989 CVE-2026-78990 CVE-2026-78991 CVE-2026-78999 CVE-2026-79000 CVE-2026-79001 CVE-2026-79002 CVE-2026-79003 CVE-2026-79004 CVE-2026-79005 CVE-2026-79006 CVE-2026-79007 CVE-2026-79008 CVE-2026-79009 CVE-2026-79010 CVE-2026-79011 CVE-2026-79012 CVE-2026-79013 CVE-2026-79014 CVE-2026-79015 CVE-2026-79016 CVE-2026-79017 CVE-2026-79018 CVE-2026-79019 CVE-2026-79020 CVE-2026-79021 CVE-2026-79022 CVE-2026-79023 CVE-2026-79024 CVE-2026-79025 CVE-2026-79026 CVE-2026-79027 CVE-2026-79028 CVE-2026-79030 CVE-2026-79031 CVE-2026-79032 CVE-2026-79033 CVE-2026-79034 CVE-2026-79038 CVE-2026-79039 CVE-2026-79040 CVE-2026-79041 CVE-2026-79042 CVE-2026-79043 CVE-2026-79044 CVE-2026-79045 CVE-2026-79046 CVE-2026-79047 CVE-2026-79048 CVE-2026-79049 CVE-2026-79050 CVE-2026-79051 CVE-2026-79052 CVE-2026-79053 CVE-2026-79054 CVE-2026-79055 CVE-2026-79056 CVE-2026-79057 CVE-2026-79058 CVE-2026-79059 CVE-2026-79060 CVE-2026-79064 CVE-2026-79065 CVE-2026-79066 CVE-2026-79067 CVE-2026-79068 CVE-2026-79069 CVE-2026-79070 CVE-2026-79071 CVE-2026-79072 CVE-2026-79073 CVE-2026-79074 CVE-2026-79075 CVE-2026-79076 CVE-2026-79077 CVE-2026-79078 CVE-2026-79082 CVE-2026-79083 CVE-2026-79084 CVE-2026-79085 CVE-2026-79086 CVE-2026-79087 CVE-2026-79088 CVE-2026-79089 CVE-2026-79090 CVE-2026-79091 CVE-2026-79093 CVE-2026-79094 CVE-2026-79095 CVE-2026-79097 CVE-2026-79098 CVE-2026-79099 CVE-2026-79103 CVE-2026-79104 CVE-2026-79105 CVE-2026-79106 CVE-2026-79107 CVE-2026-79108 CVE-2026-79109 CVE-2026-79110 CVE-2026-79111 CVE-2026-79112 CVE-2026-79116 CVE-2026-79117 CVE-2026-79118 CVE-2026-79119 CVE-2026-79120 CVE-2026-79121 CVE-2026-79122 CVE-2026-79123 CVE-2026-79124 CVE-2026-79125 CVE-2026-79126 CVE-2026-79127 CVE-2026-79128 CVE-2026-79129 CVE-2026-79130 CVE-2026-79131 CVE-2026-79132 CVE-2026-79133 CVE-2026-79134 CVE-2026-79136 CVE-2026-79137 CVE-2026-79138 CVE-2026-79139 CVE-2026-79140 CVE-2026-79141 CVE-2026-79142 CVE-2026-79143 CVE-2026-79144 CVE-2026-79146 CVE-2026-79147 CVE-2026-79148 CVE-2026-79149 CVE-2026-79150 CVE-2026-79151 CVE-2026-79152 CVE-2026-79154 CVE-2026-79155 CVE-2026-79173 CVE-2026-79174 CVE-2026-79175 CVE-2026-79176 CVE-2026-79177 CVE-2026-79178 CVE-2026-79179 CVE-2026-79180 CVE-2026-79181 CVE-2026-79182 CVE-2026-79183 CVE-2026-79184 CVE-2026-79185 CVE-2026-79186 CVE-2026-79187 CVE-2026-79188 CVE-2026-79189 CVE-2026-79190 CVE-2026-79191 CVE-2026-79192 CVE-2026-79193 CVE-2026-79194 CVE-2026-79195 CVE-2026-79196 CVE-2026-79197 CVE-2026-79198 CVE-2026-79199 CVE-2026-79200 CVE-2026-79201 CVE-2026-79202 CVE-2026-79203 CVE-2026-79204 CVE-2026-79205 CVE-2026-79206 CVE-2026-79207 CVE-2026-79208 CVE-2026-79209 CVE-2026-79210 CVE-2026-79211 CVE-2026-79212 CVE-2026-79213 CVE-2026-79214 CVE-2026-79215 CVE-2026-79216 CVE-2026-79217 CVE-2026-79218 CVE-2026-79219 CVE-2026-79220 CVE-2026-79221 CVE-2026-79222 CVE-2026-79223 CVE-2026-79224 CVE-2026-79225 CVE-2026-79226 CVE-2026-79227 CVE-2026-79228 CVE-2026-79229 CVE-2026-79230 CVE-2026-79231 CVE-2026-79232 CVE-2026-79233 CVE-2026-79234 CVE-2026-79235 CVE-2026-79236 CVE-2026-79237 CVE-2026-79238 CVE-2026-79239 CVE-2026-79240 CVE-2026-79241 CVE-2026-79242 CVE-2026-79243 CVE-2026-79244 CVE-2026-79245 CVE-2026-79246 CVE-2026-79247 CVE-2026-79248 CVE-2026-79249 CVE-2026-79250 CVE-2026-79251 CVE-2026-79252 CVE-2026-79253 CVE-2026-79254 CVE-2026-79255 CVE-2026-79256 CVE-2026-79257 CVE-2026-79258 CVE-2026-79259 CVE-2026-79260 CVE-2026-79261 CVE-2026-79262 CVE-2026-79263 CVE-2026-79264 CVE-2026-79265 CVE-2026-79266 CVE-2026-79267 CVE-2026-79269 CVE-2026-79270 CVE-2026-79271 CVE-2026-79272 CVE-2026-79273 CVE-2026-79274 CVE-2026-79275 CVE-2026-79276 CVE-2026-79282 CVE-2026-79283 CVE-2026-79284 CVE-2026-79285 CVE-2026-79286 CVE-2026-79287 CVE-2026-79288 CVE-2026-79289 CVE-2026-79290 CVE-2026-79291 CVE-2026-79292 CVE-2026-79293 CVE-2026-84323 CVE-2026-84324 CVE-2026-84325 CVE-2026-84326 CVE-2026-84327 CVE-2026-84328 CVE-2026-84329 CVE-2026-84330 CVE-2026-84331 CVE-2026-84332 CVE-2026-84333 CVE-2026-84334 CVE-2026-84335 CVE-2026-84347 CVE-2026-84348 CVE-2026-84349 CVE-2026-84350 CVE-2026-84351 CVE-2026-84352 CVE-2026-84353 CVE-2026-84354 CVE-2026-84355 CVE-2026-84356 CVE-2026-84357 CVE-2026-84358 CVE-2026-84359 Security issues were discovered in Chromium which could result in the execution of arbitrary code, denial of service, or information disclosure.",DSA-6482-1,https://lists.debian.org/debian-security-announce/2026/msg00393.html,Information Disclosure,"Remote Code Execution, Information Disclosure, Denial of Service"
2026-09-03,chromium,CVE-2026-78891 CVE-2026-78892 CVE-2026-78893 CVE-2026-78894 CVE-2026-78895 CVE-2026-78896 CVE-2026-78897 CVE-2026-78898 CVE-2026-78899 CVE-2026-78900 CVE-2026-78901 CVE-2026-78903 CVE-2026-78904 CVE-2026-78905 CVE-2026-78906 CVE-2026-78907 CVE-2026-78908 CVE-2026-78909 CVE-2026-78910 CVE-2026-78911 CVE-2026-78912 CVE-2026-78913 CVE-2026-78914 CVE-2026-78915 CVE-2026-78934 CVE-2026-78935 CVE-2026-78936 CVE-2026-78937 CVE-2026-78938 CVE-2026-78939 CVE-2026-78940 CVE-2026-78941 CVE-2026-78942 CVE-2026-78943 CVE-2026-78944 CVE-2026-78945 CVE-2026-78946 CVE-2026-78947 CVE-2026-78948 CVE-2026-78949 CVE-2026-78950 CVE-2026-78951 CVE-2026-78952 CVE-2026-78953 CVE-2026-78954 CVE-2026-78955 CVE-2026-78956 CVE-2026-78957 CVE-2026-78958 CVE-2026-78959 CVE-2026-78960 CVE-2026-78961 CVE-2026-78962 CVE-2026-78963 CVE-2026-78964 CVE-2026-78965 CVE-2026-78966 CVE-2026-78967 CVE-2026-78968 CVE-2026-78969 CVE-2026-78974 CVE-2026-78975 CVE-2026-78976 CVE-2026-78977 CVE-2026-78978 CVE-2026-78979 CVE-2026-78980 CVE-2026-78981 CVE-2026-78983 CVE-2026-78984 CVE-2026-78985 CVE-2026-78986 CVE-2026-78987 CVE-2026-78989 CVE-2026-78990 CVE-2026-78991 CVE-2026-78999 CVE-2026-79000 CVE-2026-79001 CVE-2026-79002 CVE-2026-79003 CVE-2026-79004 CVE-2026-79005 CVE-2026-79006 CVE-2026-79007 CVE-2026-79008 CVE-2026-79009 CVE-2026-79010 CVE-2026-79011 CVE-2026-79012 CVE-2026-79013 CVE-2026-79014 CVE-2026-79015 CVE-2026-79016 CVE-2026-79017 CVE-2026-79018 CVE-2026-79019 CVE-2026-79020 CVE-2026-79021 CVE-2026-79022 CVE-2026-79023 CVE-2026-79024 CVE-2026-79025 CVE-2026-79026 CVE-2026-79027 CVE-2026-79028 CVE-2026-79030 CVE-2026-79031 CVE-2026-79032 CVE-2026-79033 CVE-2026-79034 CVE-2026-79038 CVE-2026-79039 CVE-2026-79040 CVE-2026-79041 CVE-2026-79042 CVE-2026-79043 CVE-2026-79044 CVE-2026-79045 CVE-2026-79046 CVE-2026-79047 CVE-2026-79048 CVE-2026-79049 CVE-2026-79050 CVE-2026-79051 CVE-2026-79052 CVE-2026-79053 CVE-2026-79054 CVE-2026-79055 CVE-2026-79056 CVE-2026-79057 CVE-2026-79058 CVE-2026-79059 CVE-2026-79060 CVE-2026-79064 CVE-2026-79065 CVE-2026-79066 CVE-2026-79067 CVE-2026-79068 CVE-2026-79069 CVE-2026-79070 CVE-2026-79071 CVE-2026-79072 CVE-2026-79073 CVE-2026-79074 CVE-2026-79075 CVE-2026-79076 CVE-2026-79077 CVE-2026-79078 CVE-2026-79082 CVE-2026-79083 CVE-2026-79084 CVE-2026-79085 CVE-2026-79086 CVE-2026-79087 CVE-2026-79088 CVE-2026-79089 CVE-2026-79090 CVE-2026-79091 CVE-2026-79093 CVE-2026-79094 CVE-2026-79095 CVE-2026-79097 CVE-2026-79098 CVE-2026-79099 CVE-2026-79103 CVE-2026-79104 CVE-2026-79105 CVE-2026-79106 CVE-2026-79107 CVE-2026-79108 CVE-2026-79109 CVE-2026-79110 CVE-2026-79111 CVE-2026-79112 CVE-2026-79116 CVE-2026-79117 CVE-2026-79118 CVE-2026-79119 CVE-2026-79120 CVE-2026-79121 CVE-2026-79122 CVE-2026-79123 CVE-2026-79124 CVE-2026-79125 CVE-2026-79126 CVE-2026-79127 CVE-2026-79128 CVE-2026-79129 CVE-2026-79130 CVE-2026-79131 CVE-2026-79132 CVE-2026-79133 CVE-2026-79134 CVE-2026-79136 CVE-2026-79137 CVE-2026-79138 CVE-2026-79139 CVE-2026-79140 CVE-2026-79141 CVE-2026-79142 CVE-2026-79143 CVE-2026-79144 CVE-2026-79146 CVE-2026-79147 CVE-2026-79148 CVE-2026-79149 CVE-2026-79150 CVE-2026-79151 CVE-2026-79152 CVE-2026-79154 CVE-2026-79155 CVE-2026-79173 CVE-2026-79174 CVE-2026-79175 CVE-2026-79176 CVE-2026-79177 CVE-2026-79178 CVE-2026-79179 CVE-2026-79180 CVE-2026-79181 CVE-2026-79182 CVE-2026-79183 CVE-2026-79184 CVE-2026-79185 CVE-2026-79186 CVE-2026-79187 CVE-2026-79188 CVE-2026-79189 CVE-2026-79190 CVE-2026-79191 CVE-2026-79192 CVE-2026-79193 CVE-2026-79194 CVE-2026-79195 CVE-2026-79196 CVE-2026-79197 CVE-2026-79198 CVE-2026-79199 CVE-2026-79200 CVE-2026-79201 CVE-2026-79202 CVE-2026-79203 CVE-2026-79204 CVE-2026-79205 CVE-2026-79206 CVE-2026-79207 CVE-2026-79208 CVE-2026-79209 CVE-2026-79210 CVE-2026-79211 CVE-2026-79212 CVE-2026-79213 CVE-2026-79214 CVE-2026-79215 CVE-2026-79216 CVE-2026-79217 CVE-2026-79218 CVE-2026-79219 CVE-2026-79220 CVE-2026-79221 CVE-2026-79222 CVE-2026-79223 CVE-2026-79224 CVE-2026-79225 CVE-2026-79226 CVE-2026-79227 CVE-2026-79228 CVE-2026-79229 CVE-2026-79230 CVE-2026-79231 CVE-2026-79232 CVE-2026-79233 CVE-2026-79234 CVE-2026-79235 CVE-2026-79236 CVE-2026-79237 CVE-2026-79238 CVE-2026-79239 CVE-2026-79240 CVE-2026-79241 CVE-2026-79242 CVE-2026-79243 CVE-2026-79244 CVE-2026-79245 CVE-2026-79246 CVE-2026-79247 CVE-2026-79248 CVE-2026-79249 CVE-2026-79250 CVE-2026-79251 CVE-2026-79252 CVE-2026-79253 CVE-2026-79254 CVE-2026-79255 CVE-2026-79256 CVE-2026-79257 CVE-2026-79258 CVE-2026-79259 CVE-2026-79260 CVE-2026-79261 CVE-2026-79262 CVE-2026-79263 CVE-2026-79264 CVE-2026-79265 CVE-2026-79266 CVE-2026-79267 CVE-2026-79269 CVE-2026-79270 CVE-2026-79271 CVE-2026-79272 CVE-2026-79273 CVE-2026-79274 CVE-2026-79275 CVE-2026-79276 CVE-2026-79282 CVE-2026-79283 CVE-2026-79284 CVE-2026-79285 CVE-2026-79286 CVE-2026-79287 CVE-2026-79288 CVE-2026-79289 CVE-2026-79290 CVE-2026-79291 CVE-2026-79292 CVE-2026-79293 CVE-2026-84323 CVE-2026-84324 CVE-2026-84325 CVE-2026-84326 CVE-2026-84327 CVE-2026-84328 CVE-2026-84329 CVE-2026-84330 CVE-2026-84331 CVE-2026-84332 CVE-2026-84333 CVE-2026-84334 CVE-2026-84335 CVE-2026-84347 CVE-2026-84348 CVE-2026-84349 CVE-2026-84350 CVE-2026-84351 CVE-2026-84352 CVE-2026-84353 CVE-2026-84354 CVE-2026-84355 CVE-2026-84356 CVE-2026-84357 CVE-2026-84358 CVE-2026-84359,"CVE-2026-78895 CVE-2026-78896 CVE-2026-78897 CVE-2026-78898 CVE-2026-78899 CVE-2026-78900 CVE-2026-78901 CVE-2026-78903 CVE-2026-78904 CVE-2026-78905 CVE-2026-78906 CVE-2026-78907 CVE-2026-78908 CVE-2026-78909 CVE-2026-78910 CVE-2026-78911 CVE-2026-78912 CVE-2026-78913 CVE-2026-78914 CVE-2026-78915 CVE-2026-78934 CVE-2026-78935 CVE-2026-78936 CVE-2026-78937 CVE-2026-78938 CVE-2026-78939 CVE-2026-78940 CVE-2026-78941 CVE-2026-78942 CVE-2026-78943 CVE-2026-78944 CVE-2026-78945 CVE-2026-78946 CVE-2026-78947 CVE-2026-78948 CVE-2026-78949 CVE-2026-78950 CVE-2026-78951 CVE-2026-78952 CVE-2026-78953 CVE-2026-78954 CVE-2026-78955 CVE-2026-78956 CVE-2026-78957 CVE-2026-78958 CVE-2026-78959 CVE-2026-78960 CVE-2026-78961 CVE-2026-78962 CVE-2026-78963 CVE-2026-78964 CVE-2026-78965 CVE-2026-78966 CVE-2026-78967 CVE-2026-78968 CVE-2026-78969 CVE-2026-78974 CVE-2026-78975 CVE-2026-78976 CVE-2026-78977 CVE-2026-78978 CVE-2026-78979 CVE-2026-78980 CVE-2026-78981 CVE-2026-78983 CVE-2026-78984 CVE-2026-78985 CVE-2026-78986 CVE-2026-78987 CVE-2026-78989 CVE-2026-78990 CVE-2026-78991 CVE-2026-78999 CVE-2026-79000 CVE-2026-79001 CVE-2026-79002 CVE-2026-79003 CVE-2026-79004 CVE-2026-79005 CVE-2026-79006 CVE-2026-79007 CVE-2026-79008 CVE-2026-79009 CVE-2026-79010 CVE-2026-79011 CVE-2026-79012 CVE-2026-79013 CVE-2026-79014 CVE-2026-79015 CVE-2026-79016 CVE-2026-79017 CVE-2026-79018 CVE-2026-79019 CVE-2026-79020 CVE-2026-79021 CVE-2026-79022 CVE-2026-79023 CVE-2026-79024 CVE-2026-79025 CVE-2026-79026 CVE-2026-79027 CVE-2026-79028 CVE-2026-79030 CVE-2026-79031 CVE-2026-79032 CVE-2026-79033 CVE-2026-79034 CVE-2026-79038 CVE-2026-79039 CVE-2026-79040 CVE-2026-79041 CVE-2026-79042 CVE-2026-79043 CVE-2026-79044 CVE-2026-79045 CVE-2026-79046 CVE-2026-79047 CVE-2026-79048 CVE-2026-79049 CVE-2026-79050 CVE-2026-79051 CVE-2026-79052 CVE-2026-79053 CVE-2026-79054 CVE-2026-79055 CVE-2026-79056 CVE-2026-79057 CVE-2026-79058 CVE-2026-79059 CVE-2026-79060 CVE-2026-79064 CVE-2026-79065 CVE-2026-79066 CVE-2026-79067 CVE-2026-79068 CVE-2026-79069 CVE-2026-79070 CVE-2026-79071 CVE-2026-79072 CVE-2026-79073 CVE-2026-79074 CVE-2026-79075 CVE-2026-79076 CVE-2026-79077 CVE-2026-79078 CVE-2026-79082 CVE-2026-79083 CVE-2026-79084 CVE-2026-79085 CVE-2026-79086 CVE-2026-79087 CVE-2026-79088 CVE-2026-79089 CVE-2026-79090 CVE-2026-79091 CVE-2026-79093 CVE-2026-79094 CVE-2026-79095 CVE-2026-79097 CVE-2026-79098 CVE-2026-79099 CVE-2026-79103 CVE-2026-79104 CVE-2026-79105 CVE-2026-79106 CVE-2026-79107 CVE-2026-79108 CVE-2026-79109 CVE-2026-79110 CVE-2026-79111 CVE-2026-79112 CVE-2026-79116 CVE-2026-79117 CVE-2026-79118 CVE-2026-79119 CVE-2026-79120 CVE-2026-79121 CVE-2026-79122 CVE-2026-79123 CVE-2026-79124 CVE-2026-79125 CVE-2026-79126 CVE-2026-79127 CVE-2026-79128 CVE-2026-79129 CVE-2026-79130 CVE-2026-79131 CVE-2026-79132 CVE-2026-79133 CVE-2026-79134 CVE-2026-79136 CVE-2026-79137 CVE-2026-79138 CVE-2026-79139 CVE-2026-79140 CVE-2026-79141 CVE-2026-79142 CVE-2026-79143 CVE-2026-79144 CVE-2026-79146 CVE-2026-79147 CVE-2026-79148 CVE-2026-79149 CVE-2026-79150 CVE-2026-79151 CVE-2026-79152 CVE-2026-79154 CVE-2026-79155 CVE-2026-79173 CVE-2026-79174 CVE-2026-79175 CVE-2026-79176 CVE-2026-79177 CVE-2026-79178 CVE-2026-79179 CVE-2026-79180 CVE-2026-79181 CVE-2026-79182 CVE-2026-79183 CVE-2026-79184 CVE-2026-79185 CVE-2026-79186 CVE-2026-79187 CVE-2026-79188 CVE-2026-79189 CVE-2026-79190 CVE-2026-79191 CVE-2026-79192 CVE-2026-79193 CVE-2026-79194 CVE-2026-79195 CVE-2026-79196 CVE-2026-79197 CVE-2026-79198 CVE-2026-79199 CVE-2026-79200 CVE-2026-79201 CVE-2026-79202 CVE-2026-79203 CVE-2026-79204 CVE-2026-79205 CVE-2026-79206 CVE-2026-79207 CVE-2026-79208 CVE-2026-79209 CVE-2026-79210 CVE-2026-79211 CVE-2026-79212 CVE-2026-79213 CVE-2026-79214 CVE-2026-79215 CVE-2026-79216 CVE-2026-79217 CVE-2026-79218 CVE-2026-79219 CVE-2026-79220 CVE-2026-79221 CVE-2026-79222 CVE-2026-79223 CVE-2026-79224 CVE-2026-79225 CVE-2026-79226 CVE-2026-79227 CVE-2026-79228 CVE-2026-79229 CVE-2026-79230 CVE-2026-79231 CVE-2026-79232 CVE-2026-79233 CVE-2026-79234 CVE-2026-79235 CVE-2026-79236 CVE-2026-79237 CVE-2026-79238 CVE-2026-79239 CVE-2026-79240 CVE-2026-79241 CVE-2026-79242 CVE-2026-79243 CVE-2026-79244 CVE-2026-79245 CVE-2026-79246 CVE-2026-79247 CVE-2026-79248 CVE-2026-79249 CVE-2026-79250 CVE-2026-79251 CVE-2026-79252 CVE-2026-79253 CVE-2026-79254 CVE-2026-79255 CVE-2026-79256 CVE-2026-79257 CVE-2026-79258 CVE-2026-79259 CVE-2026-79260 CVE-2026-79261 CVE-2026-79262 CVE-2026-79263 CVE-2026-79264 CVE-2026-79265 CVE-2026-79266 CVE-2026-79267 CVE-2026-79269 CVE-2026-79270 CVE-2026-79271 CVE-2026-79272 CVE-2026-79273 CVE-2026-79274 CVE-2026-79275 CVE-2026-79276 CVE-2026-79282 CVE-2026-79283 CVE-2026-79284 CVE-2026-79285 CVE-2026-79286 CVE-2026-79287 CVE-2026-79288 CVE-2026-79289 CVE-2026-79290 CVE-2026-79291 CVE-2026-79292 CVE-2026-79293 CVE-2026-84323 CVE-2026-84324 CVE-2026-84325 CVE-2026-84326 CVE-2026-84327 CVE-2026-84328 CVE-2026-84329 CVE-2026-84330 CVE-2026-84331 CVE-2026-84332 CVE-2026-84333 CVE-2026-84334 CVE-2026-84335 CVE-2026-84347 CVE-2026-84348 CVE-2026-84349 CVE-2026-84350 CVE-2026-84351 CVE-2026-84352 CVE-2026-84353 CVE-2026-84354 CVE-2026-84355 CVE-2026-84356 CVE-2026-84357 CVE-2026-84358 CVE-2026-84359 Security issues were discovered in Chromium which could result in the execution of arbitrary code, denial of service, or information disclosure.",DSA-6482-1,https://lists.debian.org/debian-security-announce/2026/msg00393.html,Denial of Service,"Remote Code Execution, Information Disclosure, Denial of Service"
2026-09-02,firefox-esr,CVE-2026-16365 CVE-2026-16371 CVE-2026-75874 CVE-2026-84119 CVE-2026-84120 CVE-2026-84121 CVE-2026-84122 CVE-2026-84124 CVE-2026-84131 CVE-2026-84143 CVE-2026-84145,"CVE-2026-84120 CVE-2026-84121 CVE-2026-84122 CVE-2026-84124 CVE-2026-84131 CVE-2026-84143 CVE-2026-84145 Multiple security issues have been found in the Mozilla Firefox web browser, which could potentially result in the execution of arbitrary code, sandbox escape or privilege escalation.",DSA-6481-1,https://lists.debian.org/debian-security-announce/2026/msg00392.html,Privilege Escalation,"Privilege Escalation, Sandbox Escape, Authorization/Access Control Bypass, Remote Code Execution, Authentication Bypass"
2026-09-02,firefox-esr,CVE-2026-16365 CVE-2026-16371 CVE-2026-75874 CVE-2026-84119 CVE-2026-84120 CVE-2026-84121 CVE-2026-84122 CVE-2026-84124 CVE-2026-84131 CVE-2026-84143 CVE-2026-84145,"CVE-2026-84120 CVE-2026-84121 CVE-2026-84122 CVE-2026-84124 CVE-2026-84131 CVE-2026-84143 CVE-2026-84145 Multiple security issues have been found in the Mozilla Firefox web browser, which could potentially result in the execution of arbitrary code, sandbox escape or privilege escalation.",DSA-6481-1,https://lists.debian.org/debian-security-announce/2026/msg00392.html,Sandbox Escape,"Privilege Escalation, Sandbox Escape, Authorization/Access Control Bypass, Remote Code Execution, Authentication Bypass"
2026-09-02,firefox-esr,CVE-2026-16365 CVE-2026-16371 CVE-2026-75874 CVE-2026-84119 CVE-2026-84120 CVE-2026-84121 CVE-2026-84122 CVE-2026-84124 CVE-2026-84131 CVE-2026-84143 CVE-2026-84145,"CVE-2026-84120 CVE-2026-84121 CVE-2026-84122 CVE-2026-84124 CVE-2026-84131 CVE-2026-84143 CVE-2026-84145 Multiple security issues have been found in the Mozilla Firefox web browser, which could potentially result in the execution of arbitrary code, sandbox escape or privilege escalation.",DSA-6481-1,https://lists.debian.org/debian-security-announce/2026/msg00392.html,Authorization/Access Control Bypass,"Privilege Escalation, Sandbox Escape, Authorization/Access Control Bypass, Remote Code Execution, Authentication Bypass"
2026-09-02,firefox-esr,CVE-2026-16365 CVE-2026-16371 CVE-2026-75874 CVE-2026-84119 CVE-2026-84120 CVE-2026-84121 CVE-2026-84122 CVE-2026-84124 CVE-2026-84131 CVE-2026-84143 CVE-2026-84145,"CVE-2026-84120 CVE-2026-84121 CVE-2026-84122 CVE-2026-84124 CVE-2026-84131 CVE-2026-84143 CVE-2026-84145 Multiple security issues have been found in the Mozilla Firefox web browser, which could potentially result in the execution of arbitrary code, sandbox escape or privilege escalation.",DSA-6481-1,https://lists.debian.org/debian-security-announce/2026/msg00392.html,Remote Code Execution,"Privilege Escalation, Sandbox Escape, Authorization/Access Control Bypass, Remote Code Execution, Authentication Bypass"
2026-09-02,firefox-esr,CVE-2026-16365 CVE-2026-16371 CVE-2026-75874 CVE-2026-84119 CVE-2026-84120 CVE-2026-84121 CVE-2026-84122 CVE-2026-84124 CVE-2026-84131 CVE-2026-84143 CVE-2026-84145,"CVE-2026-84120 CVE-2026-84121 CVE-2026-84122 CVE-2026-84124 CVE-2026-84131 CVE-2026-84143 CVE-2026-84145 Multiple security issues have been found in the Mozilla Firefox web browser, which could potentially result in the execution of arbitrary code, sandbox escape or privilege escalation.",DSA-6481-1,https://lists.debian.org/debian-security-announce/2026/msg00392.html,Authentication Bypass,"Privilege Escalation, Sandbox Escape, Authorization/Access Control Bypass, Remote Code Execution, Authentication Bypass"
2026-09-01,keystone,CVE-2026-80182 CVE-2026-80183 CVE-2026-80184,"Multiple vulnerabilities were discovered in Keystone, the OpenStack identity service, which may result in authorisation bypass or information disclosure.",DSA-6480-1,https://lists.debian.org/debian-security-announce/2026/msg00391.html,Denial of Service,"Denial of Service, Cryptographic/Encryption Bypass, Authorization/Access Control Bypass, Information Disclosure, Authentication Bypass"
2026-09-01,keystone,CVE-2026-80182 CVE-2026-80183 CVE-2026-80184,"Multiple vulnerabilities were discovered in Keystone, the OpenStack identity service, which may result in authorisation bypass or information disclosure.",DSA-6480-1,https://lists.debian.org/debian-security-announce/2026/msg00391.html,Cryptographic/Encryption Bypass,"Denial of Service, Cryptographic/Encryption Bypass, Authorization/Access Control Bypass, Information Disclosure, Authentication Bypass"
2026-09-01,keystone,CVE-2026-80182 CVE-2026-80183 CVE-2026-80184,"Multiple vulnerabilities were discovered in Keystone, the OpenStack identity service, which may result in authorisation bypass or information disclosure.",DSA-6480-1,https://lists.debian.org/debian-security-announce/2026/msg00391.html,Authorization/Access Control Bypass,"Denial of Service, Cryptographic/Encryption Bypass, Authorization/Access Control Bypass, Information Disclosure, Authentication Bypass"
2026-09-01,keystone,CVE-2026-80182 CVE-2026-80183 CVE-2026-80184,"Multiple vulnerabilities were discovered in Keystone, the OpenStack identity service, which may result in authorisation bypass or information disclosure.",DSA-6480-1,https://lists.debian.org/debian-security-announce/2026/msg00391.html,Information Disclosure,"Denial of Service, Cryptographic/Encryption Bypass, Authorization/Access Control Bypass, Information Disclosure, Authentication Bypass"
2026-09-01,keystone,CVE-2026-80182 CVE-2026-80183 CVE-2026-80184,"Multiple vulnerabilities were discovered in Keystone, the OpenStack identity service, which may result in authorisation bypass or information disclosure.",DSA-6480-1,https://lists.debian.org/debian-security-announce/2026/msg00391.html,Authentication Bypass,"Denial of Service, Cryptographic/Encryption Bypass, Authorization/Access Control Bypass, Information Disclosure, Authentication Bypass"
2026-08-30,roundcube,CVE-2026-74997 CVE-2026-74998 CVE-2026-74999 CVE-2026-75000 CVE-2026-75002 CVE-2026-75003 CVE-2026-75004 CVE-2026-75006 CVE-2026-75007 CVE-2026-75010,"CVE-2026-75002 CVE-2026-75003 CVE-2026-75004 CVE-2026-75006 CVE-2026-75007 CVE-2026-75010 Multiple vulnerabilities were discovered in roundcube, a skinnable AJAX based webmail solution for IMAP servers, which could result in cross-site scripting, SSRF bypass, information disclosure, privilege escalation, denial of service or remote code execution.",DSA-6479-1,https://lists.debian.org/debian-security-announce/2026/msg00390.html,Cross-Site Scripting,"Cross-Site Scripting, Privilege Escalation, Denial of Service, SQL Injection, Remote Code Execution, Information Disclosure, Server-Side Request Forgery"
2026-08-30,roundcube,CVE-2026-74997 CVE-2026-74998 CVE-2026-74999 CVE-2026-75000 CVE-2026-75002 CVE-2026-75003 CVE-2026-75004 CVE-2026-75006 CVE-2026-75007 CVE-2026-75010,"CVE-2026-75002 CVE-2026-75003 CVE-2026-75004 CVE-2026-75006 CVE-2026-75007 CVE-2026-75010 Multiple vulnerabilities were discovered in roundcube, a skinnable AJAX based webmail solution for IMAP servers, which could result in cross-site scripting, SSRF bypass, information disclosure, privilege escalation, denial of service or remote code execution.",DSA-6479-1,https://lists.debian.org/debian-security-announce/2026/msg00390.html,Privilege Escalation,"Cross-Site Scripting, Privilege Escalation, Denial of Service, SQL Injection, Remote Code Execution, Information Disclosure, Server-Side Request Forgery"
2026-08-30,roundcube,CVE-2026-74997 CVE-2026-74998 CVE-2026-74999 CVE-2026-75000 CVE-2026-75002 CVE-2026-75003 CVE-2026-75004 CVE-2026-75006 CVE-2026-75007 CVE-2026-75010,"CVE-2026-75002 CVE-2026-75003 CVE-2026-75004 CVE-2026-75006 CVE-2026-75007 CVE-2026-75010 Multiple vulnerabilities were discovered in roundcube, a skinnable AJAX based webmail solution for IMAP servers, which could result in cross-site scripting, SSRF bypass, information disclosure, privilege escalation, denial of service or remote code execution.",DSA-6479-1,https://lists.debian.org/debian-security-announce/2026/msg00390.html,Denial of Service,"Cross-Site Scripting, Privilege Escalation, Denial of Service, SQL Injection, Remote Code Execution, Information Disclosure, Server-Side Request Forgery"
2026-08-30,roundcube,CVE-2026-74997 CVE-2026-74998 CVE-2026-74999 CVE-2026-75000 CVE-2026-75002 CVE-2026-75003 CVE-2026-75004 CVE-2026-75006 CVE-2026-75007 CVE-2026-75010,"CVE-2026-75002 CVE-2026-75003 CVE-2026-75004 CVE-2026-75006 CVE-2026-75007 CVE-2026-75010 Multiple vulnerabilities were discovered in roundcube, a skinnable AJAX based webmail solution for IMAP servers, which could result in cross-site scripting, SSRF bypass, information disclosure, privilege escalation, denial of service or remote code execution.",DSA-6479-1,https://lists.debian.org/debian-security-announce/2026/msg00390.html,SQL Injection,"Cross-Site Scripting, Privilege Escalation, Denial of Service, SQL Injection, Remote Code Execution, Information Disclosure, Server-Side Request Forgery"
2026-08-30,roundcube,CVE-2026-74997 CVE-2026-74998 CVE-2026-74999 CVE-2026-75000 CVE-2026-75002 CVE-2026-75003 CVE-2026-75004 CVE-2026-75006 CVE-2026-75007 CVE-2026-75010,"CVE-2026-75002 CVE-2026-75003 CVE-2026-75004 CVE-2026-75006 CVE-2026-75007 CVE-2026-75010 Multiple vulnerabilities were discovered in roundcube, a skinnable AJAX based webmail solution for IMAP servers, which could result in cross-site scripting, SSRF bypass, information disclosure, privilege escalation, denial of service or remote code execution.",DSA-6479-1,https://lists.debian.org/debian-security-announce/2026/msg00390.html,Remote Code Execution,"Cross-Site Scripting, Privilege Escalation, Denial of Service, SQL Injection, Remote Code Execution, Information Disclosure, Server-Side Request Forgery"
2026-08-30,roundcube,CVE-2026-74997 CVE-2026-74998 CVE-2026-74999 CVE-2026-75000 CVE-2026-75002 CVE-2026-75003 CVE-2026-75004 CVE-2026-75006 CVE-2026-75007 CVE-2026-75010,"CVE-2026-75002 CVE-2026-75003 CVE-2026-75004 CVE-2026-75006 CVE-2026-75007 CVE-2026-75010 Multiple vulnerabilities were discovered in roundcube, a skinnable AJAX based webmail solution for IMAP servers, which could result in cross-site scripting, SSRF bypass, information disclosure, privilege escalation, denial of service or remote code execution.",DSA-6479-1,https://lists.debian.org/debian-security-announce/2026/msg00390.html,Information Disclosure,"Cross-Site Scripting, Privilege Escalation, Denial of Service, SQL Injection, Remote Code Execution, Information Disclosure, Server-Side Request Forgery"
2026-08-30,roundcube,CVE-2026-74997 CVE-2026-74998 CVE-2026-74999 CVE-2026-75000 CVE-2026-75002 CVE-2026-75003 CVE-2026-75004 CVE-2026-75006 CVE-2026-75007 CVE-2026-75010,"CVE-2026-75002 CVE-2026-75003 CVE-2026-75004 CVE-2026-75006 CVE-2026-75007 CVE-2026-75010 Multiple vulnerabilities were discovered in roundcube, a skinnable AJAX based webmail solution for IMAP servers, which could result in cross-site scripting, SSRF bypass, information disclosure, privilege escalation, denial of service or remote code execution.",DSA-6479-1,https://lists.debian.org/debian-security-announce/2026/msg00390.html,Server-Side Request Forgery,"Cross-Site Scripting, Privilege Escalation, Denial of Service, SQL Injection, Remote Code Execution, Information Disclosure, Server-Side Request Forgery"
2026-08-30,starlette,CVE-2026-48817 CVE-2026-54282 CVE-2026-54283,"Several vulnerabilities were discovered in starlette, a lightweight ASGI framework/toolkit, which could result in bypass of authorization checks or denial of service.",DSA-6478-1,https://lists.debian.org/debian-security-announce/2026/msg00389.html,Sandbox Escape,"Sandbox Escape, Denial of Service, Server-Side Request Forgery, SQL Injection, Authorization/Access Control Bypass, Remote Code Execution, Authentication Bypass"
2026-08-30,starlette,CVE-2026-48817 CVE-2026-54282 CVE-2026-54283,"Several vulnerabilities were discovered in starlette, a lightweight ASGI framework/toolkit, which could result in bypass of authorization checks or denial of service.",DSA-6478-1,https://lists.debian.org/debian-security-announce/2026/msg00389.html,Denial of Service,"Sandbox Escape, Denial of Service, Server-Side Request Forgery, SQL Injection, Authorization/Access Control Bypass, Remote Code Execution, Authentication Bypass"
2026-08-30,starlette,CVE-2026-48817 CVE-2026-54282 CVE-2026-54283,"Several vulnerabilities were discovered in starlette, a lightweight ASGI framework/toolkit, which could result in bypass of authorization checks or denial of service.",DSA-6478-1,https://lists.debian.org/debian-security-announce/2026/msg00389.html,Server-Side Request Forgery,"Sandbox Escape, Denial of Service, Server-Side Request Forgery, SQL Injection, Authorization/Access Control Bypass, Remote Code Execution, Authentication Bypass"
2026-08-30,starlette,CVE-2026-48817 CVE-2026-54282 CVE-2026-54283,"Several vulnerabilities were discovered in starlette, a lightweight ASGI framework/toolkit, which could result in bypass of authorization checks or denial of service.",DSA-6478-1,https://lists.debian.org/debian-security-announce/2026/msg00389.html,SQL Injection,"Sandbox Escape, Denial of Service, Server-Side Request Forgery, SQL Injection, Authorization/Access Control Bypass, Remote Code Execution, Authentication Bypass"
2026-08-30,starlette,CVE-2026-48817 CVE-2026-54282 CVE-2026-54283,"Several vulnerabilities were discovered in starlette, a lightweight ASGI framework/toolkit, which could result in bypass of authorization checks or denial of service.",DSA-6478-1,https://lists.debian.org/debian-security-announce/2026/msg00389.html,Authorization/Access Control Bypass,"Sandbox Escape, Denial of Service, Server-Side Request Forgery, SQL Injection, Authorization/Access Control Bypass, Remote Code Execution, Authentication Bypass"
2026-08-30,starlette,CVE-2026-48817 CVE-2026-54282 CVE-2026-54283,"Several vulnerabilities were discovered in starlette, a lightweight ASGI framework/toolkit, which could result in bypass of authorization checks or denial of service.",DSA-6478-1,https://lists.debian.org/debian-security-announce/2026/msg00389.html,Remote Code Execution,"Sandbox Escape, Denial of Service, Server-Side Request Forgery, SQL Injection, Authorization/Access Control Bypass, Remote Code Execution, Authentication Bypass"
2026-08-30,starlette,CVE-2026-48817 CVE-2026-54282 CVE-2026-54283,"Several vulnerabilities were discovered in starlette, a lightweight ASGI framework/toolkit, which could result in bypass of authorization checks or denial of service.",DSA-6478-1,https://lists.debian.org/debian-security-announce/2026/msg00389.html,Authentication Bypass,"Sandbox Escape, Denial of Service, Server-Side Request Forgery, SQL Injection, Authorization/Access Control Bypass, Remote Code Execution, Authentication Bypass"
2026-08-29,linux,CVE-2025-40074 CVE-2026-64216 CVE-2026-64581 CVE-2026-74626 CVE-2026-74653 CVE-2026-74662 CVE-2026-80536 CVE-2026-80557 CVE-2026-80562 CVE-2026-80572 CVE-2026-80583 CVE-2026-80590 CVE-2026-80725,"CVE-2026-74653 CVE-2026-74662 CVE-2026-80536 CVE-2026-80557 CVE-2026-80562 CVE-2026-80572 CVE-2026-80583 CVE-2026-80590 CVE-2026-80725 Several vulnerabilities have been discovered in the Linux kernel that may lead to a privilege escalation, denial of service or information leaks.",DSA-6477-1,https://lists.debian.org/debian-security-announce/2026/msg00388.html,Privilege Escalation,"Privilege Escalation, Information Disclosure, Denial of Service"
2026-08-29,linux,CVE-2025-40074 CVE-2026-64216 CVE-2026-64581 CVE-2026-74626 CVE-2026-74653 CVE-2026-74662 CVE-2026-80536 CVE-2026-80557 CVE-2026-80562 CVE-2026-80572 CVE-2026-80583 CVE-2026-80590 CVE-2026-80725,"CVE-2026-74653 CVE-2026-74662 CVE-2026-80536 CVE-2026-80557 CVE-2026-80562 CVE-2026-80572 CVE-2026-80583 CVE-2026-80590 CVE-2026-80725 Several vulnerabilities have been discovered in the Linux kernel that may lead to a privilege escalation, denial of service or information leaks.",DSA-6477-1,https://lists.debian.org/debian-security-announce/2026/msg00388.html,Information Disclosure,"Privilege Escalation, Information Disclosure, Denial of Service"
2026-08-29,linux,CVE-2025-40074 CVE-2026-64216 CVE-2026-64581 CVE-2026-74626 CVE-2026-74653 CVE-2026-74662 CVE-2026-80536 CVE-2026-80557 CVE-2026-80562 CVE-2026-80572 CVE-2026-80583 CVE-2026-80590 CVE-2026-80725,"CVE-2026-74653 CVE-2026-74662 CVE-2026-80536 CVE-2026-80557 CVE-2026-80562 CVE-2026-80572 CVE-2026-80583 CVE-2026-80590 CVE-2026-80725 Several vulnerabilities have been discovered in the Linux kernel that may lead to a privilege escalation, denial of service or information leaks.",DSA-6477-1,https://lists.debian.org/debian-security-announce/2026/msg00388.html,Denial of Service,"Privilege Escalation, Information Disclosure, Denial of Service"
2026-08-27,libdbi-perl,CVE-2026-14380 CVE-2026-14739 CVE-2026-14740 CVE-2026-15043 CVE-2026-15392 CVE-2026-60081 CVE-2026-60082 CVE-2026-73193 CVE-2026-73194,"CVE-2026-15392 CVE-2026-60081 CVE-2026-60082 CVE-2026-73193 CVE-2026-73194 Several vulnerabilities were discovered in libdbi-perl, a Perl framework that provides a common interface to access various backend databases in a uniform manner, which could result in denial of service, path traversal, bypass of file-backed filters or the execution of arbitrary code.",DSA-6473-1,https://lists.debian.org/debian-security-announce/2026/msg00384.html,SQL Injection,"SQL Injection, Path Traversal, Remote Code Execution, Denial of Service"
2026-08-27,libdbi-perl,CVE-2026-14380 CVE-2026-14739 CVE-2026-14740 CVE-2026-15043 CVE-2026-15392 CVE-2026-60081 CVE-2026-60082 CVE-2026-73193 CVE-2026-73194,"CVE-2026-15392 CVE-2026-60081 CVE-2026-60082 CVE-2026-73193 CVE-2026-73194 Several vulnerabilities were discovered in libdbi-perl, a Perl framework that provides a common interface to access various backend databases in a uniform manner, which could result in denial of service, path traversal, bypass of file-backed filters or the execution of arbitrary code.",DSA-6473-1,https://lists.debian.org/debian-security-announce/2026/msg00384.html,Path Traversal,"SQL Injection, Path Traversal, Remote Code Execution, Denial of Service"
2026-08-27,libdbi-perl,CVE-2026-14380 CVE-2026-14739 CVE-2026-14740 CVE-2026-15043 CVE-2026-15392 CVE-2026-60081 CVE-2026-60082 CVE-2026-73193 CVE-2026-73194,"CVE-2026-15392 CVE-2026-60081 CVE-2026-60082 CVE-2026-73193 CVE-2026-73194 Several vulnerabilities were discovered in libdbi-perl, a Perl framework that provides a common interface to access various backend databases in a uniform manner, which could result in denial of service, path traversal, bypass of file-backed filters or the execution of arbitrary code.",DSA-6473-1,https://lists.debian.org/debian-security-announce/2026/msg00384.html,Remote Code Execution,"SQL Injection, Path Traversal, Remote Code Execution, Denial of Service"
2026-08-27,libdbi-perl,CVE-2026-14380 CVE-2026-14739 CVE-2026-14740 CVE-2026-15043 CVE-2026-15392 CVE-2026-60081 CVE-2026-60082 CVE-2026-73193 CVE-2026-73194,"CVE-2026-15392 CVE-2026-60081 CVE-2026-60082 CVE-2026-73193 CVE-2026-73194 Several vulnerabilities were discovered in libdbi-perl, a Perl framework that provides a common interface to access various backend databases in a uniform manner, which could result in denial of service, path traversal, bypass of file-backed filters or the execution of arbitrary code.",DSA-6473-1,https://lists.debian.org/debian-security-announce/2026/msg00384.html,Denial of Service,"SQL Injection, Path Traversal, Remote Code Execution, Denial of Service"
2026-08-27,xrdp,CVE-2026-32105 CVE-2026-32107 CVE-2026-32623 CVE-2026-32624 CVE-2026-33145 CVE-2026-33516 CVE-2026-33689 CVE-2026-35512 CVE-2026-41252 CVE-2026-41521 CVE-2026-42218 CVE-2026-44178 CVE-2026-44978 CVE-2026-54538 CVE-2026-55238 CVE-2026-55639 CVE-2026-55645,"CVE-2026-33145 CVE-2026-33516 CVE-2026-33689 CVE-2026-35512 CVE-2026-41252 CVE-2026-41521 CVE-2026-42218 CVE-2026-44178 CVE-2026-44978 CVE-2026-54538 CVE-2026-55238 CVE-2026-55639 CVE-2026-55645 Multiple vulnerabilities were discovered in xrdp, a Remote Desktop Protocol (RDP) server, which may result in denial of service, information disclosure, privilege escalation or the execution of arbitrary code. Several of these issues are exploitable by an unauthenticated remote attacker. This update also changes two defaults, as part of the fixes: * Alternate shells supplied by the client are now rejected unless AllowAlternateShell is explicitly enabled in /etc/xrdp/sesman.ini. This is the fix for CVE-2026-33145 and applies even on systems with a locally modified sesman.ini. * The generic VNC proxy session type [vnc-any] is now commented out in /etc/xrdp/xrdp.ini. It was reachable before authentication and exposed CVE-2026-41252 and CVE-2026-41521 to unauthenticated clients. Administrators who need it should re-enable it and restrict it to specific hosts and ports.",DSA-6469-1,https://lists.debian.org/debian-security-announce/2026/msg00380.html,Remote Code Execution,"Remote Code Execution, Privilege Escalation, Information Disclosure, Denial of Service"
2026-08-27,xrdp,CVE-2026-32105 CVE-2026-32107 CVE-2026-32623 CVE-2026-32624 CVE-2026-33145 CVE-2026-33516 CVE-2026-33689 CVE-2026-35512 CVE-2026-41252 CVE-2026-41521 CVE-2026-42218 CVE-2026-44178 CVE-2026-44978 CVE-2026-54538 CVE-2026-55238 CVE-2026-55639 CVE-2026-55645,"CVE-2026-33145 CVE-2026-33516 CVE-2026-33689 CVE-2026-35512 CVE-2026-41252 CVE-2026-41521 CVE-2026-42218 CVE-2026-44178 CVE-2026-44978 CVE-2026-54538 CVE-2026-55238 CVE-2026-55639 CVE-2026-55645 Multiple vulnerabilities were discovered in xrdp, a Remote Desktop Protocol (RDP) server, which may result in denial of service, information disclosure, privilege escalation or the execution of arbitrary code. Several of these issues are exploitable by an unauthenticated remote attacker. This update also changes two defaults, as part of the fixes: * Alternate shells supplied by the client are now rejected unless AllowAlternateShell is explicitly enabled in /etc/xrdp/sesman.ini. This is the fix for CVE-2026-33145 and applies even on systems with a locally modified sesman.ini. * The generic VNC proxy session type [vnc-any] is now commented out in /etc/xrdp/xrdp.ini. It was reachable before authentication and exposed CVE-2026-41252 and CVE-2026-41521 to unauthenticated clients. Administrators who need it should re-enable it and restrict it to specific hosts and ports.",DSA-6469-1,https://lists.debian.org/debian-security-announce/2026/msg00380.html,Privilege Escalation,"Remote Code Execution, Privilege Escalation, Information Disclosure, Denial of Service"
2026-08-27,xrdp,CVE-2026-32105 CVE-2026-32107 CVE-2026-32623 CVE-2026-32624 CVE-2026-33145 CVE-2026-33516 CVE-2026-33689 CVE-2026-35512 CVE-2026-41252 CVE-2026-41521 CVE-2026-42218 CVE-2026-44178 CVE-2026-44978 CVE-2026-54538 CVE-2026-55238 CVE-2026-55639 CVE-2026-55645,"CVE-2026-33145 CVE-2026-33516 CVE-2026-33689 CVE-2026-35512 CVE-2026-41252 CVE-2026-41521 CVE-2026-42218 CVE-2026-44178 CVE-2026-44978 CVE-2026-54538 CVE-2026-55238 CVE-2026-55639 CVE-2026-55645 Multiple vulnerabilities were discovered in xrdp, a Remote Desktop Protocol (RDP) server, which may result in denial of service, information disclosure, privilege escalation or the execution of arbitrary code. Several of these issues are exploitable by an unauthenticated remote attacker. This update also changes two defaults, as part of the fixes: * Alternate shells supplied by the client are now rejected unless AllowAlternateShell is explicitly enabled in /etc/xrdp/sesman.ini. This is the fix for CVE-2026-33145 and applies even on systems with a locally modified sesman.ini. * The generic VNC proxy session type [vnc-any] is now commented out in /etc/xrdp/xrdp.ini. It was reachable before authentication and exposed CVE-2026-41252 and CVE-2026-41521 to unauthenticated clients. Administrators who need it should re-enable it and restrict it to specific hosts and ports.",DSA-6469-1,https://lists.debian.org/debian-security-announce/2026/msg00380.html,Information Disclosure,"Remote Code Execution, Privilege Escalation, Information Disclosure, Denial of Service"
2026-08-27,xrdp,CVE-2026-32105 CVE-2026-32107 CVE-2026-32623 CVE-2026-32624 CVE-2026-33145 CVE-2026-33516 CVE-2026-33689 CVE-2026-35512 CVE-2026-41252 CVE-2026-41521 CVE-2026-42218 CVE-2026-44178 CVE-2026-44978 CVE-2026-54538 CVE-2026-55238 CVE-2026-55639 CVE-2026-55645,"CVE-2026-33145 CVE-2026-33516 CVE-2026-33689 CVE-2026-35512 CVE-2026-41252 CVE-2026-41521 CVE-2026-42218 CVE-2026-44178 CVE-2026-44978 CVE-2026-54538 CVE-2026-55238 CVE-2026-55639 CVE-2026-55645 Multiple vulnerabilities were discovered in xrdp, a Remote Desktop Protocol (RDP) server, which may result in denial of service, information disclosure, privilege escalation or the execution of arbitrary code. Several of these issues are exploitable by an unauthenticated remote attacker. This update also changes two defaults, as part of the fixes: * Alternate shells supplied by the client are now rejected unless AllowAlternateShell is explicitly enabled in /etc/xrdp/sesman.ini. This is the fix for CVE-2026-33145 and applies even on systems with a locally modified sesman.ini. * The generic VNC proxy session type [vnc-any] is now commented out in /etc/xrdp/xrdp.ini. It was reachable before authentication and exposed CVE-2026-41252 and CVE-2026-41521 to unauthenticated clients. Administrators who need it should re-enable it and restrict it to specific hosts and ports.",DSA-6469-1,https://lists.debian.org/debian-security-announce/2026/msg00380.html,Denial of Service,"Remote Code Execution, Privilege Escalation, Information Disclosure, Denial of Service"
2026-08-27,gimp,CVE-2026-18301 CVE-2026-18302 CVE-2026-18303 CVE-2026-18304 CVE-2026-18305 CVE-2026-18306 CVE-2026-18307 CVE-2026-18308 CVE-2026-42170 CVE-2026-58379 CVE-2026-58380 CVE-2026-58381 CVE-2026-58384 CVE-2026-59088 CVE-2026-59090 CVE-2026-66758 CVE-2026-66759,"CVE-2026-18305 CVE-2026-18306 CVE-2026-18307 CVE-2026-18308 CVE-2026-42170 CVE-2026-58379 CVE-2026-58380 CVE-2026-58381 CVE-2026-58384 CVE-2026-59088 CVE-2026-59090 CVE-2026-66758 CVE-2026-66759 Several vulnerabilities were discovered in GIMP, the GNU Image Manipulation Program, which could result in denial of service or potentially the execution of arbitrary code if malformed PSP, TIFF, DDS, PSD, SGI, FLI, FITS or ICNS files are opened.",DSA-6470-1,https://lists.debian.org/debian-security-announce/2026/msg00381.html,Remote Code Execution,"Remote Code Execution, Denial of Service"
2026-08-27,gimp,CVE-2026-18301 CVE-2026-18302 CVE-2026-18303 CVE-2026-18304 CVE-2026-18305 CVE-2026-18306 CVE-2026-18307 CVE-2026-18308 CVE-2026-42170 CVE-2026-58379 CVE-2026-58380 CVE-2026-58381 CVE-2026-58384 CVE-2026-59088 CVE-2026-59090 CVE-2026-66758 CVE-2026-66759,"CVE-2026-18305 CVE-2026-18306 CVE-2026-18307 CVE-2026-18308 CVE-2026-42170 CVE-2026-58379 CVE-2026-58380 CVE-2026-58381 CVE-2026-58384 CVE-2026-59088 CVE-2026-59090 CVE-2026-66758 CVE-2026-66759 Several vulnerabilities were discovered in GIMP, the GNU Image Manipulation Program, which could result in denial of service or potentially the execution of arbitrary code if malformed PSP, TIFF, DDS, PSD, SGI, FLI, FITS or ICNS files are opened.",DSA-6470-1,https://lists.debian.org/debian-security-announce/2026/msg00381.html,Denial of Service,"Remote Code Execution, Denial of Service"
2026-08-27,wireshark,CVE-2026-15163 CVE-2026-15164 CVE-2026-15166 CVE-2026-15167 CVE-2026-15168 CVE-2026-15169 CVE-2026-15170 CVE-2026-15171 CVE-2026-15172 CVE-2026-15174 CVE-2026-76879 CVE-2026-76880 CVE-2026-76881 CVE-2026-76882 CVE-2026-76883 CVE-2026-76884 CVE-2026-76885 CVE-2026-76886 CVE-2026-76887 CVE-2026-76888 CVE-2026-76889 CVE-2026-76890 CVE-2026-76891 CVE-2026-76917 CVE-2026-76918 CVE-2026-76919 CVE-2026-76920 CVE-2026-76921 CVE-2026-76922 CVE-2026-76923 CVE-2026-76924 CVE-2026-76926 CVE-2026-76927 CVE-2026-76928 CVE-2026-76929,"CVE-2026-15168 CVE-2026-15169 CVE-2026-15170 CVE-2026-15171 CVE-2026-15172 CVE-2026-15174 CVE-2026-76879 CVE-2026-76880 CVE-2026-76881 CVE-2026-76882 CVE-2026-76883 CVE-2026-76884 CVE-2026-76885 CVE-2026-76886 CVE-2026-76887 CVE-2026-76888 CVE-2026-76889 CVE-2026-76890 CVE-2026-76891 CVE-2026-76917 CVE-2026-76918 CVE-2026-76919 CVE-2026-76920 CVE-2026-76921 CVE-2026-76922 CVE-2026-76923 CVE-2026-76924 CVE-2026-76926 CVE-2026-76927 CVE-2026-76928 CVE-2026-76929 Multiple vulnerabilities have been discocvered in Wireshark, a network protocol analyzer which could result in denial of service or the execution of arbitrary code.",DSA-6471-1,https://lists.debian.org/debian-security-announce/2026/msg00382.html,Remote Code Execution,"Remote Code Execution, Denial of Service"
2026-08-27,wireshark,CVE-2026-15163 CVE-2026-15164 CVE-2026-15166 CVE-2026-15167 CVE-2026-15168 CVE-2026-15169 CVE-2026-15170 CVE-2026-15171 CVE-2026-15172 CVE-2026-15174 CVE-2026-76879 CVE-2026-76880 CVE-2026-76881 CVE-2026-76882 CVE-2026-76883 CVE-2026-76884 CVE-2026-76885 CVE-2026-76886 CVE-2026-76887 CVE-2026-76888 CVE-2026-76889 CVE-2026-76890 CVE-2026-76891 CVE-2026-76917 CVE-2026-76918 CVE-2026-76919 CVE-2026-76920 CVE-2026-76921 CVE-2026-76922 CVE-2026-76923 CVE-2026-76924 CVE-2026-76926 CVE-2026-76927 CVE-2026-76928 CVE-2026-76929,"CVE-2026-15168 CVE-2026-15169 CVE-2026-15170 CVE-2026-15171 CVE-2026-15172 CVE-2026-15174 CVE-2026-76879 CVE-2026-76880 CVE-2026-76881 CVE-2026-76882 CVE-2026-76883 CVE-2026-76884 CVE-2026-76885 CVE-2026-76886 CVE-2026-76887 CVE-2026-76888 CVE-2026-76889 CVE-2026-76890 CVE-2026-76891 CVE-2026-76917 CVE-2026-76918 CVE-2026-76919 CVE-2026-76920 CVE-2026-76921 CVE-2026-76922 CVE-2026-76923 CVE-2026-76924 CVE-2026-76926 CVE-2026-76927 CVE-2026-76928 CVE-2026-76929 Multiple vulnerabilities have been discocvered in Wireshark, a network protocol analyzer which could result in denial of service or the execution of arbitrary code.",DSA-6471-1,https://lists.debian.org/debian-security-announce/2026/msg00382.html,Denial of Service,"Remote Code Execution, Denial of Service"
2026-08-27,bubblewrap,not yet available,"A symlink traversal vulnerability was discovered in bubblewrap, a low-level unprivileged sandboxing tool used by Flatpak and other projects, which could result in sandbox escape by malicious/compromised Flatpak apps.",DSA-6472-1,https://lists.debian.org/debian-security-announce/2026/msg00383.html,Path Traversal,"Path Traversal, Sandbox Escape"
2026-08-27,bubblewrap,not yet available,"A symlink traversal vulnerability was discovered in bubblewrap, a low-level unprivileged sandboxing tool used by Flatpak and other projects, which could result in sandbox escape by malicious/compromised Flatpak apps.",DSA-6472-1,https://lists.debian.org/debian-security-announce/2026/msg00383.html,Sandbox Escape,"Path Traversal, Sandbox Escape"
2026-08-27,chromium,CVE-2026-76017 CVE-2026-76018 CVE-2026-76019 CVE-2026-76020 CVE-2026-76021 CVE-2026-76022 CVE-2026-76023,"CVE-2026-76021 CVE-2026-76022 CVE-2026-76023 Security issues were discovered in Chromium which could result in the execution of arbitrary code, denial of service, or information disclosure.",DSA-6476-1,https://lists.debian.org/debian-security-announce/2026/msg00387.html,Remote Code Execution,"Remote Code Execution, Information Disclosure, Denial of Service"
2026-08-27,chromium,CVE-2026-76017 CVE-2026-76018 CVE-2026-76019 CVE-2026-76020 CVE-2026-76021 CVE-2026-76022 CVE-2026-76023,"CVE-2026-76021 CVE-2026-76022 CVE-2026-76023 Security issues were discovered in Chromium which could result in the execution of arbitrary code, denial of service, or information disclosure.",DSA-6476-1,https://lists.debian.org/debian-security-announce/2026/msg00387.html,Information Disclosure,"Remote Code Execution, Information Disclosure, Denial of Service"
2026-08-27,chromium,CVE-2026-76017 CVE-2026-76018 CVE-2026-76019 CVE-2026-76020 CVE-2026-76021 CVE-2026-76022 CVE-2026-76023,"CVE-2026-76021 CVE-2026-76022 CVE-2026-76023 Security issues were discovered in Chromium which could result in the execution of arbitrary code, denial of service, or information disclosure.",DSA-6476-1,https://lists.debian.org/debian-security-announce/2026/msg00387.html,Denial of Service,"Remote Code Execution, Information Disclosure, Denial of Service"
2026-08-27,cockpit,CVE-2026-4802 CVE-2026-76235,"Two security vulnerabilities were discovered in Cockpit, a web console for Linux servers, which could result in the execution of arbitrary code or denial of service.",DSA-6474-1,https://lists.debian.org/debian-security-announce/2026/msg00385.html,Authentication Bypass,"Authentication Bypass, Command Injection, Remote Code Execution, Denial of Service"
2026-08-27,cockpit,CVE-2026-4802 CVE-2026-76235,"Two security vulnerabilities were discovered in Cockpit, a web console for Linux servers, which could result in the execution of arbitrary code or denial of service.",DSA-6474-1,https://lists.debian.org/debian-security-announce/2026/msg00385.html,Command Injection,"Authentication Bypass, Command Injection, Remote Code Execution, Denial of Service"
2026-08-27,cockpit,CVE-2026-4802 CVE-2026-76235,"Two security vulnerabilities were discovered in Cockpit, a web console for Linux servers, which could result in the execution of arbitrary code or denial of service.",DSA-6474-1,https://lists.debian.org/debian-security-announce/2026/msg00385.html,Remote Code Execution,"Authentication Bypass, Command Injection, Remote Code Execution, Denial of Service"
2026-08-27,cockpit,CVE-2026-4802 CVE-2026-76235,"Two security vulnerabilities were discovered in Cockpit, a web console for Linux servers, which could result in the execution of arbitrary code or denial of service.",DSA-6474-1,https://lists.debian.org/debian-security-announce/2026/msg00385.html,Denial of Service,"Authentication Bypass, Command Injection, Remote Code Execution, Denial of Service"
2026-08-27,suricata-update,CVE-2026-63347,"Guillem Lefait discovered a path traversal attack in suricata-update, a tool for updating Suricata rules, which allowed malformed rules to overwrite files on the system.",DSA-6475-1,https://lists.debian.org/debian-security-announce/2026/msg00386.html,Path Traversal,Path Traversal
2026-08-26,emacs,CVE-2026-6861,"Two security issues were discovered in GNU Emacs, which could result in the execution of arbitrary code when opening a malformed file and denial of service when processing malformed PBM/PPM/PGM images.",DSA-6468-1,https://lists.debian.org/debian-security-announce/2026/msg00379.html,Remote Code Execution,"Remote Code Execution, Denial of Service"
2026-08-26,emacs,CVE-2026-6861,"Two security issues were discovered in GNU Emacs, which could result in the execution of arbitrary code when opening a malformed file and denial of service when processing malformed PBM/PPM/PGM images.",DSA-6468-1,https://lists.debian.org/debian-security-announce/2026/msg00379.html,Denial of Service,"Remote Code Execution, Denial of Service"
2026-08-26,freecad,CVE-2026-34398 CVE-2026-34399 CVE-2026-34789 CVE-2026-73233 CVE-2026-73234 CVE-2026-73235,"CVE-2026-73234 CVE-2026-73235 Multiple vulnerabilities were discovered in FreeCAD, a parametric 3D CAD modeller, which may result in the execution of arbitrary code, the disclosure of local files or requests to arbitrary hosts when a crafted FCStd document or template is processed.",DSA-6467-1,https://lists.debian.org/debian-security-announce/2026/msg00378.html,Remote Code Execution,"Remote Code Execution, Information Disclosure"
2026-08-26,freecad,CVE-2026-34398 CVE-2026-34399 CVE-2026-34789 CVE-2026-73233 CVE-2026-73234 CVE-2026-73235,"CVE-2026-73234 CVE-2026-73235 Multiple vulnerabilities were discovered in FreeCAD, a parametric 3D CAD modeller, which may result in the execution of arbitrary code, the disclosure of local files or requests to arbitrary hosts when a crafted FCStd document or template is processed.",DSA-6467-1,https://lists.debian.org/debian-security-announce/2026/msg00378.html,Information Disclosure,"Remote Code Execution, Information Disclosure"
2026-08-25,linux,CVE-2025-38525 CVE-2025-40054 CVE-2026-43197 CVE-2026-53092 CVE-2026-64017 CVE-2026-64586 CVE-2026-68082 CVE-2026-68118 CVE-2026-68132 CVE-2026-68138 CVE-2026-68159 CVE-2026-68166 CVE-2026-68169 CVE-2026-68198 CVE-2026-68253 CVE-2026-68254 CVE-2026-68264 CVE-2026-68266 CVE-2026-68267 CVE-2026-68273 CVE-2026-68276 CVE-2026-68322 CVE-2026-68367 CVE-2026-68431 CVE-2026-68451 CVE-2026-68452 CVE-2026-68480 CVE-2026-72111 CVE-2026-74440 CVE-2026-74441 CVE-2026-74442 CVE-2026-74443 CVE-2026-74444 CVE-2026-74445 CVE-2026-74446 CVE-2026-74447 CVE-2026-74448 CVE-2026-74450 CVE-2026-74451 CVE-2026-74452 CVE-2026-74453 CVE-2026-74454 CVE-2026-74455 CVE-2026-74456 CVE-2026-74457 CVE-2026-74458 CVE-2026-74459 CVE-2026-74460 CVE-2026-74461 CVE-2026-74463 CVE-2026-74464 CVE-2026-74465 CVE-2026-74467 CVE-2026-74468 CVE-2026-74469 CVE-2026-74470 CVE-2026-74471 CVE-2026-74472 CVE-2026-74473 CVE-2026-74474 CVE-2026-74475 CVE-2026-74476 CVE-2026-74478 CVE-2026-74479 CVE-2026-74480 CVE-2026-74481 CVE-2026-74482 CVE-2026-74483 CVE-2026-74484 CVE-2026-74485 CVE-2026-74487 CVE-2026-74488 CVE-2026-74490 CVE-2026-74492 CVE-2026-74493 CVE-2026-74494 CVE-2026-74495 CVE-2026-74497 CVE-2026-74498 CVE-2026-74499 CVE-2026-74500 CVE-2026-74501 CVE-2026-74502 CVE-2026-74503 CVE-2026-74504 CVE-2026-74505 CVE-2026-74507 CVE-2026-74508 CVE-2026-74509 CVE-2026-74510 CVE-2026-74512 CVE-2026-74514 CVE-2026-74515 CVE-2026-74516 CVE-2026-74517 CVE-2026-74518 CVE-2026-74519 CVE-2026-74522 CVE-2026-74523 CVE-2026-74524 CVE-2026-74525 CVE-2026-74531 CVE-2026-74532 CVE-2026-74535 CVE-2026-74536 CVE-2026-74540 CVE-2026-74541 CVE-2026-74543 CVE-2026-74545 CVE-2026-74546 CVE-2026-74547 CVE-2026-74548 CVE-2026-74549 CVE-2026-74550 CVE-2026-74551 CVE-2026-74552 CVE-2026-74553 CVE-2026-74555 CVE-2026-74556 CVE-2026-74557 CVE-2026-74563 CVE-2026-74564 CVE-2026-74565 CVE-2026-74566 CVE-2026-74567 CVE-2026-74569 CVE-2026-74572 CVE-2026-74574 CVE-2026-74575 CVE-2026-74576 CVE-2026-74577 CVE-2026-74579 CVE-2026-74580 CVE-2026-74581 CVE-2026-74582 CVE-2026-74583 CVE-2026-74585 CVE-2026-74586 CVE-2026-74587 CVE-2026-74588 CVE-2026-74589 CVE-2026-74590 CVE-2026-74592 CVE-2026-74594 CVE-2026-74595 CVE-2026-74597 CVE-2026-74598 CVE-2026-74599 CVE-2026-74601 CVE-2026-74602 CVE-2026-74603 CVE-2026-74604 CVE-2026-74606 CVE-2026-74607 CVE-2026-74608 CVE-2026-74609 CVE-2026-74610 CVE-2026-74612 CVE-2026-74613 CVE-2026-74614 CVE-2026-74615 CVE-2026-74616 CVE-2026-74618 CVE-2026-74619 CVE-2026-74620 CVE-2026-74621 CVE-2026-74622 CVE-2026-74623 CVE-2026-74624 CVE-2026-74625 CVE-2026-74628 CVE-2026-74630 CVE-2026-74631 CVE-2026-74632 CVE-2026-74634 CVE-2026-74635 CVE-2026-74636 CVE-2026-74637 CVE-2026-74641 CVE-2026-74644 CVE-2026-74646 CVE-2026-74647 CVE-2026-74648 CVE-2026-74649 CVE-2026-74650 CVE-2026-74651 CVE-2026-74654 CVE-2026-74655 CVE-2026-74656 CVE-2026-74657 CVE-2026-74658 CVE-2026-74659 CVE-2026-74660 CVE-2026-74661 CVE-2026-74663 CVE-2026-74664 CVE-2026-74665 CVE-2026-74666 CVE-2026-74667 CVE-2026-74668 CVE-2026-74669 CVE-2026-74670 CVE-2026-74671 CVE-2026-74672 CVE-2026-74673 CVE-2026-74675 CVE-2026-74676 CVE-2026-74677 CVE-2026-74678 CVE-2026-74679 CVE-2026-74680 CVE-2026-74682 CVE-2026-74683 CVE-2026-74684 CVE-2026-74685 CVE-2026-74688 CVE-2026-74689 CVE-2026-74691 CVE-2026-74692 CVE-2026-74693 CVE-2026-74694 CVE-2026-74696 CVE-2026-74700 CVE-2026-74701 CVE-2026-74704 CVE-2026-74705 CVE-2026-74710 CVE-2026-74712 CVE-2026-74714 CVE-2026-74717 CVE-2026-74718 CVE-2026-74719 CVE-2026-74720 CVE-2026-74722 CVE-2026-74724 CVE-2026-74725 CVE-2026-74726 CVE-2026-74730 CVE-2026-74732,"CVE-2026-64017 CVE-2026-64586 CVE-2026-68082 CVE-2026-68118 CVE-2026-68132 CVE-2026-68138 CVE-2026-68159 CVE-2026-68166 CVE-2026-68169 CVE-2026-68198 CVE-2026-68253 CVE-2026-68254 CVE-2026-68264 CVE-2026-68266 CVE-2026-68267 CVE-2026-68273 CVE-2026-68276 CVE-2026-68322 CVE-2026-68367 CVE-2026-68431 CVE-2026-68451 CVE-2026-68452 CVE-2026-68480 CVE-2026-72111 CVE-2026-74440 CVE-2026-74441 CVE-2026-74442 CVE-2026-74443 CVE-2026-74444 CVE-2026-74445 CVE-2026-74446 CVE-2026-74447 CVE-2026-74448 CVE-2026-74450 CVE-2026-74451 CVE-2026-74452 CVE-2026-74453 CVE-2026-74454 CVE-2026-74455 CVE-2026-74456 CVE-2026-74457 CVE-2026-74458 CVE-2026-74459 CVE-2026-74460 CVE-2026-74461 CVE-2026-74463 CVE-2026-74464 CVE-2026-74465 CVE-2026-74467 CVE-2026-74468 CVE-2026-74469 CVE-2026-74470 CVE-2026-74471 CVE-2026-74472 CVE-2026-74473 CVE-2026-74474 CVE-2026-74475 CVE-2026-74476 CVE-2026-74478 CVE-2026-74479 CVE-2026-74480 CVE-2026-74481 CVE-2026-74482 CVE-2026-74483 CVE-2026-74484 CVE-2026-74485 CVE-2026-74487 CVE-2026-74488 CVE-2026-74490 CVE-2026-74492 CVE-2026-74493 CVE-2026-74494 CVE-2026-74495 CVE-2026-74497 CVE-2026-74498 CVE-2026-74499 CVE-2026-74500 CVE-2026-74501 CVE-2026-74502 CVE-2026-74503 CVE-2026-74504 CVE-2026-74505 CVE-2026-74507 CVE-2026-74508 CVE-2026-74509 CVE-2026-74510 CVE-2026-74512 CVE-2026-74514 CVE-2026-74515 CVE-2026-74516 CVE-2026-74517 CVE-2026-74518 CVE-2026-74519 CVE-2026-74522 CVE-2026-74523 CVE-2026-74524 CVE-2026-74525 CVE-2026-74531 CVE-2026-74532 CVE-2026-74535 CVE-2026-74536 CVE-2026-74540 CVE-2026-74541 CVE-2026-74543 CVE-2026-74545 CVE-2026-74546 CVE-2026-74547 CVE-2026-74548 CVE-2026-74549 CVE-2026-74550 CVE-2026-74551 CVE-2026-74552 CVE-2026-74553 CVE-2026-74555 CVE-2026-74556 CVE-2026-74557 CVE-2026-74563 CVE-2026-74564 CVE-2026-74565 CVE-2026-74566 CVE-2026-74567 CVE-2026-74569 CVE-2026-74572 CVE-2026-74574 CVE-2026-74575 CVE-2026-74576 CVE-2026-74577 CVE-2026-74579 CVE-2026-74580 CVE-2026-74581 CVE-2026-74582 CVE-2026-74583 CVE-2026-74585 CVE-2026-74586 CVE-2026-74587 CVE-2026-74588 CVE-2026-74589 CVE-2026-74590 CVE-2026-74592 CVE-2026-74594 CVE-2026-74595 CVE-2026-74597 CVE-2026-74598 CVE-2026-74599 CVE-2026-74601 CVE-2026-74602 CVE-2026-74603 CVE-2026-74604 CVE-2026-74606 CVE-2026-74607 CVE-2026-74608 CVE-2026-74609 CVE-2026-74610 CVE-2026-74612 CVE-2026-74613 CVE-2026-74614 CVE-2026-74615 CVE-2026-74616 CVE-2026-74618 CVE-2026-74619 CVE-2026-74620 CVE-2026-74621 CVE-2026-74622 CVE-2026-74623 CVE-2026-74624 CVE-2026-74625 CVE-2026-74628 CVE-2026-74630 CVE-2026-74631 CVE-2026-74632 CVE-2026-74634 CVE-2026-74635 CVE-2026-74636 CVE-2026-74637 CVE-2026-74641 CVE-2026-74644 CVE-2026-74646 CVE-2026-74647 CVE-2026-74648 CVE-2026-74649 CVE-2026-74650 CVE-2026-74651 CVE-2026-74654 CVE-2026-74655 CVE-2026-74656 CVE-2026-74657 CVE-2026-74658 CVE-2026-74659 CVE-2026-74660 CVE-2026-74661 CVE-2026-74663 CVE-2026-74664 CVE-2026-74665 CVE-2026-74666 CVE-2026-74667 CVE-2026-74668 CVE-2026-74669 CVE-2026-74670 CVE-2026-74671 CVE-2026-74672 CVE-2026-74673 CVE-2026-74675 CVE-2026-74676 CVE-2026-74677 CVE-2026-74678 CVE-2026-74679 CVE-2026-74680 CVE-2026-74682 CVE-2026-74683 CVE-2026-74684 CVE-2026-74685 CVE-2026-74688 CVE-2026-74689 CVE-2026-74691 CVE-2026-74692 CVE-2026-74693 CVE-2026-74694 CVE-2026-74696 CVE-2026-74700 CVE-2026-74701 CVE-2026-74704 CVE-2026-74705 CVE-2026-74710 CVE-2026-74712 CVE-2026-74714 CVE-2026-74717 CVE-2026-74718 CVE-2026-74719 CVE-2026-74720 CVE-2026-74722 CVE-2026-74724 CVE-2026-74725 CVE-2026-74726 CVE-2026-74730 CVE-2026-74732 Several vulnerabilities have been discovered in the Linux kernel that may lead to a privilege escalation, denial of service or information leaks.",DSA-6466-1,https://lists.debian.org/debian-security-announce/2026/msg00377.html,Privilege Escalation,"Privilege Escalation, Information Disclosure, Denial of Service"
2026-08-25,linux,CVE-2025-38525 CVE-2025-40054 CVE-2026-43197 CVE-2026-53092 CVE-2026-64017 CVE-2026-64586 CVE-2026-68082 CVE-2026-68118 CVE-2026-68132 CVE-2026-68138 CVE-2026-68159 CVE-2026-68166 CVE-2026-68169 CVE-2026-68198 CVE-2026-68253 CVE-2026-68254 CVE-2026-68264 CVE-2026-68266 CVE-2026-68267 CVE-2026-68273 CVE-2026-68276 CVE-2026-68322 CVE-2026-68367 CVE-2026-68431 CVE-2026-68451 CVE-2026-68452 CVE-2026-68480 CVE-2026-72111 CVE-2026-74440 CVE-2026-74441 CVE-2026-74442 CVE-2026-74443 CVE-2026-74444 CVE-2026-74445 CVE-2026-74446 CVE-2026-74447 CVE-2026-74448 CVE-2026-74450 CVE-2026-74451 CVE-2026-74452 CVE-2026-74453 CVE-2026-74454 CVE-2026-74455 CVE-2026-74456 CVE-2026-74457 CVE-2026-74458 CVE-2026-74459 CVE-2026-74460 CVE-2026-74461 CVE-2026-74463 CVE-2026-74464 CVE-2026-74465 CVE-2026-74467 CVE-2026-74468 CVE-2026-74469 CVE-2026-74470 CVE-2026-74471 CVE-2026-74472 CVE-2026-74473 CVE-2026-74474 CVE-2026-74475 CVE-2026-74476 CVE-2026-74478 CVE-2026-74479 CVE-2026-74480 CVE-2026-74481 CVE-2026-74482 CVE-2026-74483 CVE-2026-74484 CVE-2026-74485 CVE-2026-74487 CVE-2026-74488 CVE-2026-74490 CVE-2026-74492 CVE-2026-74493 CVE-2026-74494 CVE-2026-74495 CVE-2026-74497 CVE-2026-74498 CVE-2026-74499 CVE-2026-74500 CVE-2026-74501 CVE-2026-74502 CVE-2026-74503 CVE-2026-74504 CVE-2026-74505 CVE-2026-74507 CVE-2026-74508 CVE-2026-74509 CVE-2026-74510 CVE-2026-74512 CVE-2026-74514 CVE-2026-74515 CVE-2026-74516 CVE-2026-74517 CVE-2026-74518 CVE-2026-74519 CVE-2026-74522 CVE-2026-74523 CVE-2026-74524 CVE-2026-74525 CVE-2026-74531 CVE-2026-74532 CVE-2026-74535 CVE-2026-74536 CVE-2026-74540 CVE-2026-74541 CVE-2026-74543 CVE-2026-74545 CVE-2026-74546 CVE-2026-74547 CVE-2026-74548 CVE-2026-74549 CVE-2026-74550 CVE-2026-74551 CVE-2026-74552 CVE-2026-74553 CVE-2026-74555 CVE-2026-74556 CVE-2026-74557 CVE-2026-74563 CVE-2026-74564 CVE-2026-74565 CVE-2026-74566 CVE-2026-74567 CVE-2026-74569 CVE-2026-74572 CVE-2026-74574 CVE-2026-74575 CVE-2026-74576 CVE-2026-74577 CVE-2026-74579 CVE-2026-74580 CVE-2026-74581 CVE-2026-74582 CVE-2026-74583 CVE-2026-74585 CVE-2026-74586 CVE-2026-74587 CVE-2026-74588 CVE-2026-74589 CVE-2026-74590 CVE-2026-74592 CVE-2026-74594 CVE-2026-74595 CVE-2026-74597 CVE-2026-74598 CVE-2026-74599 CVE-2026-74601 CVE-2026-74602 CVE-2026-74603 CVE-2026-74604 CVE-2026-74606 CVE-2026-74607 CVE-2026-74608 CVE-2026-74609 CVE-2026-74610 CVE-2026-74612 CVE-2026-74613 CVE-2026-74614 CVE-2026-74615 CVE-2026-74616 CVE-2026-74618 CVE-2026-74619 CVE-2026-74620 CVE-2026-74621 CVE-2026-74622 CVE-2026-74623 CVE-2026-74624 CVE-2026-74625 CVE-2026-74628 CVE-2026-74630 CVE-2026-74631 CVE-2026-74632 CVE-2026-74634 CVE-2026-74635 CVE-2026-74636 CVE-2026-74637 CVE-2026-74641 CVE-2026-74644 CVE-2026-74646 CVE-2026-74647 CVE-2026-74648 CVE-2026-74649 CVE-2026-74650 CVE-2026-74651 CVE-2026-74654 CVE-2026-74655 CVE-2026-74656 CVE-2026-74657 CVE-2026-74658 CVE-2026-74659 CVE-2026-74660 CVE-2026-74661 CVE-2026-74663 CVE-2026-74664 CVE-2026-74665 CVE-2026-74666 CVE-2026-74667 CVE-2026-74668 CVE-2026-74669 CVE-2026-74670 CVE-2026-74671 CVE-2026-74672 CVE-2026-74673 CVE-2026-74675 CVE-2026-74676 CVE-2026-74677 CVE-2026-74678 CVE-2026-74679 CVE-2026-74680 CVE-2026-74682 CVE-2026-74683 CVE-2026-74684 CVE-2026-74685 CVE-2026-74688 CVE-2026-74689 CVE-2026-74691 CVE-2026-74692 CVE-2026-74693 CVE-2026-74694 CVE-2026-74696 CVE-2026-74700 CVE-2026-74701 CVE-2026-74704 CVE-2026-74705 CVE-2026-74710 CVE-2026-74712 CVE-2026-74714 CVE-2026-74717 CVE-2026-74718 CVE-2026-74719 CVE-2026-74720 CVE-2026-74722 CVE-2026-74724 CVE-2026-74725 CVE-2026-74726 CVE-2026-74730 CVE-2026-74732,"CVE-2026-64017 CVE-2026-64586 CVE-2026-68082 CVE-2026-68118 CVE-2026-68132 CVE-2026-68138 CVE-2026-68159 CVE-2026-68166 CVE-2026-68169 CVE-2026-68198 CVE-2026-68253 CVE-2026-68254 CVE-2026-68264 CVE-2026-68266 CVE-2026-68267 CVE-2026-68273 CVE-2026-68276 CVE-2026-68322 CVE-2026-68367 CVE-2026-68431 CVE-2026-68451 CVE-2026-68452 CVE-2026-68480 CVE-2026-72111 CVE-2026-74440 CVE-2026-74441 CVE-2026-74442 CVE-2026-74443 CVE-2026-74444 CVE-2026-74445 CVE-2026-74446 CVE-2026-74447 CVE-2026-74448 CVE-2026-74450 CVE-2026-74451 CVE-2026-74452 CVE-2026-74453 CVE-2026-74454 CVE-2026-74455 CVE-2026-74456 CVE-2026-74457 CVE-2026-74458 CVE-2026-74459 CVE-2026-74460 CVE-2026-74461 CVE-2026-74463 CVE-2026-74464 CVE-2026-74465 CVE-2026-74467 CVE-2026-74468 CVE-2026-74469 CVE-2026-74470 CVE-2026-74471 CVE-2026-74472 CVE-2026-74473 CVE-2026-74474 CVE-2026-74475 CVE-2026-74476 CVE-2026-74478 CVE-2026-74479 CVE-2026-74480 CVE-2026-74481 CVE-2026-74482 CVE-2026-74483 CVE-2026-74484 CVE-2026-74485 CVE-2026-74487 CVE-2026-74488 CVE-2026-74490 CVE-2026-74492 CVE-2026-74493 CVE-2026-74494 CVE-2026-74495 CVE-2026-74497 CVE-2026-74498 CVE-2026-74499 CVE-2026-74500 CVE-2026-74501 CVE-2026-74502 CVE-2026-74503 CVE-2026-74504 CVE-2026-74505 CVE-2026-74507 CVE-2026-74508 CVE-2026-74509 CVE-2026-74510 CVE-2026-74512 CVE-2026-74514 CVE-2026-74515 CVE-2026-74516 CVE-2026-74517 CVE-2026-74518 CVE-2026-74519 CVE-2026-74522 CVE-2026-74523 CVE-2026-74524 CVE-2026-74525 CVE-2026-74531 CVE-2026-74532 CVE-2026-74535 CVE-2026-74536 CVE-2026-74540 CVE-2026-74541 CVE-2026-74543 CVE-2026-74545 CVE-2026-74546 CVE-2026-74547 CVE-2026-74548 CVE-2026-74549 CVE-2026-74550 CVE-2026-74551 CVE-2026-74552 CVE-2026-74553 CVE-2026-74555 CVE-2026-74556 CVE-2026-74557 CVE-2026-74563 CVE-2026-74564 CVE-2026-74565 CVE-2026-74566 CVE-2026-74567 CVE-2026-74569 CVE-2026-74572 CVE-2026-74574 CVE-2026-74575 CVE-2026-74576 CVE-2026-74577 CVE-2026-74579 CVE-2026-74580 CVE-2026-74581 CVE-2026-74582 CVE-2026-74583 CVE-2026-74585 CVE-2026-74586 CVE-2026-74587 CVE-2026-74588 CVE-2026-74589 CVE-2026-74590 CVE-2026-74592 CVE-2026-74594 CVE-2026-74595 CVE-2026-74597 CVE-2026-74598 CVE-2026-74599 CVE-2026-74601 CVE-2026-74602 CVE-2026-74603 CVE-2026-74604 CVE-2026-74606 CVE-2026-74607 CVE-2026-74608 CVE-2026-74609 CVE-2026-74610 CVE-2026-74612 CVE-2026-74613 CVE-2026-74614 CVE-2026-74615 CVE-2026-74616 CVE-2026-74618 CVE-2026-74619 CVE-2026-74620 CVE-2026-74621 CVE-2026-74622 CVE-2026-74623 CVE-2026-74624 CVE-2026-74625 CVE-2026-74628 CVE-2026-74630 CVE-2026-74631 CVE-2026-74632 CVE-2026-74634 CVE-2026-74635 CVE-2026-74636 CVE-2026-74637 CVE-2026-74641 CVE-2026-74644 CVE-2026-74646 CVE-2026-74647 CVE-2026-74648 CVE-2026-74649 CVE-2026-74650 CVE-2026-74651 CVE-2026-74654 CVE-2026-74655 CVE-2026-74656 CVE-2026-74657 CVE-2026-74658 CVE-2026-74659 CVE-2026-74660 CVE-2026-74661 CVE-2026-74663 CVE-2026-74664 CVE-2026-74665 CVE-2026-74666 CVE-2026-74667 CVE-2026-74668 CVE-2026-74669 CVE-2026-74670 CVE-2026-74671 CVE-2026-74672 CVE-2026-74673 CVE-2026-74675 CVE-2026-74676 CVE-2026-74677 CVE-2026-74678 CVE-2026-74679 CVE-2026-74680 CVE-2026-74682 CVE-2026-74683 CVE-2026-74684 CVE-2026-74685 CVE-2026-74688 CVE-2026-74689 CVE-2026-74691 CVE-2026-74692 CVE-2026-74693 CVE-2026-74694 CVE-2026-74696 CVE-2026-74700 CVE-2026-74701 CVE-2026-74704 CVE-2026-74705 CVE-2026-74710 CVE-2026-74712 CVE-2026-74714 CVE-2026-74717 CVE-2026-74718 CVE-2026-74719 CVE-2026-74720 CVE-2026-74722 CVE-2026-74724 CVE-2026-74725 CVE-2026-74726 CVE-2026-74730 CVE-2026-74732 Several vulnerabilities have been discovered in the Linux kernel that may lead to a privilege escalation, denial of service or information leaks.",DSA-6466-1,https://lists.debian.org/debian-security-announce/2026/msg00377.html,Information Disclosure,"Privilege Escalation, Information Disclosure, Denial of Service"
2026-08-25,linux,CVE-2025-38525 CVE-2025-40054 CVE-2026-43197 CVE-2026-53092 CVE-2026-64017 CVE-2026-64586 CVE-2026-68082 CVE-2026-68118 CVE-2026-68132 CVE-2026-68138 CVE-2026-68159 CVE-2026-68166 CVE-2026-68169 CVE-2026-68198 CVE-2026-68253 CVE-2026-68254 CVE-2026-68264 CVE-2026-68266 CVE-2026-68267 CVE-2026-68273 CVE-2026-68276 CVE-2026-68322 CVE-2026-68367 CVE-2026-68431 CVE-2026-68451 CVE-2026-68452 CVE-2026-68480 CVE-2026-72111 CVE-2026-74440 CVE-2026-74441 CVE-2026-74442 CVE-2026-74443 CVE-2026-74444 CVE-2026-74445 CVE-2026-74446 CVE-2026-74447 CVE-2026-74448 CVE-2026-74450 CVE-2026-74451 CVE-2026-74452 CVE-2026-74453 CVE-2026-74454 CVE-2026-74455 CVE-2026-74456 CVE-2026-74457 CVE-2026-74458 CVE-2026-74459 CVE-2026-74460 CVE-2026-74461 CVE-2026-74463 CVE-2026-74464 CVE-2026-74465 CVE-2026-74467 CVE-2026-74468 CVE-2026-74469 CVE-2026-74470 CVE-2026-74471 CVE-2026-74472 CVE-2026-74473 CVE-2026-74474 CVE-2026-74475 CVE-2026-74476 CVE-2026-74478 CVE-2026-74479 CVE-2026-74480 CVE-2026-74481 CVE-2026-74482 CVE-2026-74483 CVE-2026-74484 CVE-2026-74485 CVE-2026-74487 CVE-2026-74488 CVE-2026-74490 CVE-2026-74492 CVE-2026-74493 CVE-2026-74494 CVE-2026-74495 CVE-2026-74497 CVE-2026-74498 CVE-2026-74499 CVE-2026-74500 CVE-2026-74501 CVE-2026-74502 CVE-2026-74503 CVE-2026-74504 CVE-2026-74505 CVE-2026-74507 CVE-2026-74508 CVE-2026-74509 CVE-2026-74510 CVE-2026-74512 CVE-2026-74514 CVE-2026-74515 CVE-2026-74516 CVE-2026-74517 CVE-2026-74518 CVE-2026-74519 CVE-2026-74522 CVE-2026-74523 CVE-2026-74524 CVE-2026-74525 CVE-2026-74531 CVE-2026-74532 CVE-2026-74535 CVE-2026-74536 CVE-2026-74540 CVE-2026-74541 CVE-2026-74543 CVE-2026-74545 CVE-2026-74546 CVE-2026-74547 CVE-2026-74548 CVE-2026-74549 CVE-2026-74550 CVE-2026-74551 CVE-2026-74552 CVE-2026-74553 CVE-2026-74555 CVE-2026-74556 CVE-2026-74557 CVE-2026-74563 CVE-2026-74564 CVE-2026-74565 CVE-2026-74566 CVE-2026-74567 CVE-2026-74569 CVE-2026-74572 CVE-2026-74574 CVE-2026-74575 CVE-2026-74576 CVE-2026-74577 CVE-2026-74579 CVE-2026-74580 CVE-2026-74581 CVE-2026-74582 CVE-2026-74583 CVE-2026-74585 CVE-2026-74586 CVE-2026-74587 CVE-2026-74588 CVE-2026-74589 CVE-2026-74590 CVE-2026-74592 CVE-2026-74594 CVE-2026-74595 CVE-2026-74597 CVE-2026-74598 CVE-2026-74599 CVE-2026-74601 CVE-2026-74602 CVE-2026-74603 CVE-2026-74604 CVE-2026-74606 CVE-2026-74607 CVE-2026-74608 CVE-2026-74609 CVE-2026-74610 CVE-2026-74612 CVE-2026-74613 CVE-2026-74614 CVE-2026-74615 CVE-2026-74616 CVE-2026-74618 CVE-2026-74619 CVE-2026-74620 CVE-2026-74621 CVE-2026-74622 CVE-2026-74623 CVE-2026-74624 CVE-2026-74625 CVE-2026-74628 CVE-2026-74630 CVE-2026-74631 CVE-2026-74632 CVE-2026-74634 CVE-2026-74635 CVE-2026-74636 CVE-2026-74637 CVE-2026-74641 CVE-2026-74644 CVE-2026-74646 CVE-2026-74647 CVE-2026-74648 CVE-2026-74649 CVE-2026-74650 CVE-2026-74651 CVE-2026-74654 CVE-2026-74655 CVE-2026-74656 CVE-2026-74657 CVE-2026-74658 CVE-2026-74659 CVE-2026-74660 CVE-2026-74661 CVE-2026-74663 CVE-2026-74664 CVE-2026-74665 CVE-2026-74666 CVE-2026-74667 CVE-2026-74668 CVE-2026-74669 CVE-2026-74670 CVE-2026-74671 CVE-2026-74672 CVE-2026-74673 CVE-2026-74675 CVE-2026-74676 CVE-2026-74677 CVE-2026-74678 CVE-2026-74679 CVE-2026-74680 CVE-2026-74682 CVE-2026-74683 CVE-2026-74684 CVE-2026-74685 CVE-2026-74688 CVE-2026-74689 CVE-2026-74691 CVE-2026-74692 CVE-2026-74693 CVE-2026-74694 CVE-2026-74696 CVE-2026-74700 CVE-2026-74701 CVE-2026-74704 CVE-2026-74705 CVE-2026-74710 CVE-2026-74712 CVE-2026-74714 CVE-2026-74717 CVE-2026-74718 CVE-2026-74719 CVE-2026-74720 CVE-2026-74722 CVE-2026-74724 CVE-2026-74725 CVE-2026-74726 CVE-2026-74730 CVE-2026-74732,"CVE-2026-64017 CVE-2026-64586 CVE-2026-68082 CVE-2026-68118 CVE-2026-68132 CVE-2026-68138 CVE-2026-68159 CVE-2026-68166 CVE-2026-68169 CVE-2026-68198 CVE-2026-68253 CVE-2026-68254 CVE-2026-68264 CVE-2026-68266 CVE-2026-68267 CVE-2026-68273 CVE-2026-68276 CVE-2026-68322 CVE-2026-68367 CVE-2026-68431 CVE-2026-68451 CVE-2026-68452 CVE-2026-68480 CVE-2026-72111 CVE-2026-74440 CVE-2026-74441 CVE-2026-74442 CVE-2026-74443 CVE-2026-74444 CVE-2026-74445 CVE-2026-74446 CVE-2026-74447 CVE-2026-74448 CVE-2026-74450 CVE-2026-74451 CVE-2026-74452 CVE-2026-74453 CVE-2026-74454 CVE-2026-74455 CVE-2026-74456 CVE-2026-74457 CVE-2026-74458 CVE-2026-74459 CVE-2026-74460 CVE-2026-74461 CVE-2026-74463 CVE-2026-74464 CVE-2026-74465 CVE-2026-74467 CVE-2026-74468 CVE-2026-74469 CVE-2026-74470 CVE-2026-74471 CVE-2026-74472 CVE-2026-74473 CVE-2026-74474 CVE-2026-74475 CVE-2026-74476 CVE-2026-74478 CVE-2026-74479 CVE-2026-74480 CVE-2026-74481 CVE-2026-74482 CVE-2026-74483 CVE-2026-74484 CVE-2026-74485 CVE-2026-74487 CVE-2026-74488 CVE-2026-74490 CVE-2026-74492 CVE-2026-74493 CVE-2026-74494 CVE-2026-74495 CVE-2026-74497 CVE-2026-74498 CVE-2026-74499 CVE-2026-74500 CVE-2026-74501 CVE-2026-74502 CVE-2026-74503 CVE-2026-74504 CVE-2026-74505 CVE-2026-74507 CVE-2026-74508 CVE-2026-74509 CVE-2026-74510 CVE-2026-74512 CVE-2026-74514 CVE-2026-74515 CVE-2026-74516 CVE-2026-74517 CVE-2026-74518 CVE-2026-74519 CVE-2026-74522 CVE-2026-74523 CVE-2026-74524 CVE-2026-74525 CVE-2026-74531 CVE-2026-74532 CVE-2026-74535 CVE-2026-74536 CVE-2026-74540 CVE-2026-74541 CVE-2026-74543 CVE-2026-74545 CVE-2026-74546 CVE-2026-74547 CVE-2026-74548 CVE-2026-74549 CVE-2026-74550 CVE-2026-74551 CVE-2026-74552 CVE-2026-74553 CVE-2026-74555 CVE-2026-74556 CVE-2026-74557 CVE-2026-74563 CVE-2026-74564 CVE-2026-74565 CVE-2026-74566 CVE-2026-74567 CVE-2026-74569 CVE-2026-74572 CVE-2026-74574 CVE-2026-74575 CVE-2026-74576 CVE-2026-74577 CVE-2026-74579 CVE-2026-74580 CVE-2026-74581 CVE-2026-74582 CVE-2026-74583 CVE-2026-74585 CVE-2026-74586 CVE-2026-74587 CVE-2026-74588 CVE-2026-74589 CVE-2026-74590 CVE-2026-74592 CVE-2026-74594 CVE-2026-74595 CVE-2026-74597 CVE-2026-74598 CVE-2026-74599 CVE-2026-74601 CVE-2026-74602 CVE-2026-74603 CVE-2026-74604 CVE-2026-74606 CVE-2026-74607 CVE-2026-74608 CVE-2026-74609 CVE-2026-74610 CVE-2026-74612 CVE-2026-74613 CVE-2026-74614 CVE-2026-74615 CVE-2026-74616 CVE-2026-74618 CVE-2026-74619 CVE-2026-74620 CVE-2026-74621 CVE-2026-74622 CVE-2026-74623 CVE-2026-74624 CVE-2026-74625 CVE-2026-74628 CVE-2026-74630 CVE-2026-74631 CVE-2026-74632 CVE-2026-74634 CVE-2026-74635 CVE-2026-74636 CVE-2026-74637 CVE-2026-74641 CVE-2026-74644 CVE-2026-74646 CVE-2026-74647 CVE-2026-74648 CVE-2026-74649 CVE-2026-74650 CVE-2026-74651 CVE-2026-74654 CVE-2026-74655 CVE-2026-74656 CVE-2026-74657 CVE-2026-74658 CVE-2026-74659 CVE-2026-74660 CVE-2026-74661 CVE-2026-74663 CVE-2026-74664 CVE-2026-74665 CVE-2026-74666 CVE-2026-74667 CVE-2026-74668 CVE-2026-74669 CVE-2026-74670 CVE-2026-74671 CVE-2026-74672 CVE-2026-74673 CVE-2026-74675 CVE-2026-74676 CVE-2026-74677 CVE-2026-74678 CVE-2026-74679 CVE-2026-74680 CVE-2026-74682 CVE-2026-74683 CVE-2026-74684 CVE-2026-74685 CVE-2026-74688 CVE-2026-74689 CVE-2026-74691 CVE-2026-74692 CVE-2026-74693 CVE-2026-74694 CVE-2026-74696 CVE-2026-74700 CVE-2026-74701 CVE-2026-74704 CVE-2026-74705 CVE-2026-74710 CVE-2026-74712 CVE-2026-74714 CVE-2026-74717 CVE-2026-74718 CVE-2026-74719 CVE-2026-74720 CVE-2026-74722 CVE-2026-74724 CVE-2026-74725 CVE-2026-74726 CVE-2026-74730 CVE-2026-74732 Several vulnerabilities have been discovered in the Linux kernel that may lead to a privilege escalation, denial of service or information leaks.",DSA-6466-1,https://lists.debian.org/debian-security-announce/2026/msg00377.html,Denial of Service,"Privilege Escalation, Information Disclosure, Denial of Service"
2026-08-25,openssl,CVE-2026-14456 CVE-2026-14457 CVE-2026-18798 CVE-2026-54874 CVE-2026-63072 CVE-2026-63073 CVE-2026-63074 CVE-2026-63075 CVE-2026-63076 CVE-2026-75803,"CVE-2026-63072 CVE-2026-63073 CVE-2026-63074 CVE-2026-63075 CVE-2026-63076 CVE-2026-75803 Multiple vulnerabilities have been discovered in OpenSSL, a Secure Sockets Layer toolkit, which may result in denial of service. Additional details can be found in the upstream advisories: https://openssl-library.org/news/secadv/20260813.txt https://openssl-library.org/news/secadv/20260825.txt",DSA-6465-1,https://lists.debian.org/debian-security-announce/2026/msg00376.html,Denial of Service,Denial of Service
2026-08-25,erlang,CVE-2026-28808 CVE-2026-28810 CVE-2026-32144 CVE-2026-32147 CVE-2026-42789 CVE-2026-42790 CVE-2026-42791 CVE-2026-42792 CVE-2026-47078 CVE-2026-48855 CVE-2026-48856 CVE-2026-48858 CVE-2026-48860 CVE-2026-49759 CVE-2026-49760 CVE-2026-53422 CVE-2026-54886 CVE-2026-54887 CVE-2026-54890 CVE-2026-54891 CVE-2026-55737 CVE-2026-55950 CVE-2026-55952 CVE-2026-55953 CVE-2026-58227 CVE-2026-59250 CVE-2026-59251,"CVE-2026-42789 CVE-2026-42790 CVE-2026-42791 CVE-2026-42792 CVE-2026-47078 CVE-2026-48855 CVE-2026-48856 CVE-2026-48858 CVE-2026-48860 CVE-2026-49759 CVE-2026-49760 CVE-2026-53422 CVE-2026-54886 CVE-2026-54887 CVE-2026-54890 CVE-2026-54891 CVE-2026-55737 CVE-2026-55950 CVE-2026-55952 CVE-2026-55953 CVE-2026-58227 CVE-2026-59250 CVE-2026-59251 Multiple vulnerabilities were discovered in Erlang/OTP, a concurrent, real-time, distributed functional language, which may result in denial of service, information disclosure, authentication and certificate validation bypass, or the execution of arbitrary code. These vulnerbilities affect a wide range of components: TLS and certificate validation (ssl, public_key), SSH (ssh), network clients and servers (inets, ftp, epmd, kernel), runtime and libraries (erts, erl_interface, stdlib, megaco). Several of these fixes tighten checks that were previously too permissive, and can cause configurations that worked before to stop working. The most likely to be noticed are: - TLS clients using verify_peer, which is the default, now reject certificates that carry no subjectAltName extension; the customize_hostname_check option does not restore the old behaviour. - Erlang distribution over TLS with the kernel 'check_ip' option now enforces the check that was previously a no-op, so clusters whose nodes are not on the same subnet lose distribution connectivity until the option is unset. - TLS clients that request OCSP stapling now fail the handshake when the server provides no stapled response. - Clients using TLS 1.2 or earlier now abort the handshake if the server sends an ALPN extension that the client did not advertise. - DNS queries made through inet_res now use randomised source ports",DSA-6464-1,https://lists.debian.org/debian-security-announce/2026/msg00375.html,Remote Code Execution,"Remote Code Execution, Information Disclosure, Denial of Service"
2026-08-25,erlang,CVE-2026-28808 CVE-2026-28810 CVE-2026-32144 CVE-2026-32147 CVE-2026-42789 CVE-2026-42790 CVE-2026-42791 CVE-2026-42792 CVE-2026-47078 CVE-2026-48855 CVE-2026-48856 CVE-2026-48858 CVE-2026-48860 CVE-2026-49759 CVE-2026-49760 CVE-2026-53422 CVE-2026-54886 CVE-2026-54887 CVE-2026-54890 CVE-2026-54891 CVE-2026-55737 CVE-2026-55950 CVE-2026-55952 CVE-2026-55953 CVE-2026-58227 CVE-2026-59250 CVE-2026-59251,"CVE-2026-42789 CVE-2026-42790 CVE-2026-42791 CVE-2026-42792 CVE-2026-47078 CVE-2026-48855 CVE-2026-48856 CVE-2026-48858 CVE-2026-48860 CVE-2026-49759 CVE-2026-49760 CVE-2026-53422 CVE-2026-54886 CVE-2026-54887 CVE-2026-54890 CVE-2026-54891 CVE-2026-55737 CVE-2026-55950 CVE-2026-55952 CVE-2026-55953 CVE-2026-58227 CVE-2026-59250 CVE-2026-59251 Multiple vulnerabilities were discovered in Erlang/OTP, a concurrent, real-time, distributed functional language, which may result in denial of service, information disclosure, authentication and certificate validation bypass, or the execution of arbitrary code. These vulnerbilities affect a wide range of components: TLS and certificate validation (ssl, public_key), SSH (ssh), network clients and servers (inets, ftp, epmd, kernel), runtime and libraries (erts, erl_interface, stdlib, megaco). Several of these fixes tighten checks that were previously too permissive, and can cause configurations that worked before to stop working. The most likely to be noticed are: - TLS clients using verify_peer, which is the default, now reject certificates that carry no subjectAltName extension; the customize_hostname_check option does not restore the old behaviour. - Erlang distribution over TLS with the kernel 'check_ip' option now enforces the check that was previously a no-op, so clusters whose nodes are not on the same subnet lose distribution connectivity until the option is unset. - TLS clients that request OCSP stapling now fail the handshake when the server provides no stapled response. - Clients using TLS 1.2 or earlier now abort the handshake if the server sends an ALPN extension that the client did not advertise. - DNS queries made through inet_res now use randomised source ports",DSA-6464-1,https://lists.debian.org/debian-security-announce/2026/msg00375.html,Information Disclosure,"Remote Code Execution, Information Disclosure, Denial of Service"
2026-08-25,erlang,CVE-2026-28808 CVE-2026-28810 CVE-2026-32144 CVE-2026-32147 CVE-2026-42789 CVE-2026-42790 CVE-2026-42791 CVE-2026-42792 CVE-2026-47078 CVE-2026-48855 CVE-2026-48856 CVE-2026-48858 CVE-2026-48860 CVE-2026-49759 CVE-2026-49760 CVE-2026-53422 CVE-2026-54886 CVE-2026-54887 CVE-2026-54890 CVE-2026-54891 CVE-2026-55737 CVE-2026-55950 CVE-2026-55952 CVE-2026-55953 CVE-2026-58227 CVE-2026-59250 CVE-2026-59251,"CVE-2026-42789 CVE-2026-42790 CVE-2026-42791 CVE-2026-42792 CVE-2026-47078 CVE-2026-48855 CVE-2026-48856 CVE-2026-48858 CVE-2026-48860 CVE-2026-49759 CVE-2026-49760 CVE-2026-53422 CVE-2026-54886 CVE-2026-54887 CVE-2026-54890 CVE-2026-54891 CVE-2026-55737 CVE-2026-55950 CVE-2026-55952 CVE-2026-55953 CVE-2026-58227 CVE-2026-59250 CVE-2026-59251 Multiple vulnerabilities were discovered in Erlang/OTP, a concurrent, real-time, distributed functional language, which may result in denial of service, information disclosure, authentication and certificate validation bypass, or the execution of arbitrary code. These vulnerbilities affect a wide range of components: TLS and certificate validation (ssl, public_key), SSH (ssh), network clients and servers (inets, ftp, epmd, kernel), runtime and libraries (erts, erl_interface, stdlib, megaco). Several of these fixes tighten checks that were previously too permissive, and can cause configurations that worked before to stop working. The most likely to be noticed are: - TLS clients using verify_peer, which is the default, now reject certificates that carry no subjectAltName extension; the customize_hostname_check option does not restore the old behaviour. - Erlang distribution over TLS with the kernel 'check_ip' option now enforces the check that was previously a no-op, so clusters whose nodes are not on the same subnet lose distribution connectivity until the option is unset. - TLS clients that request OCSP stapling now fail the handshake when the server provides no stapled response. - Clients using TLS 1.2 or earlier now abort the handshake if the server sends an ALPN extension that the client did not advertise. - DNS queries made through inet_res now use randomised source ports",DSA-6464-1,https://lists.debian.org/debian-security-announce/2026/msg00375.html,Denial of Service,"Remote Code Execution, Information Disclosure, Denial of Service"
2026-08-24,zfs-linux,not yet available,,DSA-6462-1,https://lists.debian.org/debian-security-announce/2026/msg00373.html,Unclassified,Unclassified
2026-08-24,webkit2gtk,CVE-2026-43804 CVE-2026-64713 CVE-2026-64719 CVE-2026-64728 CVE-2026-64730 CVE-2026-64757 CVE-2026-64783,"CVE-2026-64730 CVE-2026-64757 CVE-2026-64783 The following vulnerabilities have been discovered in the WebKitGTK web engine: CVE-2026-43804 Heiko Kiesel discovered that visiting a website may lead to an app denial-of-service. CVE-2026-64713 Kwak Kiyong and Song Nuri discovered that websites may know if the user has visited a given link. CVE-2026-64719 Shaheen Fazim discovered that processing maliciously crafted web content may lead to an unexpected process crash. CVE-2026-64728 An anonymous researcher discovered that maliciously crafted web content may violate iframe sandboxing policy. CVE-2026-64730 Kagami Rosylight discovered that visiting a website that frames malicious content may lead to UI spoofing. CVE-2026-64757 Milad Nasr and Nicholas Carlini discovered that processing maliciously crafted web content may lead to an unexpected process crash. CVE-2026-64783 lattice, Behzad Najjarpour Jabbari, Junyeong Lee, OGINOME Tomohito, Gia Bui and others discovered that processing maliciously crafted web content may lead to an unexpected process crash.",DSA-6463-1,https://lists.debian.org/debian-security-announce/2026/msg00374.html,Spoofing,"Spoofing, Server-Side Request Forgery, Denial of Service"
2026-08-24,webkit2gtk,CVE-2026-43804 CVE-2026-64713 CVE-2026-64719 CVE-2026-64728 CVE-2026-64730 CVE-2026-64757 CVE-2026-64783,"CVE-2026-64730 CVE-2026-64757 CVE-2026-64783 The following vulnerabilities have been discovered in the WebKitGTK web engine: CVE-2026-43804 Heiko Kiesel discovered that visiting a website may lead to an app denial-of-service. CVE-2026-64713 Kwak Kiyong and Song Nuri discovered that websites may know if the user has visited a given link. CVE-2026-64719 Shaheen Fazim discovered that processing maliciously crafted web content may lead to an unexpected process crash. CVE-2026-64728 An anonymous researcher discovered that maliciously crafted web content may violate iframe sandboxing policy. CVE-2026-64730 Kagami Rosylight discovered that visiting a website that frames malicious content may lead to UI spoofing. CVE-2026-64757 Milad Nasr and Nicholas Carlini discovered that processing maliciously crafted web content may lead to an unexpected process crash. CVE-2026-64783 lattice, Behzad Najjarpour Jabbari, Junyeong Lee, OGINOME Tomohito, Gia Bui and others discovered that processing maliciously crafted web content may lead to an unexpected process crash.",DSA-6463-1,https://lists.debian.org/debian-security-announce/2026/msg00374.html,Server-Side Request Forgery,"Spoofing, Server-Side Request Forgery, Denial of Service"
2026-08-24,webkit2gtk,CVE-2026-43804 CVE-2026-64713 CVE-2026-64719 CVE-2026-64728 CVE-2026-64730 CVE-2026-64757 CVE-2026-64783,"CVE-2026-64730 CVE-2026-64757 CVE-2026-64783 The following vulnerabilities have been discovered in the WebKitGTK web engine: CVE-2026-43804 Heiko Kiesel discovered that visiting a website may lead to an app denial-of-service. CVE-2026-64713 Kwak Kiyong and Song Nuri discovered that websites may know if the user has visited a given link. CVE-2026-64719 Shaheen Fazim discovered that processing maliciously crafted web content may lead to an unexpected process crash. CVE-2026-64728 An anonymous researcher discovered that maliciously crafted web content may violate iframe sandboxing policy. CVE-2026-64730 Kagami Rosylight discovered that visiting a website that frames malicious content may lead to UI spoofing. CVE-2026-64757 Milad Nasr and Nicholas Carlini discovered that processing maliciously crafted web content may lead to an unexpected process crash. CVE-2026-64783 lattice, Behzad Najjarpour Jabbari, Junyeong Lee, OGINOME Tomohito, Gia Bui and others discovered that processing maliciously crafted web content may lead to an unexpected process crash.",DSA-6463-1,https://lists.debian.org/debian-security-announce/2026/msg00374.html,Denial of Service,"Spoofing, Server-Side Request Forgery, Denial of Service"
2026-08-23,thunderbird,CVE-2026-74934 CVE-2026-74935 CVE-2026-74936 CVE-2026-74939 CVE-2026-74940 CVE-2026-74941 CVE-2026-74942 CVE-2026-74943 CVE-2026-74944 CVE-2026-74945 CVE-2026-74946 CVE-2026-74948 CVE-2026-74949 CVE-2026-74953 CVE-2026-74957 CVE-2026-74959 CVE-2026-74960 CVE-2026-74962 CVE-2026-74963 CVE-2026-74964 CVE-2026-74965 CVE-2026-74967 CVE-2026-74969 CVE-2026-74971 CVE-2026-74972 CVE-2026-74973 CVE-2026-74974 CVE-2026-74976 CVE-2026-74983 CVE-2026-74987 CVE-2026-74990,"CVE-2026-74940 CVE-2026-74941 CVE-2026-74942 CVE-2026-74943 CVE-2026-74944 CVE-2026-74945 CVE-2026-74946 CVE-2026-74948 CVE-2026-74949 CVE-2026-74953 CVE-2026-74957 CVE-2026-74959 CVE-2026-74960 CVE-2026-74962 CVE-2026-74963 CVE-2026-74964 CVE-2026-74965 CVE-2026-74967 CVE-2026-74969 CVE-2026-74971 CVE-2026-74972 CVE-2026-74973 CVE-2026-74974 CVE-2026-74976 CVE-2026-74983 CVE-2026-74987 CVE-2026-74990 Multiple security issues were discovered in Thunderbird, which could result in the execution of arbitrary code or information disclosure",DSA-6461-1,https://lists.debian.org/debian-security-announce/2026/msg00372.html,Remote Code Execution,"Remote Code Execution, Information Disclosure"
2026-08-23,thunderbird,CVE-2026-74934 CVE-2026-74935 CVE-2026-74936 CVE-2026-74939 CVE-2026-74940 CVE-2026-74941 CVE-2026-74942 CVE-2026-74943 CVE-2026-74944 CVE-2026-74945 CVE-2026-74946 CVE-2026-74948 CVE-2026-74949 CVE-2026-74953 CVE-2026-74957 CVE-2026-74959 CVE-2026-74960 CVE-2026-74962 CVE-2026-74963 CVE-2026-74964 CVE-2026-74965 CVE-2026-74967 CVE-2026-74969 CVE-2026-74971 CVE-2026-74972 CVE-2026-74973 CVE-2026-74974 CVE-2026-74976 CVE-2026-74983 CVE-2026-74987 CVE-2026-74990,"CVE-2026-74940 CVE-2026-74941 CVE-2026-74942 CVE-2026-74943 CVE-2026-74944 CVE-2026-74945 CVE-2026-74946 CVE-2026-74948 CVE-2026-74949 CVE-2026-74953 CVE-2026-74957 CVE-2026-74959 CVE-2026-74960 CVE-2026-74962 CVE-2026-74963 CVE-2026-74964 CVE-2026-74965 CVE-2026-74967 CVE-2026-74969 CVE-2026-74971 CVE-2026-74972 CVE-2026-74973 CVE-2026-74974 CVE-2026-74976 CVE-2026-74983 CVE-2026-74987 CVE-2026-74990 Multiple security issues were discovered in Thunderbird, which could result in the execution of arbitrary code or information disclosure",DSA-6461-1,https://lists.debian.org/debian-security-announce/2026/msg00372.html,Information Disclosure,"Remote Code Execution, Information Disclosure"
2026-08-23,openjdk-25,CVE-2026-60589 CVE-2026-61308 CVE-2026-70906 CVE-2026-70907,"Several vulnerabilities have been discovered in the OpenJDK Java runtime, which may result in denial of service or information disclosure.",DSA-6460-1,https://lists.debian.org/debian-security-announce/2026/msg00371.html,Information Disclosure,"Information Disclosure, Denial of Service"
2026-08-23,openjdk-25,CVE-2026-60589 CVE-2026-61308 CVE-2026-70906 CVE-2026-70907,"Several vulnerabilities have been discovered in the OpenJDK Java runtime, which may result in denial of service or information disclosure.",DSA-6460-1,https://lists.debian.org/debian-security-announce/2026/msg00371.html,Denial of Service,"Information Disclosure, Denial of Service"
2026-08-22,libnet-dns-perl,CVE-2026-64193 CVE-2026-64194,"Two vulnerabilities were discovered in libnet-dns-perl, a Perl module to perform DNS queries, which could result in denial of service or remote code execution.",DSA-6459-1,https://lists.debian.org/debian-security-announce/2026/msg00370.html,Remote Code Execution,"Remote Code Execution, Denial of Service"
2026-08-22,libnet-dns-perl,CVE-2026-64193 CVE-2026-64194,"Two vulnerabilities were discovered in libnet-dns-perl, a Perl module to perform DNS queries, which could result in denial of service or remote code execution.",DSA-6459-1,https://lists.debian.org/debian-security-announce/2026/msg00370.html,Denial of Service,"Remote Code Execution, Denial of Service"
2026-08-21,gst-plugins-bad1.0,CVE-2026-12891 CVE-2026-12892 CVE-2026-19387 CVE-2026-52720 CVE-2026-52722,"CVE-2026-52720 CVE-2026-52722 Multiple security vulnerabilities were discovered in plugins for the GStreamer media framework and its codecs and demuxers, which may result in denial of service or potentially the execution of arbitrary code if a malformed media file is opened.",DSA-6458-1,https://lists.debian.org/debian-security-announce/2026/msg00369.html,Remote Code Execution,"Remote Code Execution, Denial of Service"
2026-08-21,gst-plugins-bad1.0,CVE-2026-12891 CVE-2026-12892 CVE-2026-19387 CVE-2026-52720 CVE-2026-52722,"CVE-2026-52720 CVE-2026-52722 Multiple security vulnerabilities were discovered in plugins for the GStreamer media framework and its codecs and demuxers, which may result in denial of service or potentially the execution of arbitrary code if a malformed media file is opened.",DSA-6458-1,https://lists.debian.org/debian-security-announce/2026/msg00369.html,Denial of Service,"Remote Code Execution, Denial of Service"
2026-08-21,openjdk-21,CVE-2026-60589 CVE-2026-61308 CVE-2026-70907,"Several vulnerabilities have been discovered in the OpenJDK Java runtime, which may result in denial of service or information disclosure.",DSA-6457-1,https://lists.debian.org/debian-security-announce/2026/msg00368.html,Information Disclosure,"Information Disclosure, Denial of Service"
2026-08-21,openjdk-21,CVE-2026-60589 CVE-2026-61308 CVE-2026-70907,"Several vulnerabilities have been discovered in the OpenJDK Java runtime, which may result in denial of service or information disclosure.",DSA-6457-1,https://lists.debian.org/debian-security-announce/2026/msg00368.html,Denial of Service,"Information Disclosure, Denial of Service"
2026-08-21,spip,not yet available,"A vulnerability was discovered in SPIP, a website engine for publishing, which could result in unauthenticated remote code execution.",DSA-6456-1,https://lists.debian.org/debian-security-announce/2026/msg00367.html,Cross-Site Scripting,"Cross-Site Scripting, SQL Injection, Remote Code Execution, Authentication Bypass, Spoofing, Server-Side Request Forgery"
2026-08-21,spip,not yet available,"A vulnerability was discovered in SPIP, a website engine for publishing, which could result in unauthenticated remote code execution.",DSA-6456-1,https://lists.debian.org/debian-security-announce/2026/msg00367.html,SQL Injection,"Cross-Site Scripting, SQL Injection, Remote Code Execution, Authentication Bypass, Spoofing, Server-Side Request Forgery"
2026-08-21,spip,not yet available,"A vulnerability was discovered in SPIP, a website engine for publishing, which could result in unauthenticated remote code execution.",DSA-6456-1,https://lists.debian.org/debian-security-announce/2026/msg00367.html,Remote Code Execution,"Cross-Site Scripting, SQL Injection, Remote Code Execution, Authentication Bypass, Spoofing, Server-Side Request Forgery"
2026-08-21,spip,not yet available,"A vulnerability was discovered in SPIP, a website engine for publishing, which could result in unauthenticated remote code execution.",DSA-6456-1,https://lists.debian.org/debian-security-announce/2026/msg00367.html,Authentication Bypass,"Cross-Site Scripting, SQL Injection, Remote Code Execution, Authentication Bypass, Spoofing, Server-Side Request Forgery"
2026-08-21,spip,not yet available,"A vulnerability was discovered in SPIP, a website engine for publishing, which could result in unauthenticated remote code execution.",DSA-6456-1,https://lists.debian.org/debian-security-announce/2026/msg00367.html,Spoofing,"Cross-Site Scripting, SQL Injection, Remote Code Execution, Authentication Bypass, Spoofing, Server-Side Request Forgery"
2026-08-21,spip,not yet available,"A vulnerability was discovered in SPIP, a website engine for publishing, which could result in unauthenticated remote code execution.",DSA-6456-1,https://lists.debian.org/debian-security-announce/2026/msg00367.html,Server-Side Request Forgery,"Cross-Site Scripting, SQL Injection, Remote Code Execution, Authentication Bypass, Spoofing, Server-Side Request Forgery"
2026-08-20,sabnzbdplus,not yet available,It was discovered that the password protection of the web UI of the SABnzbd+ binary news reader/grabber could be bypassed.,DSA-6454-1,https://lists.debian.org/debian-security-announce/2026/msg00365.html,Authorization/Access Control Bypass,"Authorization/Access Control Bypass, Authentication Bypass"
2026-08-20,sabnzbdplus,not yet available,It was discovered that the password protection of the web UI of the SABnzbd+ binary news reader/grabber could be bypassed.,DSA-6454-1,https://lists.debian.org/debian-security-announce/2026/msg00365.html,Authentication Bypass,"Authorization/Access Control Bypass, Authentication Bypass"
2026-08-20,libgit2,CVE-2026-5917 CVE-2026-53583 CVE-2026-53584 CVE-2026-53585 CVE-2026-53586 CVE-2026-53587,"CVE-2026-53586 CVE-2026-53587 Multiple security issues were discovered in libgit2, a low-level Git library, which could result in the execution of arbitrary commands on a remote SSH server, disclosure of credentials, denial of service or the creation of directories outside a repository's working tree.",DSA-6453-1,https://lists.debian.org/debian-security-announce/2026/msg00364.html,Command Injection,"Command Injection, Remote Code Execution, Denial of Service"
2026-08-20,libgit2,CVE-2026-5917 CVE-2026-53583 CVE-2026-53584 CVE-2026-53585 CVE-2026-53586 CVE-2026-53587,"CVE-2026-53586 CVE-2026-53587 Multiple security issues were discovered in libgit2, a low-level Git library, which could result in the execution of arbitrary commands on a remote SSH server, disclosure of credentials, denial of service or the creation of directories outside a repository's working tree.",DSA-6453-1,https://lists.debian.org/debian-security-announce/2026/msg00364.html,Remote Code Execution,"Command Injection, Remote Code Execution, Denial of Service"
2026-08-20,libgit2,CVE-2026-5917 CVE-2026-53583 CVE-2026-53584 CVE-2026-53585 CVE-2026-53586 CVE-2026-53587,"CVE-2026-53586 CVE-2026-53587 Multiple security issues were discovered in libgit2, a low-level Git library, which could result in the execution of arbitrary commands on a remote SSH server, disclosure of credentials, denial of service or the creation of directories outside a repository's working tree.",DSA-6453-1,https://lists.debian.org/debian-security-announce/2026/msg00364.html,Denial of Service,"Command Injection, Remote Code Execution, Denial of Service"
2026-08-20,chromium,CVE-2026-76033 CVE-2026-76034 CVE-2026-76035 CVE-2026-76036 CVE-2026-76037 CVE-2026-76038 CVE-2026-76039 CVE-2026-76040 CVE-2026-76041 CVE-2026-76042 CVE-2026-76043 CVE-2026-76044 CVE-2026-76045 CVE-2026-76046 CVE-2026-76047,"CVE-2026-76037 CVE-2026-76038 CVE-2026-76039 CVE-2026-76040 CVE-2026-76041 CVE-2026-76042 CVE-2026-76043 CVE-2026-76044 CVE-2026-76045 CVE-2026-76046 CVE-2026-76047 Security issues were discovered in Chromium which could result in the execution of arbitrary code, denial of service, or information disclosure.",DSA-6455-1,https://lists.debian.org/debian-security-announce/2026/msg00366.html,Remote Code Execution,"Remote Code Execution, Information Disclosure, Denial of Service"
2026-08-20,chromium,CVE-2026-76033 CVE-2026-76034 CVE-2026-76035 CVE-2026-76036 CVE-2026-76037 CVE-2026-76038 CVE-2026-76039 CVE-2026-76040 CVE-2026-76041 CVE-2026-76042 CVE-2026-76043 CVE-2026-76044 CVE-2026-76045 CVE-2026-76046 CVE-2026-76047,"CVE-2026-76037 CVE-2026-76038 CVE-2026-76039 CVE-2026-76040 CVE-2026-76041 CVE-2026-76042 CVE-2026-76043 CVE-2026-76044 CVE-2026-76045 CVE-2026-76046 CVE-2026-76047 Security issues were discovered in Chromium which could result in the execution of arbitrary code, denial of service, or information disclosure.",DSA-6455-1,https://lists.debian.org/debian-security-announce/2026/msg00366.html,Information Disclosure,"Remote Code Execution, Information Disclosure, Denial of Service"
2026-08-20,chromium,CVE-2026-76033 CVE-2026-76034 CVE-2026-76035 CVE-2026-76036 CVE-2026-76037 CVE-2026-76038 CVE-2026-76039 CVE-2026-76040 CVE-2026-76041 CVE-2026-76042 CVE-2026-76043 CVE-2026-76044 CVE-2026-76045 CVE-2026-76046 CVE-2026-76047,"CVE-2026-76037 CVE-2026-76038 CVE-2026-76039 CVE-2026-76040 CVE-2026-76041 CVE-2026-76042 CVE-2026-76043 CVE-2026-76044 CVE-2026-76045 CVE-2026-76046 CVE-2026-76047 Security issues were discovered in Chromium which could result in the execution of arbitrary code, denial of service, or information disclosure.",DSA-6455-1,https://lists.debian.org/debian-security-announce/2026/msg00366.html,Denial of Service,"Remote Code Execution, Information Disclosure, Denial of Service"
2026-08-19,firefox-esr,CVE-2026-74934 CVE-2026-74935 CVE-2026-74936 CVE-2026-74939 CVE-2026-74940 CVE-2026-74941 CVE-2026-74942 CVE-2026-74943 CVE-2026-74944 CVE-2026-74945 CVE-2026-74946 CVE-2026-74948 CVE-2026-74949 CVE-2026-74953 CVE-2026-74957 CVE-2026-74959 CVE-2026-74960 CVE-2026-74962 CVE-2026-74963 CVE-2026-74964 CVE-2026-74965 CVE-2026-74967 CVE-2026-74969 CVE-2026-74971 CVE-2026-74972 CVE-2026-74973 CVE-2026-74974 CVE-2026-74976 CVE-2026-74983 CVE-2026-74987 CVE-2026-74990,"CVE-2026-74940 CVE-2026-74941 CVE-2026-74942 CVE-2026-74943 CVE-2026-74944 CVE-2026-74945 CVE-2026-74946 CVE-2026-74948 CVE-2026-74949 CVE-2026-74953 CVE-2026-74957 CVE-2026-74959 CVE-2026-74960 CVE-2026-74962 CVE-2026-74963 CVE-2026-74964 CVE-2026-74965 CVE-2026-74967 CVE-2026-74969 CVE-2026-74971 CVE-2026-74972 CVE-2026-74973 CVE-2026-74974 CVE-2026-74976 CVE-2026-74983 CVE-2026-74987 CVE-2026-74990 Multiple security issues have been found in the Mozilla Firefox web browser, which could potentially result in the execution of arbitrary code, privilege escalation, information disclosure or bypass of the same-origin policy.",DSA-6451-1,https://lists.debian.org/debian-security-announce/2026/msg00362.html,Privilege Escalation,"Privilege Escalation, Authorization/Access Control Bypass, Remote Code Execution, Information Disclosure, Server-Side Request Forgery"
2026-08-19,firefox-esr,CVE-2026-74934 CVE-2026-74935 CVE-2026-74936 CVE-2026-74939 CVE-2026-74940 CVE-2026-74941 CVE-2026-74942 CVE-2026-74943 CVE-2026-74944 CVE-2026-74945 CVE-2026-74946 CVE-2026-74948 CVE-2026-74949 CVE-2026-74953 CVE-2026-74957 CVE-2026-74959 CVE-2026-74960 CVE-2026-74962 CVE-2026-74963 CVE-2026-74964 CVE-2026-74965 CVE-2026-74967 CVE-2026-74969 CVE-2026-74971 CVE-2026-74972 CVE-2026-74973 CVE-2026-74974 CVE-2026-74976 CVE-2026-74983 CVE-2026-74987 CVE-2026-74990,"CVE-2026-74940 CVE-2026-74941 CVE-2026-74942 CVE-2026-74943 CVE-2026-74944 CVE-2026-74945 CVE-2026-74946 CVE-2026-74948 CVE-2026-74949 CVE-2026-74953 CVE-2026-74957 CVE-2026-74959 CVE-2026-74960 CVE-2026-74962 CVE-2026-74963 CVE-2026-74964 CVE-2026-74965 CVE-2026-74967 CVE-2026-74969 CVE-2026-74971 CVE-2026-74972 CVE-2026-74973 CVE-2026-74974 CVE-2026-74976 CVE-2026-74983 CVE-2026-74987 CVE-2026-74990 Multiple security issues have been found in the Mozilla Firefox web browser, which could potentially result in the execution of arbitrary code, privilege escalation, information disclosure or bypass of the same-origin policy.",DSA-6451-1,https://lists.debian.org/debian-security-announce/2026/msg00362.html,Authorization/Access Control Bypass,"Privilege Escalation, Authorization/Access Control Bypass, Remote Code Execution, Information Disclosure, Server-Side Request Forgery"
2026-08-19,firefox-esr,CVE-2026-74934 CVE-2026-74935 CVE-2026-74936 CVE-2026-74939 CVE-2026-74940 CVE-2026-74941 CVE-2026-74942 CVE-2026-74943 CVE-2026-74944 CVE-2026-74945 CVE-2026-74946 CVE-2026-74948 CVE-2026-74949 CVE-2026-74953 CVE-2026-74957 CVE-2026-74959 CVE-2026-74960 CVE-2026-74962 CVE-2026-74963 CVE-2026-74964 CVE-2026-74965 CVE-2026-74967 CVE-2026-74969 CVE-2026-74971 CVE-2026-74972 CVE-2026-74973 CVE-2026-74974 CVE-2026-74976 CVE-2026-74983 CVE-2026-74987 CVE-2026-74990,"CVE-2026-74940 CVE-2026-74941 CVE-2026-74942 CVE-2026-74943 CVE-2026-74944 CVE-2026-74945 CVE-2026-74946 CVE-2026-74948 CVE-2026-74949 CVE-2026-74953 CVE-2026-74957 CVE-2026-74959 CVE-2026-74960 CVE-2026-74962 CVE-2026-74963 CVE-2026-74964 CVE-2026-74965 CVE-2026-74967 CVE-2026-74969 CVE-2026-74971 CVE-2026-74972 CVE-2026-74973 CVE-2026-74974 CVE-2026-74976 CVE-2026-74983 CVE-2026-74987 CVE-2026-74990 Multiple security issues have been found in the Mozilla Firefox web browser, which could potentially result in the execution of arbitrary code, privilege escalation, information disclosure or bypass of the same-origin policy.",DSA-6451-1,https://lists.debian.org/debian-security-announce/2026/msg00362.html,Remote Code Execution,"Privilege Escalation, Authorization/Access Control Bypass, Remote Code Execution, Information Disclosure, Server-Side Request Forgery"
2026-08-19,firefox-esr,CVE-2026-74934 CVE-2026-74935 CVE-2026-74936 CVE-2026-74939 CVE-2026-74940 CVE-2026-74941 CVE-2026-74942 CVE-2026-74943 CVE-2026-74944 CVE-2026-74945 CVE-2026-74946 CVE-2026-74948 CVE-2026-74949 CVE-2026-74953 CVE-2026-74957 CVE-2026-74959 CVE-2026-74960 CVE-2026-74962 CVE-2026-74963 CVE-2026-74964 CVE-2026-74965 CVE-2026-74967 CVE-2026-74969 CVE-2026-74971 CVE-2026-74972 CVE-2026-74973 CVE-2026-74974 CVE-2026-74976 CVE-2026-74983 CVE-2026-74987 CVE-2026-74990,"CVE-2026-74940 CVE-2026-74941 CVE-2026-74942 CVE-2026-74943 CVE-2026-74944 CVE-2026-74945 CVE-2026-74946 CVE-2026-74948 CVE-2026-74949 CVE-2026-74953 CVE-2026-74957 CVE-2026-74959 CVE-2026-74960 CVE-2026-74962 CVE-2026-74963 CVE-2026-74964 CVE-2026-74965 CVE-2026-74967 CVE-2026-74969 CVE-2026-74971 CVE-2026-74972 CVE-2026-74973 CVE-2026-74974 CVE-2026-74976 CVE-2026-74983 CVE-2026-74987 CVE-2026-74990 Multiple security issues have been found in the Mozilla Firefox web browser, which could potentially result in the execution of arbitrary code, privilege escalation, information disclosure or bypass of the same-origin policy.",DSA-6451-1,https://lists.debian.org/debian-security-announce/2026/msg00362.html,Information Disclosure,"Privilege Escalation, Authorization/Access Control Bypass, Remote Code Execution, Information Disclosure, Server-Side Request Forgery"
2026-08-19,firefox-esr,CVE-2026-74934 CVE-2026-74935 CVE-2026-74936 CVE-2026-74939 CVE-2026-74940 CVE-2026-74941 CVE-2026-74942 CVE-2026-74943 CVE-2026-74944 CVE-2026-74945 CVE-2026-74946 CVE-2026-74948 CVE-2026-74949 CVE-2026-74953 CVE-2026-74957 CVE-2026-74959 CVE-2026-74960 CVE-2026-74962 CVE-2026-74963 CVE-2026-74964 CVE-2026-74965 CVE-2026-74967 CVE-2026-74969 CVE-2026-74971 CVE-2026-74972 CVE-2026-74973 CVE-2026-74974 CVE-2026-74976 CVE-2026-74983 CVE-2026-74987 CVE-2026-74990,"CVE-2026-74940 CVE-2026-74941 CVE-2026-74942 CVE-2026-74943 CVE-2026-74944 CVE-2026-74945 CVE-2026-74946 CVE-2026-74948 CVE-2026-74949 CVE-2026-74953 CVE-2026-74957 CVE-2026-74959 CVE-2026-74960 CVE-2026-74962 CVE-2026-74963 CVE-2026-74964 CVE-2026-74965 CVE-2026-74967 CVE-2026-74969 CVE-2026-74971 CVE-2026-74972 CVE-2026-74973 CVE-2026-74974 CVE-2026-74976 CVE-2026-74983 CVE-2026-74987 CVE-2026-74990 Multiple security issues have been found in the Mozilla Firefox web browser, which could potentially result in the execution of arbitrary code, privilege escalation, information disclosure or bypass of the same-origin policy.",DSA-6451-1,https://lists.debian.org/debian-security-announce/2026/msg00362.html,Server-Side Request Forgery,"Privilege Escalation, Authorization/Access Control Bypass, Remote Code Execution, Information Disclosure, Server-Side Request Forgery"
2026-08-19,designate,CVE-2026-71193 CVE-2026-71194,"Two security vulnerabilities were discovered in Designate, the OpenStack DNS-as-a-Service component, which could result in a tenant manipulating the zones of a different tenant, resulting in denial of service or DNS hijacking.",DSA-6452-1,https://lists.debian.org/debian-security-announce/2026/msg00363.html,Denial of Service,Denial of Service
2026-08-18,srt,CVE-2026-55868 CVE-2026-55869,"Two security vulnerabilities were discovered in SRT, a latency-aware UDP streaming library, which could result in denial of service or encryption bypass.",DSA-6450-1,https://lists.debian.org/debian-security-announce/2026/msg00361.html,Cryptographic/Encryption Bypass,"Cryptographic/Encryption Bypass, Remote Code Execution, Denial of Service"
2026-08-18,srt,CVE-2026-55868 CVE-2026-55869,"Two security vulnerabilities were discovered in SRT, a latency-aware UDP streaming library, which could result in denial of service or encryption bypass.",DSA-6450-1,https://lists.debian.org/debian-security-announce/2026/msg00361.html,Remote Code Execution,"Cryptographic/Encryption Bypass, Remote Code Execution, Denial of Service"
2026-08-18,srt,CVE-2026-55868 CVE-2026-55869,"Two security vulnerabilities were discovered in SRT, a latency-aware UDP streaming library, which could result in denial of service or encryption bypass.",DSA-6450-1,https://lists.debian.org/debian-security-announce/2026/msg00361.html,Denial of Service,"Cryptographic/Encryption Bypass, Remote Code Execution, Denial of Service"
2026-08-18,swift,CVE-2026-50221 CVE-2026-71191 CVE-2026-71192,"Multiple security vulnerabilities were discovered in Swift, a distributed virtual object store, which could result in information disclosure via SSRF or authorisation bypass in the s3api middleware.",DSA-6449-1,https://lists.debian.org/debian-security-announce/2026/msg00360.html,Information Disclosure,"Information Disclosure, Server-Side Request Forgery"
2026-08-18,swift,CVE-2026-50221 CVE-2026-71191 CVE-2026-71192,"Multiple security vulnerabilities were discovered in Swift, a distributed virtual object store, which could result in information disclosure via SSRF or authorisation bypass in the s3api middleware.",DSA-6449-1,https://lists.debian.org/debian-security-announce/2026/msg00360.html,Server-Side Request Forgery,"Information Disclosure, Server-Side Request Forgery"
2026-08-18,spip,not yet available,"A vulnerability was discovered in SPIP, a website engine for publishing, which could result in unauthenticated remote code execution.",DSA-6448-1,https://lists.debian.org/debian-security-announce/2026/msg00359.html,Cross-Site Scripting,"Cross-Site Scripting, SQL Injection, Remote Code Execution, Authentication Bypass, Spoofing, Server-Side Request Forgery"
2026-08-18,spip,not yet available,"A vulnerability was discovered in SPIP, a website engine for publishing, which could result in unauthenticated remote code execution.",DSA-6448-1,https://lists.debian.org/debian-security-announce/2026/msg00359.html,SQL Injection,"Cross-Site Scripting, SQL Injection, Remote Code Execution, Authentication Bypass, Spoofing, Server-Side Request Forgery"
2026-08-18,spip,not yet available,"A vulnerability was discovered in SPIP, a website engine for publishing, which could result in unauthenticated remote code execution.",DSA-6448-1,https://lists.debian.org/debian-security-announce/2026/msg00359.html,Remote Code Execution,"Cross-Site Scripting, SQL Injection, Remote Code Execution, Authentication Bypass, Spoofing, Server-Side Request Forgery"
2026-08-18,spip,not yet available,"A vulnerability was discovered in SPIP, a website engine for publishing, which could result in unauthenticated remote code execution.",DSA-6448-1,https://lists.debian.org/debian-security-announce/2026/msg00359.html,Authentication Bypass,"Cross-Site Scripting, SQL Injection, Remote Code Execution, Authentication Bypass, Spoofing, Server-Side Request Forgery"
2026-08-18,spip,not yet available,"A vulnerability was discovered in SPIP, a website engine for publishing, which could result in unauthenticated remote code execution.",DSA-6448-1,https://lists.debian.org/debian-security-announce/2026/msg00359.html,Spoofing,"Cross-Site Scripting, SQL Injection, Remote Code Execution, Authentication Bypass, Spoofing, Server-Side Request Forgery"
2026-08-18,spip,not yet available,"A vulnerability was discovered in SPIP, a website engine for publishing, which could result in unauthenticated remote code execution.",DSA-6448-1,https://lists.debian.org/debian-security-announce/2026/msg00359.html,Server-Side Request Forgery,"Cross-Site Scripting, SQL Injection, Remote Code Execution, Authentication Bypass, Spoofing, Server-Side Request Forgery"
2026-08-18,librabbitmq,CVE-2026-59986 CVE-2026-61547,"Two security vulnerabilities were discovered in librabbitmq, an AMQP client library, which could result in denial of service or potentially the execution of arbitrary code.",DSA-6447-1,https://lists.debian.org/debian-security-announce/2026/msg00358.html,SQL Injection,"SQL Injection, Remote Code Execution, Denial of Service"
2026-08-18,librabbitmq,CVE-2026-59986 CVE-2026-61547,"Two security vulnerabilities were discovered in librabbitmq, an AMQP client library, which could result in denial of service or potentially the execution of arbitrary code.",DSA-6447-1,https://lists.debian.org/debian-security-announce/2026/msg00358.html,Remote Code Execution,"SQL Injection, Remote Code Execution, Denial of Service"
2026-08-18,librabbitmq,CVE-2026-59986 CVE-2026-61547,"Two security vulnerabilities were discovered in librabbitmq, an AMQP client library, which could result in denial of service or potentially the execution of arbitrary code.",DSA-6447-1,https://lists.debian.org/debian-security-announce/2026/msg00358.html,Denial of Service,"SQL Injection, Remote Code Execution, Denial of Service"
2026-08-18,expat,CVE-2026-72522,"A flaw was discovered in the UTF-16 decoding support of expat, an XML parsing C library, where low surrogates were treated in the same way as high surrogates. Parsing crafted XML input may result in an out-of-bounds read and a resultant infinite loop, leading to denial of service. Only builds with 16 bit character support are affected, which in Debian is the libexpatw library shipped in the libexpat1 package. In addition, this update corrects a regression introduced in the previous security update (DSA-6404-1): on 32 bit architectures, documents larger than 2 GiB were incorrectly rejected with an out of memory error.",DSA-6446-1,https://lists.debian.org/debian-security-announce/2026/msg00357.html,Denial of Service,Denial of Service
2026-08-17,ironic,CVE-2026-43003 CVE-2026-44918 CVE-2026-54421,"CCE-2026-54423 Multiple security vulnerabilities were discovered in Ironic, the OpenStack component to management and provision of baremetal servers, which could result in bypass of administrative access/API restrictions, information disclosure or the execution of arbitrary code via malformed images.",DSA-6445-1,https://lists.debian.org/debian-security-announce/2026/msg00356.html,Information Disclosure,"Information Disclosure, Remote Code Execution, Sandbox Escape"
2026-08-17,ironic,CVE-2026-43003 CVE-2026-44918 CVE-2026-54421,"CCE-2026-54423 Multiple security vulnerabilities were discovered in Ironic, the OpenStack component to management and provision of baremetal servers, which could result in bypass of administrative access/API restrictions, information disclosure or the execution of arbitrary code via malformed images.",DSA-6445-1,https://lists.debian.org/debian-security-announce/2026/msg00356.html,Remote Code Execution,"Information Disclosure, Remote Code Execution, Sandbox Escape"
2026-08-17,ironic,CVE-2026-43003 CVE-2026-44918 CVE-2026-54421,"CCE-2026-54423 Multiple security vulnerabilities were discovered in Ironic, the OpenStack component to management and provision of baremetal servers, which could result in bypass of administrative access/API restrictions, information disclosure or the execution of arbitrary code via malformed images.",DSA-6445-1,https://lists.debian.org/debian-security-announce/2026/msg00356.html,Sandbox Escape,"Information Disclosure, Remote Code Execution, Sandbox Escape"
2026-08-16,docker.io,CVE-2026-33747 CVE-2026-33748 CVE-2026-33997 CVE-2026-34040 CVE-2026-41567 CVE-2026-41568 CVE-2026-42306,"CVE-2026-41567 CVE-2026-41568 CVE-2026-42306 Multiple vulnerabilities were discovered in the Docker container engine and in the bundled BuildKit build toolkit, which may result in privilege escalation, arbitrary file access on the host, or bypass of authorization policies.",DSA-6443-1,https://lists.debian.org/debian-security-announce/2026/msg00354.html,Privilege Escalation,"Privilege Escalation, Sandbox Escape"
2026-08-16,docker.io,CVE-2026-33747 CVE-2026-33748 CVE-2026-33997 CVE-2026-34040 CVE-2026-41567 CVE-2026-41568 CVE-2026-42306,"CVE-2026-41567 CVE-2026-41568 CVE-2026-42306 Multiple vulnerabilities were discovered in the Docker container engine and in the bundled BuildKit build toolkit, which may result in privilege escalation, arbitrary file access on the host, or bypass of authorization policies.",DSA-6443-1,https://lists.debian.org/debian-security-announce/2026/msg00354.html,Sandbox Escape,"Privilege Escalation, Sandbox Escape"
2026-08-16,neutron,CVE-2026-55707,"Two vulnerabilities were discovered in Neutron, the OpenStack virtual network service, which could result in incorrect validation of API permissions.",DSA-6444-1,https://lists.debian.org/debian-security-announce/2026/msg00355.html,Unclassified,Unclassified
2026-08-14,util-linux,CVE-2026-13595 CVE-2026-27456 CVE-2026-53612 CVE-2026-53613 CVE-2026-53614,CVE-2026-53614 Several vulnerabilities were discovered in util-linux which could result in privilege escalation.,DSA-6442-1,https://lists.debian.org/debian-security-announce/2026/msg00353.html,Privilege Escalation,Privilege Escalation
2026-08-14,python-httplib2,CVE-2026-59939,"A flaw was discovered in python-httplib2, a comprehensive Python HTTP client library. Unbounded decompression of HTTP response bodies encoded with gzip or deflate Content-Encoding could result in denial of service.",DSA-6441-1,https://lists.debian.org/debian-security-announce/2026/msg00352.html,Server-Side Request Forgery,"Server-Side Request Forgery, Denial of Service"
2026-08-14,python-httplib2,CVE-2026-59939,"A flaw was discovered in python-httplib2, a comprehensive Python HTTP client library. Unbounded decompression of HTTP response bodies encoded with gzip or deflate Content-Encoding could result in denial of service.",DSA-6441-1,https://lists.debian.org/debian-security-announce/2026/msg00352.html,Denial of Service,"Server-Side Request Forgery, Denial of Service"
2026-08-14,unzip,not yet available,"Akhil Koul discovered a vulnerability in the Info-ZIP unzip program, which could result in the execution of arbitrary code if a specially crafted file is processed.",DSA-6440-1,https://lists.debian.org/debian-security-announce/2026/msg00351.html,Remote Code Execution,"Remote Code Execution, Sandbox Escape"
2026-08-14,unzip,not yet available,"Akhil Koul discovered a vulnerability in the Info-ZIP unzip program, which could result in the execution of arbitrary code if a specially crafted file is processed.",DSA-6440-1,https://lists.debian.org/debian-security-announce/2026/msg00351.html,Sandbox Escape,"Remote Code Execution, Sandbox Escape"
2026-08-14,zip,not yet available,Harry Sintonen discovered that the Info-ZIP zip program is prone to a command injection vulnerability if a specially crafted filename is processed.,DSA-6439-1,https://lists.debian.org/debian-security-announce/2026/msg00350.html,SQL Injection,"SQL Injection, Command Injection"
2026-08-14,zip,not yet available,Harry Sintonen discovered that the Info-ZIP zip program is prone to a command injection vulnerability if a specially crafted filename is processed.,DSA-6439-1,https://lists.debian.org/debian-security-announce/2026/msg00350.html,Command Injection,"SQL Injection, Command Injection"
2026-08-13,postgresql-17,CVE-2026-6464 CVE-2026-6469 CVE-2026-6470 CVE-2026-6471 CVE-2026-6473 CVE-2026-14662 CVE-2026-14663 CVE-2026-14664 CVE-2026-14666 CVE-2026-14668 CVE-2026-14669 CVE-2026-14670 CVE-2026-14671 CVE-2026-14672 CVE-2026-14673 CVE-2026-14677 CVE-2026-14678 CVE-2026-14679 CVE-2026-14680 CVE-2026-14681 CVE-2026-15741 CVE-2026-15742 CVE-2026-16239 CVE-2026-16241 CVE-2026-18024 CVE-2026-18408 CVE-2026-19385,"CVE-2026-6473 CVE-2026-14662 CVE-2026-14663 CVE-2026-14664 CVE-2026-14666 CVE-2026-14668 CVE-2026-14669 CVE-2026-14670 CVE-2026-14671 CVE-2026-14672 CVE-2026-14673 CVE-2026-14677 CVE-2026-14678 CVE-2026-14679 CVE-2026-14680 CVE-2026-14681 CVE-2026-15741 CVE-2026-15742 CVE-2026-16239 CVE-2026-16241 CVE-2026-18024 CVE-2026-18408 CVE-2026-19385 Multiple security issues were discovered in PostgreSQL, which may result in execution of arbitrary code, incorrect authentication, information disclosure, or privilege escalation. The upstream fix to address CVE-2026-6471 requires additional changes to the configuration if some extensions are used. This affects the postgresql-17-wal2json, postgresql-17-squeeze, postgresql-17-pg-rewrite and postgresql-17-decoderbufs extensions included in Debian. Quoting from the changelog: | Restrict logical decoding output plugins to the set specified by | a new server parameter `output_plugin_libraries` (Jacob | Champion) | Previously, a replication user could select any loadable library | | Restrict logical decoding output plugins to the set specified by | a new server parameter `output_plugin_libraries` (Jacob | Champion) | Previously, a replication user could select any loadable library | for logical decoding, allowing exploits of various sorts. To | allow locking this down without breaking setups that worked | before, introduce a whitelist of allowed output plugins. | | By default, only the output plugins shipped as part of | PostgreSQL (`pgoutput` and `test_decoding`) are included in |`output_plugin_libraries`. Installations that rely on other | output plugins must add them after updating the server, for | example | | output_plugin_libraries = 'pgoutput, test_decoding, my_trusted_decoder'",DSA-6438-1,https://lists.debian.org/debian-security-announce/2026/msg00349.html,Remote Code Execution,"Remote Code Execution, Privilege Escalation, Information Disclosure, Authentication Bypass"
2026-08-13,postgresql-17,CVE-2026-6464 CVE-2026-6469 CVE-2026-6470 CVE-2026-6471 CVE-2026-6473 CVE-2026-14662 CVE-2026-14663 CVE-2026-14664 CVE-2026-14666 CVE-2026-14668 CVE-2026-14669 CVE-2026-14670 CVE-2026-14671 CVE-2026-14672 CVE-2026-14673 CVE-2026-14677 CVE-2026-14678 CVE-2026-14679 CVE-2026-14680 CVE-2026-14681 CVE-2026-15741 CVE-2026-15742 CVE-2026-16239 CVE-2026-16241 CVE-2026-18024 CVE-2026-18408 CVE-2026-19385,"CVE-2026-6473 CVE-2026-14662 CVE-2026-14663 CVE-2026-14664 CVE-2026-14666 CVE-2026-14668 CVE-2026-14669 CVE-2026-14670 CVE-2026-14671 CVE-2026-14672 CVE-2026-14673 CVE-2026-14677 CVE-2026-14678 CVE-2026-14679 CVE-2026-14680 CVE-2026-14681 CVE-2026-15741 CVE-2026-15742 CVE-2026-16239 CVE-2026-16241 CVE-2026-18024 CVE-2026-18408 CVE-2026-19385 Multiple security issues were discovered in PostgreSQL, which may result in execution of arbitrary code, incorrect authentication, information disclosure, or privilege escalation. The upstream fix to address CVE-2026-6471 requires additional changes to the configuration if some extensions are used. This affects the postgresql-17-wal2json, postgresql-17-squeeze, postgresql-17-pg-rewrite and postgresql-17-decoderbufs extensions included in Debian. Quoting from the changelog: | Restrict logical decoding output plugins to the set specified by | a new server parameter `output_plugin_libraries` (Jacob | Champion) | Previously, a replication user could select any loadable library | | Restrict logical decoding output plugins to the set specified by | a new server parameter `output_plugin_libraries` (Jacob | Champion) | Previously, a replication user could select any loadable library | for logical decoding, allowing exploits of various sorts. To | allow locking this down without breaking setups that worked | before, introduce a whitelist of allowed output plugins. | | By default, only the output plugins shipped as part of | PostgreSQL (`pgoutput` and `test_decoding`) are included in |`output_plugin_libraries`. Installations that rely on other | output plugins must add them after updating the server, for | example | | output_plugin_libraries = 'pgoutput, test_decoding, my_trusted_decoder'",DSA-6438-1,https://lists.debian.org/debian-security-announce/2026/msg00349.html,Privilege Escalation,"Remote Code Execution, Privilege Escalation, Information Disclosure, Authentication Bypass"
2026-08-13,postgresql-17,CVE-2026-6464 CVE-2026-6469 CVE-2026-6470 CVE-2026-6471 CVE-2026-6473 CVE-2026-14662 CVE-2026-14663 CVE-2026-14664 CVE-2026-14666 CVE-2026-14668 CVE-2026-14669 CVE-2026-14670 CVE-2026-14671 CVE-2026-14672 CVE-2026-14673 CVE-2026-14677 CVE-2026-14678 CVE-2026-14679 CVE-2026-14680 CVE-2026-14681 CVE-2026-15741 CVE-2026-15742 CVE-2026-16239 CVE-2026-16241 CVE-2026-18024 CVE-2026-18408 CVE-2026-19385,"CVE-2026-6473 CVE-2026-14662 CVE-2026-14663 CVE-2026-14664 CVE-2026-14666 CVE-2026-14668 CVE-2026-14669 CVE-2026-14670 CVE-2026-14671 CVE-2026-14672 CVE-2026-14673 CVE-2026-14677 CVE-2026-14678 CVE-2026-14679 CVE-2026-14680 CVE-2026-14681 CVE-2026-15741 CVE-2026-15742 CVE-2026-16239 CVE-2026-16241 CVE-2026-18024 CVE-2026-18408 CVE-2026-19385 Multiple security issues were discovered in PostgreSQL, which may result in execution of arbitrary code, incorrect authentication, information disclosure, or privilege escalation. The upstream fix to address CVE-2026-6471 requires additional changes to the configuration if some extensions are used. This affects the postgresql-17-wal2json, postgresql-17-squeeze, postgresql-17-pg-rewrite and postgresql-17-decoderbufs extensions included in Debian. Quoting from the changelog: | Restrict logical decoding output plugins to the set specified by | a new server parameter `output_plugin_libraries` (Jacob | Champion) | Previously, a replication user could select any loadable library | | Restrict logical decoding output plugins to the set specified by | a new server parameter `output_plugin_libraries` (Jacob | Champion) | Previously, a replication user could select any loadable library | for logical decoding, allowing exploits of various sorts. To | allow locking this down without breaking setups that worked | before, introduce a whitelist of allowed output plugins. | | By default, only the output plugins shipped as part of | PostgreSQL (`pgoutput` and `test_decoding`) are included in |`output_plugin_libraries`. Installations that rely on other | output plugins must add them after updating the server, for | example | | output_plugin_libraries = 'pgoutput, test_decoding, my_trusted_decoder'",DSA-6438-1,https://lists.debian.org/debian-security-announce/2026/msg00349.html,Information Disclosure,"Remote Code Execution, Privilege Escalation, Information Disclosure, Authentication Bypass"
2026-08-13,postgresql-17,CVE-2026-6464 CVE-2026-6469 CVE-2026-6470 CVE-2026-6471 CVE-2026-6473 CVE-2026-14662 CVE-2026-14663 CVE-2026-14664 CVE-2026-14666 CVE-2026-14668 CVE-2026-14669 CVE-2026-14670 CVE-2026-14671 CVE-2026-14672 CVE-2026-14673 CVE-2026-14677 CVE-2026-14678 CVE-2026-14679 CVE-2026-14680 CVE-2026-14681 CVE-2026-15741 CVE-2026-15742 CVE-2026-16239 CVE-2026-16241 CVE-2026-18024 CVE-2026-18408 CVE-2026-19385,"CVE-2026-6473 CVE-2026-14662 CVE-2026-14663 CVE-2026-14664 CVE-2026-14666 CVE-2026-14668 CVE-2026-14669 CVE-2026-14670 CVE-2026-14671 CVE-2026-14672 CVE-2026-14673 CVE-2026-14677 CVE-2026-14678 CVE-2026-14679 CVE-2026-14680 CVE-2026-14681 CVE-2026-15741 CVE-2026-15742 CVE-2026-16239 CVE-2026-16241 CVE-2026-18024 CVE-2026-18408 CVE-2026-19385 Multiple security issues were discovered in PostgreSQL, which may result in execution of arbitrary code, incorrect authentication, information disclosure, or privilege escalation. The upstream fix to address CVE-2026-6471 requires additional changes to the configuration if some extensions are used. This affects the postgresql-17-wal2json, postgresql-17-squeeze, postgresql-17-pg-rewrite and postgresql-17-decoderbufs extensions included in Debian. Quoting from the changelog: | Restrict logical decoding output plugins to the set specified by | a new server parameter `output_plugin_libraries` (Jacob | Champion) | Previously, a replication user could select any loadable library | | Restrict logical decoding output plugins to the set specified by | a new server parameter `output_plugin_libraries` (Jacob | Champion) | Previously, a replication user could select any loadable library | for logical decoding, allowing exploits of various sorts. To | allow locking this down without breaking setups that worked | before, introduce a whitelist of allowed output plugins. | | By default, only the output plugins shipped as part of | PostgreSQL (`pgoutput` and `test_decoding`) are included in |`output_plugin_libraries`. Installations that rely on other | output plugins must add them after updating the server, for | example | | output_plugin_libraries = 'pgoutput, test_decoding, my_trusted_decoder'",DSA-6438-1,https://lists.debian.org/debian-security-announce/2026/msg00349.html,Authentication Bypass,"Remote Code Execution, Privilege Escalation, Information Disclosure, Authentication Bypass"
2026-08-13,apr-util,CVE-2025-49506 CVE-2026-32327 CVE-2026-34501 CVE-2026-34502,"Several vulnerabilities were discovered in apr-util, the Apache Portable Runtime Utility library, which could result in denial of service or potentially the execution of arbitrary code.",DSA-6437-1,https://lists.debian.org/debian-security-announce/2026/msg00348.html,Remote Code Execution,"Remote Code Execution, Denial of Service"
2026-08-13,apr-util,CVE-2025-49506 CVE-2026-32327 CVE-2026-34501 CVE-2026-34502,"Several vulnerabilities were discovered in apr-util, the Apache Portable Runtime Utility library, which could result in denial of service or potentially the execution of arbitrary code.",DSA-6437-1,https://lists.debian.org/debian-security-announce/2026/msg00348.html,Denial of Service,"Remote Code Execution, Denial of Service"
2026-08-13,chromium,CVE-2026-19556 CVE-2026-19557 CVE-2026-19558 CVE-2026-19559 CVE-2026-19560,"CVE-2026-19560 Security issues were discovered in Chromium which could result in the execution of arbitrary code, denial of service, or information disclosure.",DSA-6436-1,https://lists.debian.org/debian-security-announce/2026/msg00347.html,Remote Code Execution,"Remote Code Execution, Information Disclosure, Denial of Service"
2026-08-13,chromium,CVE-2026-19556 CVE-2026-19557 CVE-2026-19558 CVE-2026-19559 CVE-2026-19560,"CVE-2026-19560 Security issues were discovered in Chromium which could result in the execution of arbitrary code, denial of service, or information disclosure.",DSA-6436-1,https://lists.debian.org/debian-security-announce/2026/msg00347.html,Information Disclosure,"Remote Code Execution, Information Disclosure, Denial of Service"
2026-08-13,chromium,CVE-2026-19556 CVE-2026-19557 CVE-2026-19558 CVE-2026-19559 CVE-2026-19560,"CVE-2026-19560 Security issues were discovered in Chromium which could result in the execution of arbitrary code, denial of service, or information disclosure.",DSA-6436-1,https://lists.debian.org/debian-security-announce/2026/msg00347.html,Denial of Service,"Remote Code Execution, Information Disclosure, Denial of Service"
2026-08-12,lemonldap-ng,CVE-2026-12804 CVE-2026-19349,It was discovered that the Lemonldap::NG web SSO system insufficiently enforced access when using the GitHub/Linkedin authentication backends.,DSA-6434-1,https://lists.debian.org/debian-security-announce/2026/msg00344.html,Unclassified,Unclassified
2026-08-12,flatpak,not yet available,"Multiple security vulnerabilities were discovered in Flatpak, an application deployment framework for desktop apps, which could result in local privilege escalation, sandbox escape or information disclosure.",DSA-6432-1,https://lists.debian.org/debian-security-announce/2026/msg00343.html,Information Disclosure,"Information Disclosure, Privilege Escalation, Sandbox Escape"
2026-08-12,flatpak,not yet available,"Multiple security vulnerabilities were discovered in Flatpak, an application deployment framework for desktop apps, which could result in local privilege escalation, sandbox escape or information disclosure.",DSA-6432-1,https://lists.debian.org/debian-security-announce/2026/msg00343.html,Privilege Escalation,"Information Disclosure, Privilege Escalation, Sandbox Escape"
2026-08-12,flatpak,not yet available,"Multiple security vulnerabilities were discovered in Flatpak, an application deployment framework for desktop apps, which could result in local privilege escalation, sandbox escape or information disclosure.",DSA-6432-1,https://lists.debian.org/debian-security-announce/2026/msg00343.html,Sandbox Escape,"Information Disclosure, Privilege Escalation, Sandbox Escape"
2026-08-12,spip,CVE-2026-66738,"Several vulnerabilities were discovered in SPIP, a website engine for publishing, which could result in remote code execution, SQL injection and server-side request forgery.",DSA-6435-1,https://lists.debian.org/debian-security-announce/2026/msg00345.html,Cross-Site Scripting,"Cross-Site Scripting, SQL Injection, Remote Code Execution, Spoofing, Server-Side Request Forgery"
2026-08-12,spip,CVE-2026-66738,"Several vulnerabilities were discovered in SPIP, a website engine for publishing, which could result in remote code execution, SQL injection and server-side request forgery.",DSA-6435-1,https://lists.debian.org/debian-security-announce/2026/msg00345.html,SQL Injection,"Cross-Site Scripting, SQL Injection, Remote Code Execution, Spoofing, Server-Side Request Forgery"
2026-08-12,spip,CVE-2026-66738,"Several vulnerabilities were discovered in SPIP, a website engine for publishing, which could result in remote code execution, SQL injection and server-side request forgery.",DSA-6435-1,https://lists.debian.org/debian-security-announce/2026/msg00345.html,Remote Code Execution,"Cross-Site Scripting, SQL Injection, Remote Code Execution, Spoofing, Server-Side Request Forgery"
2026-08-12,spip,CVE-2026-66738,"Several vulnerabilities were discovered in SPIP, a website engine for publishing, which could result in remote code execution, SQL injection and server-side request forgery.",DSA-6435-1,https://lists.debian.org/debian-security-announce/2026/msg00345.html,Spoofing,"Cross-Site Scripting, SQL Injection, Remote Code Execution, Spoofing, Server-Side Request Forgery"
2026-08-12,spip,CVE-2026-66738,"Several vulnerabilities were discovered in SPIP, a website engine for publishing, which could result in remote code execution, SQL injection and server-side request forgery.",DSA-6435-1,https://lists.debian.org/debian-security-announce/2026/msg00345.html,Server-Side Request Forgery,"Cross-Site Scripting, SQL Injection, Remote Code Execution, Spoofing, Server-Side Request Forgery"
2026-08-12,xdg-dbus-proxy,not yet available,It was discovered that incorrect validation of broadcast policy rules in xdg-dbus-proxy (a filtering proxy for D-Bus connections) allowed a malicious Flatpak application to monitor signals on the D-Bus session bus.,DSA-6433-1,https://lists.debian.org/debian-security-announce/2026/msg00346.html,Unclassified,Unclassified
2026-08-11,openjdk-25,CVE-2026-41254 CVE-2026-46917 CVE-2026-46968 CVE-2026-47010 CVE-2026-47021 CVE-2026-47027 CVE-2026-47059 CVE-2026-47063 CVE-2026-60147,"CVE-2026-47021 CVE-2026-47027 CVE-2026-47059 CVE-2026-47063 CVE-2026-60147 Several vulnerabilities have been discovered in the OpenJDK Java runtime, which may result in incorrect validation of certificates or signed Jar files, denial of service or information disclosure.",DSA-6431-1,https://lists.debian.org/debian-security-announce/2026/msg00342.html,Information Disclosure,"Information Disclosure, Denial of Service"
2026-08-11,openjdk-25,CVE-2026-41254 CVE-2026-46917 CVE-2026-46968 CVE-2026-47010 CVE-2026-47021 CVE-2026-47027 CVE-2026-47059 CVE-2026-47063 CVE-2026-60147,"CVE-2026-47021 CVE-2026-47027 CVE-2026-47059 CVE-2026-47063 CVE-2026-60147 Several vulnerabilities have been discovered in the OpenJDK Java runtime, which may result in incorrect validation of certificates or signed Jar files, denial of service or information disclosure.",DSA-6431-1,https://lists.debian.org/debian-security-announce/2026/msg00342.html,Denial of Service,"Information Disclosure, Denial of Service"
2026-08-11,postfix,not yet available,"Several vulnerabilities were discovered in postfix, a high-performance mail transport agent, which could result in denial of service or policy bypass.",DSA-6430-1,https://lists.debian.org/debian-security-announce/2026/msg00341.html,Spoofing,"Spoofing, Denial of Service"
2026-08-11,postfix,not yet available,"Several vulnerabilities were discovered in postfix, a high-performance mail transport agent, which could result in denial of service or policy bypass.",DSA-6430-1,https://lists.debian.org/debian-security-announce/2026/msg00341.html,Denial of Service,"Spoofing, Denial of Service"
2026-08-11,caddy,CVE-2026-27585 CVE-2026-27587 CVE-2026-27588 CVE-2026-27589 CVE-2026-27590 CVE-2026-45692 CVE-2026-52845 CVE-2026-52846,"CVE-2026-27590 CVE-2026-45692 CVE-2026-52845 CVE-2026-52846 Multiple security issues were discovered in Caddy, a web server with automatic HTTPS, which may result in the bypass of path- or host-based access controls, the execution of an unintended file by a FastCGI backend, the injection of identity headers trusted by applications running behind Caddy, unauthorised reconfiguration of the server through its admin API, or cross-site scripting. The fix for CVE-2026-52845 follows upstream in dropping every request header whose name contains an underscore, for all servers and without an opt-out. Deployments which pass such headers through Caddy, for instance X_Api_Key or gRPC custom metadata keys containing underscores, need to switch to the hyphenated spelling.",DSA-6429-1,https://lists.debian.org/debian-security-announce/2026/msg00340.html,Cross-Site Scripting,"Cross-Site Scripting, Header Injection, Server-Side Request Forgery, Authentication Bypass"
2026-08-11,caddy,CVE-2026-27585 CVE-2026-27587 CVE-2026-27588 CVE-2026-27589 CVE-2026-27590 CVE-2026-45692 CVE-2026-52845 CVE-2026-52846,"CVE-2026-27590 CVE-2026-45692 CVE-2026-52845 CVE-2026-52846 Multiple security issues were discovered in Caddy, a web server with automatic HTTPS, which may result in the bypass of path- or host-based access controls, the execution of an unintended file by a FastCGI backend, the injection of identity headers trusted by applications running behind Caddy, unauthorised reconfiguration of the server through its admin API, or cross-site scripting. The fix for CVE-2026-52845 follows upstream in dropping every request header whose name contains an underscore, for all servers and without an opt-out. Deployments which pass such headers through Caddy, for instance X_Api_Key or gRPC custom metadata keys containing underscores, need to switch to the hyphenated spelling.",DSA-6429-1,https://lists.debian.org/debian-security-announce/2026/msg00340.html,Header Injection,"Cross-Site Scripting, Header Injection, Server-Side Request Forgery, Authentication Bypass"
2026-08-11,caddy,CVE-2026-27585 CVE-2026-27587 CVE-2026-27588 CVE-2026-27589 CVE-2026-27590 CVE-2026-45692 CVE-2026-52845 CVE-2026-52846,"CVE-2026-27590 CVE-2026-45692 CVE-2026-52845 CVE-2026-52846 Multiple security issues were discovered in Caddy, a web server with automatic HTTPS, which may result in the bypass of path- or host-based access controls, the execution of an unintended file by a FastCGI backend, the injection of identity headers trusted by applications running behind Caddy, unauthorised reconfiguration of the server through its admin API, or cross-site scripting. The fix for CVE-2026-52845 follows upstream in dropping every request header whose name contains an underscore, for all servers and without an opt-out. Deployments which pass such headers through Caddy, for instance X_Api_Key or gRPC custom metadata keys containing underscores, need to switch to the hyphenated spelling.",DSA-6429-1,https://lists.debian.org/debian-security-announce/2026/msg00340.html,Server-Side Request Forgery,"Cross-Site Scripting, Header Injection, Server-Side Request Forgery, Authentication Bypass"
2026-08-11,caddy,CVE-2026-27585 CVE-2026-27587 CVE-2026-27588 CVE-2026-27589 CVE-2026-27590 CVE-2026-45692 CVE-2026-52845 CVE-2026-52846,"CVE-2026-27590 CVE-2026-45692 CVE-2026-52845 CVE-2026-52846 Multiple security issues were discovered in Caddy, a web server with automatic HTTPS, which may result in the bypass of path- or host-based access controls, the execution of an unintended file by a FastCGI backend, the injection of identity headers trusted by applications running behind Caddy, unauthorised reconfiguration of the server through its admin API, or cross-site scripting. The fix for CVE-2026-52845 follows upstream in dropping every request header whose name contains an underscore, for all servers and without an opt-out. Deployments which pass such headers through Caddy, for instance X_Api_Key or gRPC custom metadata keys containing underscores, need to switch to the hyphenated spelling.",DSA-6429-1,https://lists.debian.org/debian-security-announce/2026/msg00340.html,Authentication Bypass,"Cross-Site Scripting, Header Injection, Server-Side Request Forgery, Authentication Bypass"
2026-08-10,libyaml-syck-perl,CVE-2026-5089 CVE-2026-13713 CVE-2026-57075 CVE-2026-57076 CVE-2026-57077,"CVE-2026-57077 Several vulnerabilities were discovered in libyaml-syck-perl, a Perl module providing a fast, lightweight YAML loader and dumper, which could result in denial of service and potentially arbitrary code execution.",DSA-6428-1,https://lists.debian.org/debian-security-announce/2026/msg00339.html,Remote Code Execution,"Remote Code Execution, Denial of Service"
2026-08-10,libyaml-syck-perl,CVE-2026-5089 CVE-2026-13713 CVE-2026-57075 CVE-2026-57076 CVE-2026-57077,"CVE-2026-57077 Several vulnerabilities were discovered in libyaml-syck-perl, a Perl module providing a fast, lightweight YAML loader and dumper, which could result in denial of service and potentially arbitrary code execution.",DSA-6428-1,https://lists.debian.org/debian-security-announce/2026/msg00339.html,Denial of Service,"Remote Code Execution, Denial of Service"
2026-08-10,wordpress,CVE-2026-64638,"Several vulnerabilities were discovered in wordpress, a web blogging tool, which could result in cross-site scripting, server-side request forgery, privilege escalation or remote code execution.",DSA-6427-1,https://lists.debian.org/debian-security-announce/2026/msg00338.html,Cross-Site Scripting,"Cross-Site Scripting, Privilege Escalation, SQL Injection, Remote Code Execution, Server-Side Request Forgery"
2026-08-10,wordpress,CVE-2026-64638,"Several vulnerabilities were discovered in wordpress, a web blogging tool, which could result in cross-site scripting, server-side request forgery, privilege escalation or remote code execution.",DSA-6427-1,https://lists.debian.org/debian-security-announce/2026/msg00338.html,Privilege Escalation,"Cross-Site Scripting, Privilege Escalation, SQL Injection, Remote Code Execution, Server-Side Request Forgery"
2026-08-10,wordpress,CVE-2026-64638,"Several vulnerabilities were discovered in wordpress, a web blogging tool, which could result in cross-site scripting, server-side request forgery, privilege escalation or remote code execution.",DSA-6427-1,https://lists.debian.org/debian-security-announce/2026/msg00338.html,SQL Injection,"Cross-Site Scripting, Privilege Escalation, SQL Injection, Remote Code Execution, Server-Side Request Forgery"
2026-08-10,wordpress,CVE-2026-64638,"Several vulnerabilities were discovered in wordpress, a web blogging tool, which could result in cross-site scripting, server-side request forgery, privilege escalation or remote code execution.",DSA-6427-1,https://lists.debian.org/debian-security-announce/2026/msg00338.html,Remote Code Execution,"Cross-Site Scripting, Privilege Escalation, SQL Injection, Remote Code Execution, Server-Side Request Forgery"
2026-08-10,wordpress,CVE-2026-64638,"Several vulnerabilities were discovered in wordpress, a web blogging tool, which could result in cross-site scripting, server-side request forgery, privilege escalation or remote code execution.",DSA-6427-1,https://lists.debian.org/debian-security-announce/2026/msg00338.html,Server-Side Request Forgery,"Cross-Site Scripting, Privilege Escalation, SQL Injection, Remote Code Execution, Server-Side Request Forgery"
2026-08-10,icinga2,CVE-2025-61907 CVE-2025-61908 CVE-2025-61909 CVE-2026-61550 CVE-2026-61551 CVE-2026-61552,"CVE-2026-61550 CVE-2026-61551 CVE-2026-61552 Multiple vulnerabilities were discovered in Icinga 2, a monitoring and alerting system, which may result in denial of service, information disclosure, privilege escalation or the compromise of a monitoring node. The fix for CVE-2025-61909 changes /etc/logrotate.d/icinga2, which is a configuration file. If it was modified locally, dpkg will not replace it and the fix will not take effect. After the upgrade, please make sure the postrotate section is updated.",DSA-6426-1,https://lists.debian.org/debian-security-announce/2026/msg00337.html,Privilege Escalation,"Privilege Escalation, Information Disclosure, Denial of Service"
2026-08-10,icinga2,CVE-2025-61907 CVE-2025-61908 CVE-2025-61909 CVE-2026-61550 CVE-2026-61551 CVE-2026-61552,"CVE-2026-61550 CVE-2026-61551 CVE-2026-61552 Multiple vulnerabilities were discovered in Icinga 2, a monitoring and alerting system, which may result in denial of service, information disclosure, privilege escalation or the compromise of a monitoring node. The fix for CVE-2025-61909 changes /etc/logrotate.d/icinga2, which is a configuration file. If it was modified locally, dpkg will not replace it and the fix will not take effect. After the upgrade, please make sure the postrotate section is updated.",DSA-6426-1,https://lists.debian.org/debian-security-announce/2026/msg00337.html,Information Disclosure,"Privilege Escalation, Information Disclosure, Denial of Service"
2026-08-10,icinga2,CVE-2025-61907 CVE-2025-61908 CVE-2025-61909 CVE-2026-61550 CVE-2026-61551 CVE-2026-61552,"CVE-2026-61550 CVE-2026-61551 CVE-2026-61552 Multiple vulnerabilities were discovered in Icinga 2, a monitoring and alerting system, which may result in denial of service, information disclosure, privilege escalation or the compromise of a monitoring node. The fix for CVE-2025-61909 changes /etc/logrotate.d/icinga2, which is a configuration file. If it was modified locally, dpkg will not replace it and the fix will not take effect. After the upgrade, please make sure the postrotate section is updated.",DSA-6426-1,https://lists.debian.org/debian-security-announce/2026/msg00337.html,Denial of Service,"Privilege Escalation, Information Disclosure, Denial of Service"
2026-08-10,openjdk-21,CVE-2026-41254 CVE-2026-46917 CVE-2026-46968 CVE-2026-47010 CVE-2026-47021 CVE-2026-47027 CVE-2026-47059 CVE-2026-47063 CVE-2026-60147,"CVE-2026-47021 CVE-2026-47027 CVE-2026-47059 CVE-2026-47063 CVE-2026-60147 Several vulnerabilities have been discovered in the OpenJDK Java runtime, which may result in incorrect validation of certificates or signed Jar files, denial of service or information disclosure.",DSA-6425-1,https://lists.debian.org/debian-security-announce/2026/msg00336.html,Information Disclosure,"Information Disclosure, Denial of Service"
2026-08-10,openjdk-21,CVE-2026-41254 CVE-2026-46917 CVE-2026-46968 CVE-2026-47010 CVE-2026-47021 CVE-2026-47027 CVE-2026-47059 CVE-2026-47063 CVE-2026-60147,"CVE-2026-47021 CVE-2026-47027 CVE-2026-47059 CVE-2026-47063 CVE-2026-60147 Several vulnerabilities have been discovered in the OpenJDK Java runtime, which may result in incorrect validation of certificates or signed Jar files, denial of service or information disclosure.",DSA-6425-1,https://lists.debian.org/debian-security-announce/2026/msg00336.html,Denial of Service,"Information Disclosure, Denial of Service"
2026-08-09,xen,CVE-2025-10263 CVE-2025-54505 CVE-2025-54518 CVE-2026-23554 CVE-2026-23555 CVE-2026-23556 CVE-2026-23557 CVE-2026-23558 CVE-2026-42487 CVE-2026-42488 CVE-2026-42489 CVE-2026-42490 CVE-2026-42493 CVE-2026-42494 CVE-2026-42495 CVE-2026-62423 CVE-2026-62424 CVE-2026-62425 CVE-2026-62426 CVE-2026-62427 CVE-2026-62428 CVE-2026-62429 CVE-2026-62430 CVE-2026-62431 CVE-2026-62432 CVE-2026-62433 CVE-2026-62434 CVE-2026-62435 CVE-2026-62436,"CVE-2026-23555 CVE-2026-23556 CVE-2026-23557 CVE-2026-23558 CVE-2026-42487 CVE-2026-42488 CVE-2026-42489 CVE-2026-42490 CVE-2026-42493 CVE-2026-42494 CVE-2026-42495 CVE-2026-62423 CVE-2026-62424 CVE-2026-62425 CVE-2026-62426 CVE-2026-62427 CVE-2026-62428 CVE-2026-62429 CVE-2026-62430 CVE-2026-62431 CVE-2026-62432 CVE-2026-62433 CVE-2026-62434 CVE-2026-62435 CVE-2026-62436 Multiple vulnerabilities have been discovered in the Xen hypervisor, which could result in privilege escalation, information disclosure or denial of service.",DSA-6424-1,https://lists.debian.org/debian-security-announce/2026/msg00335.html,Privilege Escalation,"Privilege Escalation, Information Disclosure, Denial of Service"
2026-08-09,xen,CVE-2025-10263 CVE-2025-54505 CVE-2025-54518 CVE-2026-23554 CVE-2026-23555 CVE-2026-23556 CVE-2026-23557 CVE-2026-23558 CVE-2026-42487 CVE-2026-42488 CVE-2026-42489 CVE-2026-42490 CVE-2026-42493 CVE-2026-42494 CVE-2026-42495 CVE-2026-62423 CVE-2026-62424 CVE-2026-62425 CVE-2026-62426 CVE-2026-62427 CVE-2026-62428 CVE-2026-62429 CVE-2026-62430 CVE-2026-62431 CVE-2026-62432 CVE-2026-62433 CVE-2026-62434 CVE-2026-62435 CVE-2026-62436,"CVE-2026-23555 CVE-2026-23556 CVE-2026-23557 CVE-2026-23558 CVE-2026-42487 CVE-2026-42488 CVE-2026-42489 CVE-2026-42490 CVE-2026-42493 CVE-2026-42494 CVE-2026-42495 CVE-2026-62423 CVE-2026-62424 CVE-2026-62425 CVE-2026-62426 CVE-2026-62427 CVE-2026-62428 CVE-2026-62429 CVE-2026-62430 CVE-2026-62431 CVE-2026-62432 CVE-2026-62433 CVE-2026-62434 CVE-2026-62435 CVE-2026-62436 Multiple vulnerabilities have been discovered in the Xen hypervisor, which could result in privilege escalation, information disclosure or denial of service.",DSA-6424-1,https://lists.debian.org/debian-security-announce/2026/msg00335.html,Information Disclosure,"Privilege Escalation, Information Disclosure, Denial of Service"
2026-08-09,xen,CVE-2025-10263 CVE-2025-54505 CVE-2025-54518 CVE-2026-23554 CVE-2026-23555 CVE-2026-23556 CVE-2026-23557 CVE-2026-23558 CVE-2026-42487 CVE-2026-42488 CVE-2026-42489 CVE-2026-42490 CVE-2026-42493 CVE-2026-42494 CVE-2026-42495 CVE-2026-62423 CVE-2026-62424 CVE-2026-62425 CVE-2026-62426 CVE-2026-62427 CVE-2026-62428 CVE-2026-62429 CVE-2026-62430 CVE-2026-62431 CVE-2026-62432 CVE-2026-62433 CVE-2026-62434 CVE-2026-62435 CVE-2026-62436,"CVE-2026-23555 CVE-2026-23556 CVE-2026-23557 CVE-2026-23558 CVE-2026-42487 CVE-2026-42488 CVE-2026-42489 CVE-2026-42490 CVE-2026-42493 CVE-2026-42494 CVE-2026-42495 CVE-2026-62423 CVE-2026-62424 CVE-2026-62425 CVE-2026-62426 CVE-2026-62427 CVE-2026-62428 CVE-2026-62429 CVE-2026-62430 CVE-2026-62431 CVE-2026-62432 CVE-2026-62433 CVE-2026-62434 CVE-2026-62435 CVE-2026-62436 Multiple vulnerabilities have been discovered in the Xen hypervisor, which could result in privilege escalation, information disclosure or denial of service.",DSA-6424-1,https://lists.debian.org/debian-security-announce/2026/msg00335.html,Denial of Service,"Privilege Escalation, Information Disclosure, Denial of Service"
2026-08-09,kitty,CVE-2026-42850 CVE-2026-42851 CVE-2026-54055 CVE-2026-54057,"Multiple security issues were discovered in kitty, a GPU based terminal emulator, which may result in the execution of arbitrary code, command injection into the shell running in the terminal, or the overwriting of arbitrary files, if untrusted content is displayed in a terminal window.",DSA-6423-1,https://lists.debian.org/debian-security-announce/2026/msg00334.html,Command Injection,"Command Injection, Remote Code Execution"
2026-08-09,kitty,CVE-2026-42850 CVE-2026-42851 CVE-2026-54055 CVE-2026-54057,"Multiple security issues were discovered in kitty, a GPU based terminal emulator, which may result in the execution of arbitrary code, command injection into the shell running in the terminal, or the overwriting of arbitrary files, if untrusted content is displayed in a terminal window.",DSA-6423-1,https://lists.debian.org/debian-security-announce/2026/msg00334.html,Remote Code Execution,"Command Injection, Remote Code Execution"
2026-08-08,chromium,CVE-2026-19137 CVE-2026-19138 CVE-2026-19139 CVE-2026-19140 CVE-2026-19141 CVE-2026-19142 CVE-2026-19143 CVE-2026-19144 CVE-2026-19145 CVE-2026-19146 CVE-2026-19147 CVE-2026-19148 CVE-2026-19149 CVE-2026-19150 CVE-2026-19151 CVE-2026-19152 CVE-2026-19153 CVE-2026-19154 CVE-2026-19155 CVE-2026-19156 CVE-2026-19157 CVE-2026-19158 CVE-2026-19159 CVE-2026-19160 CVE-2026-19161 CVE-2026-19162 CVE-2026-19163 CVE-2026-19164 CVE-2026-19165 CVE-2026-19166 CVE-2026-19167 CVE-2026-19168 CVE-2026-19169 CVE-2026-19170 CVE-2026-19171 CVE-2026-19172 CVE-2026-19173 CVE-2026-19174 CVE-2026-19175 CVE-2026-19176 CVE-2026-19177,"CVE-2026-19141 CVE-2026-19142 CVE-2026-19143 CVE-2026-19144 CVE-2026-19145 CVE-2026-19146 CVE-2026-19147 CVE-2026-19148 CVE-2026-19149 CVE-2026-19150 CVE-2026-19151 CVE-2026-19152 CVE-2026-19153 CVE-2026-19154 CVE-2026-19155 CVE-2026-19156 CVE-2026-19157 CVE-2026-19158 CVE-2026-19159 CVE-2026-19160 CVE-2026-19161 CVE-2026-19162 CVE-2026-19163 CVE-2026-19164 CVE-2026-19165 CVE-2026-19166 CVE-2026-19167 CVE-2026-19168 CVE-2026-19169 CVE-2026-19170 CVE-2026-19171 CVE-2026-19172 CVE-2026-19173 CVE-2026-19174 CVE-2026-19175 CVE-2026-19176 CVE-2026-19177 Security issues were discovered in Chromium which could result in the execution of arbitrary code, denial of service, or information disclosure.",DSA-6422-1,https://lists.debian.org/debian-security-announce/2026/msg00333.html,Remote Code Execution,"Remote Code Execution, Information Disclosure, Denial of Service"
2026-08-08,chromium,CVE-2026-19137 CVE-2026-19138 CVE-2026-19139 CVE-2026-19140 CVE-2026-19141 CVE-2026-19142 CVE-2026-19143 CVE-2026-19144 CVE-2026-19145 CVE-2026-19146 CVE-2026-19147 CVE-2026-19148 CVE-2026-19149 CVE-2026-19150 CVE-2026-19151 CVE-2026-19152 CVE-2026-19153 CVE-2026-19154 CVE-2026-19155 CVE-2026-19156 CVE-2026-19157 CVE-2026-19158 CVE-2026-19159 CVE-2026-19160 CVE-2026-19161 CVE-2026-19162 CVE-2026-19163 CVE-2026-19164 CVE-2026-19165 CVE-2026-19166 CVE-2026-19167 CVE-2026-19168 CVE-2026-19169 CVE-2026-19170 CVE-2026-19171 CVE-2026-19172 CVE-2026-19173 CVE-2026-19174 CVE-2026-19175 CVE-2026-19176 CVE-2026-19177,"CVE-2026-19141 CVE-2026-19142 CVE-2026-19143 CVE-2026-19144 CVE-2026-19145 CVE-2026-19146 CVE-2026-19147 CVE-2026-19148 CVE-2026-19149 CVE-2026-19150 CVE-2026-19151 CVE-2026-19152 CVE-2026-19153 CVE-2026-19154 CVE-2026-19155 CVE-2026-19156 CVE-2026-19157 CVE-2026-19158 CVE-2026-19159 CVE-2026-19160 CVE-2026-19161 CVE-2026-19162 CVE-2026-19163 CVE-2026-19164 CVE-2026-19165 CVE-2026-19166 CVE-2026-19167 CVE-2026-19168 CVE-2026-19169 CVE-2026-19170 CVE-2026-19171 CVE-2026-19172 CVE-2026-19173 CVE-2026-19174 CVE-2026-19175 CVE-2026-19176 CVE-2026-19177 Security issues were discovered in Chromium which could result in the execution of arbitrary code, denial of service, or information disclosure.",DSA-6422-1,https://lists.debian.org/debian-security-announce/2026/msg00333.html,Information Disclosure,"Remote Code Execution, Information Disclosure, Denial of Service"
2026-08-08,chromium,CVE-2026-19137 CVE-2026-19138 CVE-2026-19139 CVE-2026-19140 CVE-2026-19141 CVE-2026-19142 CVE-2026-19143 CVE-2026-19144 CVE-2026-19145 CVE-2026-19146 CVE-2026-19147 CVE-2026-19148 CVE-2026-19149 CVE-2026-19150 CVE-2026-19151 CVE-2026-19152 CVE-2026-19153 CVE-2026-19154 CVE-2026-19155 CVE-2026-19156 CVE-2026-19157 CVE-2026-19158 CVE-2026-19159 CVE-2026-19160 CVE-2026-19161 CVE-2026-19162 CVE-2026-19163 CVE-2026-19164 CVE-2026-19165 CVE-2026-19166 CVE-2026-19167 CVE-2026-19168 CVE-2026-19169 CVE-2026-19170 CVE-2026-19171 CVE-2026-19172 CVE-2026-19173 CVE-2026-19174 CVE-2026-19175 CVE-2026-19176 CVE-2026-19177,"CVE-2026-19141 CVE-2026-19142 CVE-2026-19143 CVE-2026-19144 CVE-2026-19145 CVE-2026-19146 CVE-2026-19147 CVE-2026-19148 CVE-2026-19149 CVE-2026-19150 CVE-2026-19151 CVE-2026-19152 CVE-2026-19153 CVE-2026-19154 CVE-2026-19155 CVE-2026-19156 CVE-2026-19157 CVE-2026-19158 CVE-2026-19159 CVE-2026-19160 CVE-2026-19161 CVE-2026-19162 CVE-2026-19163 CVE-2026-19164 CVE-2026-19165 CVE-2026-19166 CVE-2026-19167 CVE-2026-19168 CVE-2026-19169 CVE-2026-19170 CVE-2026-19171 CVE-2026-19172 CVE-2026-19173 CVE-2026-19174 CVE-2026-19175 CVE-2026-19176 CVE-2026-19177 Security issues were discovered in Chromium which could result in the execution of arbitrary code, denial of service, or information disclosure.",DSA-6422-1,https://lists.debian.org/debian-security-announce/2026/msg00333.html,Denial of Service,"Remote Code Execution, Information Disclosure, Denial of Service"
2026-08-08,pdns-recursor,CVE-2026-52682,"A vulnerability was discovered in PowerDNS Recursor (""pdns-recursor""), a resolving name server, which may result in denial of service (increased memory and CPU usage) when processing a specially crafted DNS packet.",DSA-6421-1,https://lists.debian.org/debian-security-announce/2026/msg00332.html,Denial of Service,Denial of Service
2026-08-08,pdns,CVE-2026-52682,"A vulnerability was discovered in PowerDNS Authoritative server (""pdns""), which may result in denial of service (increased memory and CPU usage) when processing a specially crafted DNS packet.",DSA-6420-1,https://lists.debian.org/debian-security-announce/2026/msg00331.html,Denial of Service,Denial of Service
2026-08-08,dnsdist,CVE-2026-52682,"A vulnerability was discovered in the dnsdist DNS loadbalancer, which may result in denial of service (increased memory and CPU usage) when processing a specially crafted DNS packet.",DSA-6419-1,https://lists.debian.org/debian-security-announce/2026/msg00330.html,Denial of Service,Denial of Service
2026-08-08,libheif,CVE-2025-68431 CVE-2026-32740 CVE-2026-32741 CVE-2026-32882 CVE-2026-47178 CVE-2026-47247 CVE-2026-47709 CVE-2026-47714 CVE-2026-48029 CVE-2026-49271 CVE-2026-62289 CVE-2026-62292,"CVE-2026-47178 CVE-2026-47247 CVE-2026-47709 CVE-2026-47714 CVE-2026-48029 CVE-2026-49271 CVE-2026-62289 CVE-2026-62292 Multiple security issues were discovered in libheif, an ISO/IEC 23008-12 HEIF and AVIF image file format decoder and encoder, which may result in denial of service, the disclosure of sensitive memory contents or, potentially, the execution of arbitrary code if a malformed image file is processed. Note that in the fix for CVE-2026-47178, a heap out-of-bounds write in the uncompressed tile decoder, the affected format combinations are now rejected with heif_error_Unsupported_feature: uncompressed images with 4:2:0 or 4:2:2 chroma subsampling that are tiled, or that use row or pixel interleave. Upstream corrected the offending arithmetic, but only after a restructuring of the uncompressed decoder that is not present in the version shipped in the stable distribution. Images in these configurations will no longer decode.",DSA-6417-1,https://lists.debian.org/debian-security-announce/2026/msg00328.html,Remote Code Execution,"Remote Code Execution, Denial of Service"
2026-08-08,libheif,CVE-2025-68431 CVE-2026-32740 CVE-2026-32741 CVE-2026-32882 CVE-2026-47178 CVE-2026-47247 CVE-2026-47709 CVE-2026-47714 CVE-2026-48029 CVE-2026-49271 CVE-2026-62289 CVE-2026-62292,"CVE-2026-47178 CVE-2026-47247 CVE-2026-47709 CVE-2026-47714 CVE-2026-48029 CVE-2026-49271 CVE-2026-62289 CVE-2026-62292 Multiple security issues were discovered in libheif, an ISO/IEC 23008-12 HEIF and AVIF image file format decoder and encoder, which may result in denial of service, the disclosure of sensitive memory contents or, potentially, the execution of arbitrary code if a malformed image file is processed. Note that in the fix for CVE-2026-47178, a heap out-of-bounds write in the uncompressed tile decoder, the affected format combinations are now rejected with heif_error_Unsupported_feature: uncompressed images with 4:2:0 or 4:2:2 chroma subsampling that are tiled, or that use row or pixel interleave. Upstream corrected the offending arithmetic, but only after a restructuring of the uncompressed decoder that is not present in the version shipped in the stable distribution. Images in these configurations will no longer decode.",DSA-6417-1,https://lists.debian.org/debian-security-announce/2026/msg00328.html,Denial of Service,"Remote Code Execution, Denial of Service"
2026-08-07,thunderbird,CVE-2026-14899 CVE-2026-15718 CVE-2026-15719 CVE-2026-16349 CVE-2026-16350 CVE-2026-16351 CVE-2026-16352 CVE-2026-16353 CVE-2026-16354 CVE-2026-16355 CVE-2026-16356 CVE-2026-16357 CVE-2026-16358 CVE-2026-16359 CVE-2026-16360 CVE-2026-16361 CVE-2026-16362 CVE-2026-16363 CVE-2026-16368 CVE-2026-16369 CVE-2026-16371 CVE-2026-16374 CVE-2026-16375 CVE-2026-16377 CVE-2026-16379 CVE-2026-16381 CVE-2026-16383 CVE-2026-16387 CVE-2026-16390 CVE-2026-16391 CVE-2026-16396 CVE-2026-16405 CVE-2026-16412 CVE-2026-57962 CVE-2026-57963,"CVE-2026-16350 CVE-2026-16351 CVE-2026-16352 CVE-2026-16353 CVE-2026-16354 CVE-2026-16355 CVE-2026-16356 CVE-2026-16357 CVE-2026-16358 CVE-2026-16359 CVE-2026-16360 CVE-2026-16361 CVE-2026-16362 CVE-2026-16363 CVE-2026-16368 CVE-2026-16369 CVE-2026-16371 CVE-2026-16374 CVE-2026-16375 CVE-2026-16377 CVE-2026-16379 CVE-2026-16381 CVE-2026-16383 CVE-2026-16387 CVE-2026-16390 CVE-2026-16391 CVE-2026-16396 CVE-2026-16405 CVE-2026-16412 CVE-2026-57962 CVE-2026-57963 Multiple security issues were discovered in Thunderbird, which could result in the execution of arbitrary code.",DSA-6418-1,https://lists.debian.org/debian-security-announce/2026/msg00329.html,Remote Code Execution,Remote Code Execution
2026-08-07,jq,CVE-2024-53427 CVE-2026-32316 CVE-2026-40612 CVE-2026-41256 CVE-2026-41257 CVE-2026-43894 CVE-2026-43895 CVE-2026-43896 CVE-2026-44777 CVE-2026-47770 CVE-2026-49839 CVE-2026-54679,"CVE-2026-41257 CVE-2026-43894 CVE-2026-43895 CVE-2026-43896 CVE-2026-44777 CVE-2026-47770 CVE-2026-49839 CVE-2026-54679 Multiple security issues were discovered in jq, a command-line JSON processor, which could result in denial of service or potentially the execution of arbitrary code when processing untrusted input. This update additionally addresses three issues for which no CVE has been assigned: GHSA-ggc9-rpv2-xgpm, GHSA-gvwx-xj9r-3frq and GHSA-gf4g-95wj-4q4r. Two changes in behaviour follow from the fixes above. An operation whose result would exceed the internal string length limit, such as repeating or escaping a very large string, now terminates with the error ""String too long"" instead of returning a truncated result. A comparison or containment check on a deeply nested value now reports an error rather than recursing until the stack is exhausted. Filters relying on the previous behaviour will report an error where they previously appeared to succeed.",DSA-6416-1,https://lists.debian.org/debian-security-announce/2026/msg00327.html,Remote Code Execution,"Remote Code Execution, Denial of Service"
2026-08-07,jq,CVE-2024-53427 CVE-2026-32316 CVE-2026-40612 CVE-2026-41256 CVE-2026-41257 CVE-2026-43894 CVE-2026-43895 CVE-2026-43896 CVE-2026-44777 CVE-2026-47770 CVE-2026-49839 CVE-2026-54679,"CVE-2026-41257 CVE-2026-43894 CVE-2026-43895 CVE-2026-43896 CVE-2026-44777 CVE-2026-47770 CVE-2026-49839 CVE-2026-54679 Multiple security issues were discovered in jq, a command-line JSON processor, which could result in denial of service or potentially the execution of arbitrary code when processing untrusted input. This update additionally addresses three issues for which no CVE has been assigned: GHSA-ggc9-rpv2-xgpm, GHSA-gvwx-xj9r-3frq and GHSA-gf4g-95wj-4q4r. Two changes in behaviour follow from the fixes above. An operation whose result would exceed the internal string length limit, such as repeating or escaping a very large string, now terminates with the error ""String too long"" instead of returning a truncated result. A comparison or containment check on a deeply nested value now reports an error rather than recursing until the stack is exhausted. Filters relying on the previous behaviour will report an error where they previously appeared to succeed.",DSA-6416-1,https://lists.debian.org/debian-security-announce/2026/msg00327.html,Denial of Service,"Remote Code Execution, Denial of Service"
2026-08-06,libde265,CVE-2024-38949 CVE-2024-38950 CVE-2025-61147 CVE-2026-45382 CVE-2026-45383 CVE-2026-49295 CVE-2026-49337 CVE-2026-49346 CVE-2026-54240 CVE-2026-54241,"CVE-2026-45383 CVE-2026-49295 CVE-2026-49337 CVE-2026-49346 CVE-2026-54240 CVE-2026-54241 Multiple security issues were discovered in libde265, an open source implementation of the H.265/HEVC video codec, which may result in denial of service, memory exhaustion or potentially the execution of arbitrary code if a malformed media file is processed.",DSA-6413-1,https://lists.debian.org/debian-security-announce/2026/msg00324.html,Remote Code Execution,"Remote Code Execution, Denial of Service"
2026-08-06,libde265,CVE-2024-38949 CVE-2024-38950 CVE-2025-61147 CVE-2026-45382 CVE-2026-45383 CVE-2026-49295 CVE-2026-49337 CVE-2026-49346 CVE-2026-54240 CVE-2026-54241,"CVE-2026-45383 CVE-2026-49295 CVE-2026-49337 CVE-2026-49346 CVE-2026-54240 CVE-2026-54241 Multiple security issues were discovered in libde265, an open source implementation of the H.265/HEVC video codec, which may result in denial of service, memory exhaustion or potentially the execution of arbitrary code if a malformed media file is processed.",DSA-6413-1,https://lists.debian.org/debian-security-announce/2026/msg00324.html,Denial of Service,"Remote Code Execution, Denial of Service"
2026-08-06,udisks2,CVE-2026-7867,"The following vulnerability has been discovered in the UDisks storage daemon: CVE-2026-7867 Azizcan Dastan and Ozlem Ozan discovered a local privilege escalation vulnerability in udisks2 involving the Filesystem.Mount D-Bus method. Using the 'as-user' option, an unprivileged local user can in some cases influence the mount execution path so that a filesystem mount is performed in a privileged/root context without the expected PolicyKit authorization behavior.",DSA-6414-1,https://lists.debian.org/debian-security-announce/2026/msg00325.html,Privilege Escalation,Privilege Escalation
2026-08-06,linux,CVE-2025-40098 CVE-2026-45897 CVE-2026-45901 CVE-2026-53078 CVE-2026-53090 CVE-2026-64205 CVE-2026-64280 CVE-2026-64290 CVE-2026-64561 CVE-2026-64562 CVE-2026-64563 CVE-2026-64564 CVE-2026-64565 CVE-2026-64567 CVE-2026-64568 CVE-2026-64569 CVE-2026-64570 CVE-2026-64571 CVE-2026-64572 CVE-2026-64573 CVE-2026-64574 CVE-2026-64576 CVE-2026-64577 CVE-2026-64578 CVE-2026-64579 CVE-2026-64580 CVE-2026-64583 CVE-2026-64584,"CVE-2026-53090 CVE-2026-64205 CVE-2026-64280 CVE-2026-64290 CVE-2026-64561 CVE-2026-64562 CVE-2026-64563 CVE-2026-64564 CVE-2026-64565 CVE-2026-64567 CVE-2026-64568 CVE-2026-64569 CVE-2026-64570 CVE-2026-64571 CVE-2026-64572 CVE-2026-64573 CVE-2026-64574 CVE-2026-64576 CVE-2026-64577 CVE-2026-64578 CVE-2026-64579 CVE-2026-64580 CVE-2026-64583 CVE-2026-64584 Several vulnerabilities have been discovered in the Linux kernel that may lead to a privilege escalation, denial of service or information leaks.",DSA-6415-1,https://lists.debian.org/debian-security-announce/2026/msg00326.html,Privilege Escalation,"Privilege Escalation, Information Disclosure, Denial of Service"
2026-08-06,linux,CVE-2025-40098 CVE-2026-45897 CVE-2026-45901 CVE-2026-53078 CVE-2026-53090 CVE-2026-64205 CVE-2026-64280 CVE-2026-64290 CVE-2026-64561 CVE-2026-64562 CVE-2026-64563 CVE-2026-64564 CVE-2026-64565 CVE-2026-64567 CVE-2026-64568 CVE-2026-64569 CVE-2026-64570 CVE-2026-64571 CVE-2026-64572 CVE-2026-64573 CVE-2026-64574 CVE-2026-64576 CVE-2026-64577 CVE-2026-64578 CVE-2026-64579 CVE-2026-64580 CVE-2026-64583 CVE-2026-64584,"CVE-2026-53090 CVE-2026-64205 CVE-2026-64280 CVE-2026-64290 CVE-2026-64561 CVE-2026-64562 CVE-2026-64563 CVE-2026-64564 CVE-2026-64565 CVE-2026-64567 CVE-2026-64568 CVE-2026-64569 CVE-2026-64570 CVE-2026-64571 CVE-2026-64572 CVE-2026-64573 CVE-2026-64574 CVE-2026-64576 CVE-2026-64577 CVE-2026-64578 CVE-2026-64579 CVE-2026-64580 CVE-2026-64583 CVE-2026-64584 Several vulnerabilities have been discovered in the Linux kernel that may lead to a privilege escalation, denial of service or information leaks.",DSA-6415-1,https://lists.debian.org/debian-security-announce/2026/msg00326.html,Information Disclosure,"Privilege Escalation, Information Disclosure, Denial of Service"
2026-08-06,linux,CVE-2025-40098 CVE-2026-45897 CVE-2026-45901 CVE-2026-53078 CVE-2026-53090 CVE-2026-64205 CVE-2026-64280 CVE-2026-64290 CVE-2026-64561 CVE-2026-64562 CVE-2026-64563 CVE-2026-64564 CVE-2026-64565 CVE-2026-64567 CVE-2026-64568 CVE-2026-64569 CVE-2026-64570 CVE-2026-64571 CVE-2026-64572 CVE-2026-64573 CVE-2026-64574 CVE-2026-64576 CVE-2026-64577 CVE-2026-64578 CVE-2026-64579 CVE-2026-64580 CVE-2026-64583 CVE-2026-64584,"CVE-2026-53090 CVE-2026-64205 CVE-2026-64280 CVE-2026-64290 CVE-2026-64561 CVE-2026-64562 CVE-2026-64563 CVE-2026-64564 CVE-2026-64565 CVE-2026-64567 CVE-2026-64568 CVE-2026-64569 CVE-2026-64570 CVE-2026-64571 CVE-2026-64572 CVE-2026-64573 CVE-2026-64574 CVE-2026-64576 CVE-2026-64577 CVE-2026-64578 CVE-2026-64579 CVE-2026-64580 CVE-2026-64583 CVE-2026-64584 Several vulnerabilities have been discovered in the Linux kernel that may lead to a privilege escalation, denial of service or information leaks.",DSA-6415-1,https://lists.debian.org/debian-security-announce/2026/msg00326.html,Denial of Service,"Privilege Escalation, Information Disclosure, Denial of Service"
2026-08-05,botan3,CVE-2026-44378,"Multiple security issues were discovered in Botan, a C++ cryptography library, which could result in denial of service, certificate validation bypass or authentication bypass. These issues have been addressed by updating botan3 to the new upstream release 3.12.0. As a consequence this update changes the SONAME of the shared library, and the runtime library package is renamed from libbotan-3-7 to libbotan-3-12. No package in the stable distribution links against the library, so no other packages in trixie are affected by this change. The libbotan-3-7 package is no longer built and will not be removed automatically on upgrade if it had been installed manually. Locally built or third-party software linking against libbotan-3-7 needs to be rebuilt against libbotan-3-12, after which the old library package can be removed.",DSA-6412-1,https://lists.debian.org/debian-security-announce/2026/msg00323.html,Authentication Bypass,"Authentication Bypass, Denial of Service"
2026-08-05,botan3,CVE-2026-44378,"Multiple security issues were discovered in Botan, a C++ cryptography library, which could result in denial of service, certificate validation bypass or authentication bypass. These issues have been addressed by updating botan3 to the new upstream release 3.12.0. As a consequence this update changes the SONAME of the shared library, and the runtime library package is renamed from libbotan-3-7 to libbotan-3-12. No package in the stable distribution links against the library, so no other packages in trixie are affected by this change. The libbotan-3-7 package is no longer built and will not be removed automatically on upgrade if it had been installed manually. Locally built or third-party software linking against libbotan-3-7 needs to be rebuilt against libbotan-3-12, after which the old library package can be removed.",DSA-6412-1,https://lists.debian.org/debian-security-announce/2026/msg00323.html,Denial of Service,"Authentication Bypass, Denial of Service"
2026-08-05,aom,CVE-2026-56208 CVE-2026-56209 CVE-2026-56210 CVE-2026-56211,"Multiple vulnerabilities were discovered in aom, the reference implementation of the AV1 video codec. All of them affect the encoder; applications that only decode AV1 video are not affected. CVE-2026-56208 In look-ahead processing (LAP) mode the first-pass statistics buffer was sized from the configured lag-in-frames alone, leaving it shorter than the longest group of pictures the encoder may analyse. Together with an off-by-one in the number of frames considered, this allowed the encoder to read and write outside the allocation, resulting in denial of service or potentially the execution of arbitrary code. CVE-2026-56209, CVE-2026-56210, CVE-2026-56211 The AOME_SET_SPATIAL_LAYER_ID and AV1E_SET_SVC_LAYER_ID codec controls did not validate the supplied scalable video coding (SVC) layer identifiers against the number of layers actually configured. A negative or too large identifier led to an out-of-bounds read of the layer context array, an out-of-bounds write through the cyclic refresh map pointer, and potentially the execution of arbitrary code. Exploitation requires an application that allows an attacker to influence the encoder's SVC configuration. Additionally this update validates the configured number of spatial and temporal layers, which the affected version accepted without any range check.",DSA-6411-1,https://lists.debian.org/debian-security-announce/2026/msg00322.html,Remote Code Execution,"Remote Code Execution, Denial of Service"
2026-08-05,aom,CVE-2026-56208 CVE-2026-56209 CVE-2026-56210 CVE-2026-56211,"Multiple vulnerabilities were discovered in aom, the reference implementation of the AV1 video codec. All of them affect the encoder; applications that only decode AV1 video are not affected. CVE-2026-56208 In look-ahead processing (LAP) mode the first-pass statistics buffer was sized from the configured lag-in-frames alone, leaving it shorter than the longest group of pictures the encoder may analyse. Together with an off-by-one in the number of frames considered, this allowed the encoder to read and write outside the allocation, resulting in denial of service or potentially the execution of arbitrary code. CVE-2026-56209, CVE-2026-56210, CVE-2026-56211 The AOME_SET_SPATIAL_LAYER_ID and AV1E_SET_SVC_LAYER_ID codec controls did not validate the supplied scalable video coding (SVC) layer identifiers against the number of layers actually configured. A negative or too large identifier led to an out-of-bounds read of the layer context array, an out-of-bounds write through the cyclic refresh map pointer, and potentially the execution of arbitrary code. Exploitation requires an application that allows an attacker to influence the encoder's SVC configuration. Additionally this update validates the configured number of spatial and temporal layers, which the affected version accepted without any range check.",DSA-6411-1,https://lists.debian.org/debian-security-announce/2026/msg00322.html,Denial of Service,"Remote Code Execution, Denial of Service"
2026-08-02,libssh,CVE-2026-0964 CVE-2026-0965 CVE-2026-0966 CVE-2026-0967 CVE-2026-0968 CVE-2026-3731 CVE-2026-15370 CVE-2026-59843 CVE-2026-59844 CVE-2026-59845 CVE-2026-59846 CVE-2026-59847 CVE-2026-59848 CVE-2026-59849 CVE-2026-59850,"CVE-2026-0968 CVE-2026-3731 CVE-2026-15370 CVE-2026-59843 CVE-2026-59844 CVE-2026-59845 CVE-2026-59846 CVE-2026-59847 CVE-2026-59848 CVE-2026-59849 CVE-2026-59850 Several vulnerabilities were discovered in libssh, a tiny C SSH library, which may result in denial of service, information disclosure and potentially the execution of arbitrary code.",DSA-6410-1,https://lists.debian.org/debian-security-announce/2026/msg00321.html,Remote Code Execution,"Remote Code Execution, Information Disclosure, Denial of Service"
2026-08-02,libssh,CVE-2026-0964 CVE-2026-0965 CVE-2026-0966 CVE-2026-0967 CVE-2026-0968 CVE-2026-3731 CVE-2026-15370 CVE-2026-59843 CVE-2026-59844 CVE-2026-59845 CVE-2026-59846 CVE-2026-59847 CVE-2026-59848 CVE-2026-59849 CVE-2026-59850,"CVE-2026-0968 CVE-2026-3731 CVE-2026-15370 CVE-2026-59843 CVE-2026-59844 CVE-2026-59845 CVE-2026-59846 CVE-2026-59847 CVE-2026-59848 CVE-2026-59849 CVE-2026-59850 Several vulnerabilities were discovered in libssh, a tiny C SSH library, which may result in denial of service, information disclosure and potentially the execution of arbitrary code.",DSA-6410-1,https://lists.debian.org/debian-security-announce/2026/msg00321.html,Information Disclosure,"Remote Code Execution, Information Disclosure, Denial of Service"
2026-08-02,libssh,CVE-2026-0964 CVE-2026-0965 CVE-2026-0966 CVE-2026-0967 CVE-2026-0968 CVE-2026-3731 CVE-2026-15370 CVE-2026-59843 CVE-2026-59844 CVE-2026-59845 CVE-2026-59846 CVE-2026-59847 CVE-2026-59848 CVE-2026-59849 CVE-2026-59850,"CVE-2026-0968 CVE-2026-3731 CVE-2026-15370 CVE-2026-59843 CVE-2026-59844 CVE-2026-59845 CVE-2026-59846 CVE-2026-59847 CVE-2026-59848 CVE-2026-59849 CVE-2026-59850 Several vulnerabilities were discovered in libssh, a tiny C SSH library, which may result in denial of service, information disclosure and potentially the execution of arbitrary code.",DSA-6410-1,https://lists.debian.org/debian-security-announce/2026/msg00321.html,Denial of Service,"Remote Code Execution, Information Disclosure, Denial of Service"
2026-08-01,libgd2,CVE-2026-9672,"A vulnerability was discovered in libgd2, a library for programmatic graphics creation and manipulation, which may result in denial of service or potentially the execution of arbitrary code if a malformed GIF file is processed.",DSA-6409-1,https://lists.debian.org/debian-security-announce/2026/msg00320.html,Remote Code Execution,"Remote Code Execution, Denial of Service"
2026-08-01,libgd2,CVE-2026-9672,"A vulnerability was discovered in libgd2, a library for programmatic graphics creation and manipulation, which may result in denial of service or potentially the execution of arbitrary code if a malformed GIF file is processed.",DSA-6409-1,https://lists.debian.org/debian-security-announce/2026/msg00320.html,Denial of Service,"Remote Code Execution, Denial of Service"
2026-07-31,php8.4,CVE-2026-7260 CVE-2026-17543 CVE-2026-17544,"Multiple security issues were found in PHP, a widely-used open source general purpose scripting language, which could result in denial of service, SQL injection, information disclosure or the execution of arbitrary code.",DSA-6406-1,https://lists.debian.org/debian-security-announce/2026/msg00317.html,Cross-Site Scripting,"Cross-Site Scripting, Denial of Service, Command Injection, SQL Injection, Remote Code Execution, Information Disclosure"
2026-07-31,php8.4,CVE-2026-7260 CVE-2026-17543 CVE-2026-17544,"Multiple security issues were found in PHP, a widely-used open source general purpose scripting language, which could result in denial of service, SQL injection, information disclosure or the execution of arbitrary code.",DSA-6406-1,https://lists.debian.org/debian-security-announce/2026/msg00317.html,Denial of Service,"Cross-Site Scripting, Denial of Service, Command Injection, SQL Injection, Remote Code Execution, Information Disclosure"
2026-07-31,php8.4,CVE-2026-7260 CVE-2026-17543 CVE-2026-17544,"Multiple security issues were found in PHP, a widely-used open source general purpose scripting language, which could result in denial of service, SQL injection, information disclosure or the execution of arbitrary code.",DSA-6406-1,https://lists.debian.org/debian-security-announce/2026/msg00317.html,Command Injection,"Cross-Site Scripting, Denial of Service, Command Injection, SQL Injection, Remote Code Execution, Information Disclosure"
2026-07-31,php8.4,CVE-2026-7260 CVE-2026-17543 CVE-2026-17544,"Multiple security issues were found in PHP, a widely-used open source general purpose scripting language, which could result in denial of service, SQL injection, information disclosure or the execution of arbitrary code.",DSA-6406-1,https://lists.debian.org/debian-security-announce/2026/msg00317.html,SQL Injection,"Cross-Site Scripting, Denial of Service, Command Injection, SQL Injection, Remote Code Execution, Information Disclosure"
2026-07-31,php8.4,CVE-2026-7260 CVE-2026-17543 CVE-2026-17544,"Multiple security issues were found in PHP, a widely-used open source general purpose scripting language, which could result in denial of service, SQL injection, information disclosure or the execution of arbitrary code.",DSA-6406-1,https://lists.debian.org/debian-security-announce/2026/msg00317.html,Remote Code Execution,"Cross-Site Scripting, Denial of Service, Command Injection, SQL Injection, Remote Code Execution, Information Disclosure"
2026-07-31,php8.4,CVE-2026-7260 CVE-2026-17543 CVE-2026-17544,"Multiple security issues were found in PHP, a widely-used open source general purpose scripting language, which could result in denial of service, SQL injection, information disclosure or the execution of arbitrary code.",DSA-6406-1,https://lists.debian.org/debian-security-announce/2026/msg00317.html,Information Disclosure,"Cross-Site Scripting, Denial of Service, Command Injection, SQL Injection, Remote Code Execution, Information Disclosure"
2026-07-31,linux,CVE-2026-45944 CVE-2026-53005 CVE-2026-53260 CVE-2026-53365 CVE-2026-63970 CVE-2026-64192 CVE-2026-64206 CVE-2026-64227 CVE-2026-64286 CVE-2026-64287 CVE-2026-64307 CVE-2026-64341 CVE-2026-64352 CVE-2026-64361 CVE-2026-64363 CVE-2026-64364 CVE-2026-64369 CVE-2026-64371 CVE-2026-64375 CVE-2026-64390 CVE-2026-64401 CVE-2026-64405 CVE-2026-64413 CVE-2026-64416 CVE-2026-64421 CVE-2026-64428 CVE-2026-64434 CVE-2026-64438 CVE-2026-64441 CVE-2026-64461 CVE-2026-64462 CVE-2026-64472 CVE-2026-64481 CVE-2026-64488 CVE-2026-64493 CVE-2026-64507 CVE-2026-64508 CVE-2026-64509 CVE-2026-64510 CVE-2026-64530 CVE-2026-64531 CVE-2026-64532 CVE-2026-64533 CVE-2026-64534 CVE-2026-64535 CVE-2026-64537 CVE-2026-64538 CVE-2026-64539 CVE-2026-64540 CVE-2026-64541 CVE-2026-64542 CVE-2026-64543 CVE-2026-64544 CVE-2026-64545 CVE-2026-64546 CVE-2026-64547 CVE-2026-64548 CVE-2026-64549 CVE-2026-64550 CVE-2026-64551 CVE-2026-64552 CVE-2026-64553 CVE-2026-64554 CVE-2026-64555 CVE-2026-64557 CVE-2026-64558 CVE-2026-64559 CVE-2026-64560,"CVE-2026-63970 CVE-2026-64192 CVE-2026-64206 CVE-2026-64227 CVE-2026-64286 CVE-2026-64287 CVE-2026-64307 CVE-2026-64341 CVE-2026-64352 CVE-2026-64361 CVE-2026-64363 CVE-2026-64364 CVE-2026-64369 CVE-2026-64371 CVE-2026-64375 CVE-2026-64390 CVE-2026-64401 CVE-2026-64405 CVE-2026-64413 CVE-2026-64416 CVE-2026-64421 CVE-2026-64428 CVE-2026-64434 CVE-2026-64438 CVE-2026-64441 CVE-2026-64461 CVE-2026-64462 CVE-2026-64472 CVE-2026-64481 CVE-2026-64488 CVE-2026-64493 CVE-2026-64507 CVE-2026-64508 CVE-2026-64509 CVE-2026-64510 CVE-2026-64530 CVE-2026-64531 CVE-2026-64532 CVE-2026-64533 CVE-2026-64534 CVE-2026-64535 CVE-2026-64537 CVE-2026-64538 CVE-2026-64539 CVE-2026-64540 CVE-2026-64541 CVE-2026-64542 CVE-2026-64543 CVE-2026-64544 CVE-2026-64545 CVE-2026-64546 CVE-2026-64547 CVE-2026-64548 CVE-2026-64549 CVE-2026-64550 CVE-2026-64551 CVE-2026-64552 CVE-2026-64553 CVE-2026-64554 CVE-2026-64555 CVE-2026-64557 CVE-2026-64558 CVE-2026-64559 CVE-2026-64560 Several vulnerabilities have been discovered in the Linux kernel that may lead to a privilege escalation, denial of service or information leaks.",DSA-6405-1,https://lists.debian.org/debian-security-announce/2026/msg00316.html,Privilege Escalation,"Privilege Escalation, Information Disclosure, Denial of Service"
2026-07-31,linux,CVE-2026-45944 CVE-2026-53005 CVE-2026-53260 CVE-2026-53365 CVE-2026-63970 CVE-2026-64192 CVE-2026-64206 CVE-2026-64227 CVE-2026-64286 CVE-2026-64287 CVE-2026-64307 CVE-2026-64341 CVE-2026-64352 CVE-2026-64361 CVE-2026-64363 CVE-2026-64364 CVE-2026-64369 CVE-2026-64371 CVE-2026-64375 CVE-2026-64390 CVE-2026-64401 CVE-2026-64405 CVE-2026-64413 CVE-2026-64416 CVE-2026-64421 CVE-2026-64428 CVE-2026-64434 CVE-2026-64438 CVE-2026-64441 CVE-2026-64461 CVE-2026-64462 CVE-2026-64472 CVE-2026-64481 CVE-2026-64488 CVE-2026-64493 CVE-2026-64507 CVE-2026-64508 CVE-2026-64509 CVE-2026-64510 CVE-2026-64530 CVE-2026-64531 CVE-2026-64532 CVE-2026-64533 CVE-2026-64534 CVE-2026-64535 CVE-2026-64537 CVE-2026-64538 CVE-2026-64539 CVE-2026-64540 CVE-2026-64541 CVE-2026-64542 CVE-2026-64543 CVE-2026-64544 CVE-2026-64545 CVE-2026-64546 CVE-2026-64547 CVE-2026-64548 CVE-2026-64549 CVE-2026-64550 CVE-2026-64551 CVE-2026-64552 CVE-2026-64553 CVE-2026-64554 CVE-2026-64555 CVE-2026-64557 CVE-2026-64558 CVE-2026-64559 CVE-2026-64560,"CVE-2026-63970 CVE-2026-64192 CVE-2026-64206 CVE-2026-64227 CVE-2026-64286 CVE-2026-64287 CVE-2026-64307 CVE-2026-64341 CVE-2026-64352 CVE-2026-64361 CVE-2026-64363 CVE-2026-64364 CVE-2026-64369 CVE-2026-64371 CVE-2026-64375 CVE-2026-64390 CVE-2026-64401 CVE-2026-64405 CVE-2026-64413 CVE-2026-64416 CVE-2026-64421 CVE-2026-64428 CVE-2026-64434 CVE-2026-64438 CVE-2026-64441 CVE-2026-64461 CVE-2026-64462 CVE-2026-64472 CVE-2026-64481 CVE-2026-64488 CVE-2026-64493 CVE-2026-64507 CVE-2026-64508 CVE-2026-64509 CVE-2026-64510 CVE-2026-64530 CVE-2026-64531 CVE-2026-64532 CVE-2026-64533 CVE-2026-64534 CVE-2026-64535 CVE-2026-64537 CVE-2026-64538 CVE-2026-64539 CVE-2026-64540 CVE-2026-64541 CVE-2026-64542 CVE-2026-64543 CVE-2026-64544 CVE-2026-64545 CVE-2026-64546 CVE-2026-64547 CVE-2026-64548 CVE-2026-64549 CVE-2026-64550 CVE-2026-64551 CVE-2026-64552 CVE-2026-64553 CVE-2026-64554 CVE-2026-64555 CVE-2026-64557 CVE-2026-64558 CVE-2026-64559 CVE-2026-64560 Several vulnerabilities have been discovered in the Linux kernel that may lead to a privilege escalation, denial of service or information leaks.",DSA-6405-1,https://lists.debian.org/debian-security-announce/2026/msg00316.html,Information Disclosure,"Privilege Escalation, Information Disclosure, Denial of Service"
2026-07-31,linux,CVE-2026-45944 CVE-2026-53005 CVE-2026-53260 CVE-2026-53365 CVE-2026-63970 CVE-2026-64192 CVE-2026-64206 CVE-2026-64227 CVE-2026-64286 CVE-2026-64287 CVE-2026-64307 CVE-2026-64341 CVE-2026-64352 CVE-2026-64361 CVE-2026-64363 CVE-2026-64364 CVE-2026-64369 CVE-2026-64371 CVE-2026-64375 CVE-2026-64390 CVE-2026-64401 CVE-2026-64405 CVE-2026-64413 CVE-2026-64416 CVE-2026-64421 CVE-2026-64428 CVE-2026-64434 CVE-2026-64438 CVE-2026-64441 CVE-2026-64461 CVE-2026-64462 CVE-2026-64472 CVE-2026-64481 CVE-2026-64488 CVE-2026-64493 CVE-2026-64507 CVE-2026-64508 CVE-2026-64509 CVE-2026-64510 CVE-2026-64530 CVE-2026-64531 CVE-2026-64532 CVE-2026-64533 CVE-2026-64534 CVE-2026-64535 CVE-2026-64537 CVE-2026-64538 CVE-2026-64539 CVE-2026-64540 CVE-2026-64541 CVE-2026-64542 CVE-2026-64543 CVE-2026-64544 CVE-2026-64545 CVE-2026-64546 CVE-2026-64547 CVE-2026-64548 CVE-2026-64549 CVE-2026-64550 CVE-2026-64551 CVE-2026-64552 CVE-2026-64553 CVE-2026-64554 CVE-2026-64555 CVE-2026-64557 CVE-2026-64558 CVE-2026-64559 CVE-2026-64560,"CVE-2026-63970 CVE-2026-64192 CVE-2026-64206 CVE-2026-64227 CVE-2026-64286 CVE-2026-64287 CVE-2026-64307 CVE-2026-64341 CVE-2026-64352 CVE-2026-64361 CVE-2026-64363 CVE-2026-64364 CVE-2026-64369 CVE-2026-64371 CVE-2026-64375 CVE-2026-64390 CVE-2026-64401 CVE-2026-64405 CVE-2026-64413 CVE-2026-64416 CVE-2026-64421 CVE-2026-64428 CVE-2026-64434 CVE-2026-64438 CVE-2026-64441 CVE-2026-64461 CVE-2026-64462 CVE-2026-64472 CVE-2026-64481 CVE-2026-64488 CVE-2026-64493 CVE-2026-64507 CVE-2026-64508 CVE-2026-64509 CVE-2026-64510 CVE-2026-64530 CVE-2026-64531 CVE-2026-64532 CVE-2026-64533 CVE-2026-64534 CVE-2026-64535 CVE-2026-64537 CVE-2026-64538 CVE-2026-64539 CVE-2026-64540 CVE-2026-64541 CVE-2026-64542 CVE-2026-64543 CVE-2026-64544 CVE-2026-64545 CVE-2026-64546 CVE-2026-64547 CVE-2026-64548 CVE-2026-64549 CVE-2026-64550 CVE-2026-64551 CVE-2026-64552 CVE-2026-64553 CVE-2026-64554 CVE-2026-64555 CVE-2026-64557 CVE-2026-64558 CVE-2026-64559 CVE-2026-64560 Several vulnerabilities have been discovered in the Linux kernel that may lead to a privilege escalation, denial of service or information leaks.",DSA-6405-1,https://lists.debian.org/debian-security-announce/2026/msg00316.html,Denial of Service,"Privilege Escalation, Information Disclosure, Denial of Service"
2026-07-31,incus,CVE-2026-62313 CVE-2026-62867 CVE-2026-62940 CVE-2026-62941 CVE-2026-63125 CVE-2026-63343,"CVE-2026-63125 CVE-2026-63343 Multiple security issues were discovered in Incus, a system container and virtual machine manager, which may result in bypass of security restrictions or privilege escalation.",DSA-6407-1,https://lists.debian.org/debian-security-announce/2026/msg00318.html,Authorization/Access Control Bypass,"Authorization/Access Control Bypass, Privilege Escalation, Sandbox Escape, Authentication Bypass"
2026-07-31,incus,CVE-2026-62313 CVE-2026-62867 CVE-2026-62940 CVE-2026-62941 CVE-2026-63125 CVE-2026-63343,"CVE-2026-63125 CVE-2026-63343 Multiple security issues were discovered in Incus, a system container and virtual machine manager, which may result in bypass of security restrictions or privilege escalation.",DSA-6407-1,https://lists.debian.org/debian-security-announce/2026/msg00318.html,Privilege Escalation,"Authorization/Access Control Bypass, Privilege Escalation, Sandbox Escape, Authentication Bypass"
2026-07-31,incus,CVE-2026-62313 CVE-2026-62867 CVE-2026-62940 CVE-2026-62941 CVE-2026-63125 CVE-2026-63343,"CVE-2026-63125 CVE-2026-63343 Multiple security issues were discovered in Incus, a system container and virtual machine manager, which may result in bypass of security restrictions or privilege escalation.",DSA-6407-1,https://lists.debian.org/debian-security-announce/2026/msg00318.html,Sandbox Escape,"Authorization/Access Control Bypass, Privilege Escalation, Sandbox Escape, Authentication Bypass"
2026-07-31,incus,CVE-2026-62313 CVE-2026-62867 CVE-2026-62940 CVE-2026-62941 CVE-2026-63125 CVE-2026-63343,"CVE-2026-63125 CVE-2026-63343 Multiple security issues were discovered in Incus, a system container and virtual machine manager, which may result in bypass of security restrictions or privilege escalation.",DSA-6407-1,https://lists.debian.org/debian-security-announce/2026/msg00318.html,Authentication Bypass,"Authorization/Access Control Bypass, Privilege Escalation, Sandbox Escape, Authentication Bypass"
2026-07-31,chromium,CVE-2026-16804 CVE-2026-16805 CVE-2026-16806 CVE-2026-16807 CVE-2026-17650 CVE-2026-17651 CVE-2026-17652 CVE-2026-17653 CVE-2026-17654 CVE-2026-17655 CVE-2026-17656 CVE-2026-17657 CVE-2026-17658 CVE-2026-17659 CVE-2026-17660 CVE-2026-17661 CVE-2026-17662 CVE-2026-17663 CVE-2026-17664 CVE-2026-17665 CVE-2026-17666 CVE-2026-17667 CVE-2026-17668 CVE-2026-17669 CVE-2026-17670 CVE-2026-17671 CVE-2026-17672 CVE-2026-17673 CVE-2026-17674 CVE-2026-17675 CVE-2026-17676 CVE-2026-17677 CVE-2026-17678 CVE-2026-17679 CVE-2026-17680 CVE-2026-17681 CVE-2026-17682 CVE-2026-17683 CVE-2026-17684 CVE-2026-17685 CVE-2026-17686 CVE-2026-17687 CVE-2026-17688 CVE-2026-17689 CVE-2026-17690 CVE-2026-17691 CVE-2026-17692 CVE-2026-17693 CVE-2026-17694 CVE-2026-17695 CVE-2026-17696 CVE-2026-17697 CVE-2026-17698 CVE-2026-17699 CVE-2026-17700 CVE-2026-17701 CVE-2026-17702 CVE-2026-17703 CVE-2026-17704 CVE-2026-17705 CVE-2026-17706 CVE-2026-17707 CVE-2026-17708 CVE-2026-17709 CVE-2026-17710 CVE-2026-17711 CVE-2026-17712 CVE-2026-17713 CVE-2026-17714 CVE-2026-17715 CVE-2026-17716 CVE-2026-17717 CVE-2026-17718 CVE-2026-17719 CVE-2026-17720 CVE-2026-17721 CVE-2026-17722 CVE-2026-17723 CVE-2026-17724 CVE-2026-17725 CVE-2026-17726 CVE-2026-17727 CVE-2026-17728 CVE-2026-17729 CVE-2026-17730 CVE-2026-17731 CVE-2026-17732 CVE-2026-17733 CVE-2026-17734 CVE-2026-17735 CVE-2026-17736 CVE-2026-17737 CVE-2026-17738 CVE-2026-17739 CVE-2026-17740 CVE-2026-17741 CVE-2026-17742 CVE-2026-17743 CVE-2026-17744 CVE-2026-17745 CVE-2026-17746 CVE-2026-17747 CVE-2026-17748 CVE-2026-17749 CVE-2026-17750 CVE-2026-17751 CVE-2026-17752 CVE-2026-17753 CVE-2026-17754 CVE-2026-17755 CVE-2026-17756 CVE-2026-17757 CVE-2026-17758 CVE-2026-17759 CVE-2026-17760 CVE-2026-17761 CVE-2026-17762 CVE-2026-17763 CVE-2026-17764 CVE-2026-17765 CVE-2026-17766 CVE-2026-17767 CVE-2026-17768 CVE-2026-17769 CVE-2026-17770 CVE-2026-17771 CVE-2026-17772 CVE-2026-17773 CVE-2026-17774 CVE-2026-17775 CVE-2026-17776 CVE-2026-17777 CVE-2026-17778 CVE-2026-17779 CVE-2026-17780 CVE-2026-17781 CVE-2026-17782 CVE-2026-17783 CVE-2026-17784 CVE-2026-17785 CVE-2026-17786 CVE-2026-17787 CVE-2026-17788 CVE-2026-17789 CVE-2026-17790 CVE-2026-17791 CVE-2026-17792 CVE-2026-17793 CVE-2026-17794 CVE-2026-17795 CVE-2026-17796 CVE-2026-17797 CVE-2026-17798 CVE-2026-17799 CVE-2026-17800 CVE-2026-17801 CVE-2026-17802 CVE-2026-17803 CVE-2026-17804 CVE-2026-17805 CVE-2026-17806 CVE-2026-17807 CVE-2026-17808 CVE-2026-17809 CVE-2026-17810 CVE-2026-17811 CVE-2026-17812 CVE-2026-17813 CVE-2026-17814 CVE-2026-17815 CVE-2026-17816 CVE-2026-17817 CVE-2026-17818 CVE-2026-17819 CVE-2026-17820 CVE-2026-17821 CVE-2026-17822 CVE-2026-17823 CVE-2026-17824 CVE-2026-17825 CVE-2026-17826 CVE-2026-17827 CVE-2026-17828 CVE-2026-17829 CVE-2026-17830 CVE-2026-17831 CVE-2026-17832 CVE-2026-17833 CVE-2026-17834 CVE-2026-17835 CVE-2026-17836 CVE-2026-17837 CVE-2026-17838 CVE-2026-17839 CVE-2026-17840 CVE-2026-17841 CVE-2026-17842 CVE-2026-17843 CVE-2026-17844 CVE-2026-17845 CVE-2026-17846 CVE-2026-17847 CVE-2026-17848 CVE-2026-17849 CVE-2026-17850 CVE-2026-17851 CVE-2026-17852 CVE-2026-17853 CVE-2026-17854 CVE-2026-17855 CVE-2026-17856 CVE-2026-17857 CVE-2026-17858 CVE-2026-17859 CVE-2026-17860 CVE-2026-17861 CVE-2026-17862 CVE-2026-17863 CVE-2026-17864 CVE-2026-17865 CVE-2026-17866 CVE-2026-17867 CVE-2026-17868 CVE-2026-17869 CVE-2026-17870 CVE-2026-17871 CVE-2026-17872 CVE-2026-17873 CVE-2026-17874 CVE-2026-17875 CVE-2026-17876 CVE-2026-17877 CVE-2026-17878 CVE-2026-17879 CVE-2026-17880 CVE-2026-17881 CVE-2026-17882 CVE-2026-17883 CVE-2026-17884 CVE-2026-17885 CVE-2026-17886 CVE-2026-17887 CVE-2026-17888 CVE-2026-17889 CVE-2026-17890 CVE-2026-17891 CVE-2026-17892 CVE-2026-17893 CVE-2026-17894 CVE-2026-17895 CVE-2026-17896 CVE-2026-17897 CVE-2026-17898 CVE-2026-17899 CVE-2026-17900 CVE-2026-17901 CVE-2026-17902 CVE-2026-17903 CVE-2026-17904 CVE-2026-17905 CVE-2026-17906 CVE-2026-17907 CVE-2026-17908 CVE-2026-17909 CVE-2026-17910 CVE-2026-17911 CVE-2026-17912 CVE-2026-17913 CVE-2026-17914 CVE-2026-17915 CVE-2026-17916 CVE-2026-17917 CVE-2026-17918 CVE-2026-17919 CVE-2026-17920 CVE-2026-17921 CVE-2026-17922 CVE-2026-17923 CVE-2026-17924 CVE-2026-17925 CVE-2026-17926 CVE-2026-17927 CVE-2026-17928 CVE-2026-17929 CVE-2026-17930 CVE-2026-17931 CVE-2026-17932 CVE-2026-17933 CVE-2026-17934 CVE-2026-17935 CVE-2026-17936 CVE-2026-17937 CVE-2026-17938 CVE-2026-17939 CVE-2026-17940 CVE-2026-17941 CVE-2026-17942 CVE-2026-17943 CVE-2026-17944 CVE-2026-17945 CVE-2026-17946 CVE-2026-17947 CVE-2026-17948 CVE-2026-17949 CVE-2026-17950 CVE-2026-17951 CVE-2026-17952 CVE-2026-17953 CVE-2026-17954 CVE-2026-17955 CVE-2026-17956 CVE-2026-17957 CVE-2026-17958 CVE-2026-17959 CVE-2026-17960 CVE-2026-17961 CVE-2026-17962 CVE-2026-17963 CVE-2026-17964 CVE-2026-17965 CVE-2026-17966 CVE-2026-17967 CVE-2026-17968 CVE-2026-17969 CVE-2026-17970 CVE-2026-17971 CVE-2026-17972 CVE-2026-17973 CVE-2026-17974 CVE-2026-17975 CVE-2026-17976 CVE-2026-17977 CVE-2026-17978 CVE-2026-17979 CVE-2026-17980 CVE-2026-17981 CVE-2026-17982 CVE-2026-17983 CVE-2026-17984 CVE-2026-17985 CVE-2026-17986 CVE-2026-17987 CVE-2026-17988 CVE-2026-17989 CVE-2026-17990 CVE-2026-17991 CVE-2026-17992 CVE-2026-17993 CVE-2026-17994 CVE-2026-17995 CVE-2026-17996 CVE-2026-17997 CVE-2026-17998 CVE-2026-17999 CVE-2026-18000 CVE-2026-18001 CVE-2026-18002 CVE-2026-18003 CVE-2026-18004 CVE-2026-18005 CVE-2026-18006 CVE-2026-18007 CVE-2026-18008 CVE-2026-18009 CVE-2026-18010 CVE-2026-18011 CVE-2026-18012 CVE-2026-18013 CVE-2026-18014 CVE-2026-18015 CVE-2026-18016 CVE-2026-18017 CVE-2026-18018 CVE-2026-18019,"CVE-2026-17650 CVE-2026-17651 CVE-2026-17652 CVE-2026-17653 CVE-2026-17654 CVE-2026-17655 CVE-2026-17656 CVE-2026-17657 CVE-2026-17658 CVE-2026-17659 CVE-2026-17660 CVE-2026-17661 CVE-2026-17662 CVE-2026-17663 CVE-2026-17664 CVE-2026-17665 CVE-2026-17666 CVE-2026-17667 CVE-2026-17668 CVE-2026-17669 CVE-2026-17670 CVE-2026-17671 CVE-2026-17672 CVE-2026-17673 CVE-2026-17674 CVE-2026-17675 CVE-2026-17676 CVE-2026-17677 CVE-2026-17678 CVE-2026-17679 CVE-2026-17680 CVE-2026-17681 CVE-2026-17682 CVE-2026-17683 CVE-2026-17684 CVE-2026-17685 CVE-2026-17686 CVE-2026-17687 CVE-2026-17688 CVE-2026-17689 CVE-2026-17690 CVE-2026-17691 CVE-2026-17692 CVE-2026-17693 CVE-2026-17694 CVE-2026-17695 CVE-2026-17696 CVE-2026-17697 CVE-2026-17698 CVE-2026-17699 CVE-2026-17700 CVE-2026-17701 CVE-2026-17702 CVE-2026-17703 CVE-2026-17704 CVE-2026-17705 CVE-2026-17706 CVE-2026-17707 CVE-2026-17708 CVE-2026-17709 CVE-2026-17710 CVE-2026-17711 CVE-2026-17712 CVE-2026-17713 CVE-2026-17714 CVE-2026-17715 CVE-2026-17716 CVE-2026-17717 CVE-2026-17718 CVE-2026-17719 CVE-2026-17720 CVE-2026-17721 CVE-2026-17722 CVE-2026-17723 CVE-2026-17724 CVE-2026-17725 CVE-2026-17726 CVE-2026-17727 CVE-2026-17728 CVE-2026-17729 CVE-2026-17730 CVE-2026-17731 CVE-2026-17732 CVE-2026-17733 CVE-2026-17734 CVE-2026-17735 CVE-2026-17736 CVE-2026-17737 CVE-2026-17738 CVE-2026-17739 CVE-2026-17740 CVE-2026-17741 CVE-2026-17742 CVE-2026-17743 CVE-2026-17744 CVE-2026-17745 CVE-2026-17746 CVE-2026-17747 CVE-2026-17748 CVE-2026-17749 CVE-2026-17750 CVE-2026-17751 CVE-2026-17752 CVE-2026-17753 CVE-2026-17754 CVE-2026-17755 CVE-2026-17756 CVE-2026-17757 CVE-2026-17758 CVE-2026-17759 CVE-2026-17760 CVE-2026-17761 CVE-2026-17762 CVE-2026-17763 CVE-2026-17764 CVE-2026-17765 CVE-2026-17766 CVE-2026-17767 CVE-2026-17768 CVE-2026-17769 CVE-2026-17770 CVE-2026-17771 CVE-2026-17772 CVE-2026-17773 CVE-2026-17774 CVE-2026-17775 CVE-2026-17776 CVE-2026-17777 CVE-2026-17778 CVE-2026-17779 CVE-2026-17780 CVE-2026-17781 CVE-2026-17782 CVE-2026-17783 CVE-2026-17784 CVE-2026-17785 CVE-2026-17786 CVE-2026-17787 CVE-2026-17788 CVE-2026-17789 CVE-2026-17790 CVE-2026-17791 CVE-2026-17792 CVE-2026-17793 CVE-2026-17794 CVE-2026-17795 CVE-2026-17796 CVE-2026-17797 CVE-2026-17798 CVE-2026-17799 CVE-2026-17800 CVE-2026-17801 CVE-2026-17802 CVE-2026-17803 CVE-2026-17804 CVE-2026-17805 CVE-2026-17806 CVE-2026-17807 CVE-2026-17808 CVE-2026-17809 CVE-2026-17810 CVE-2026-17811 CVE-2026-17812 CVE-2026-17813 CVE-2026-17814 CVE-2026-17815 CVE-2026-17816 CVE-2026-17817 CVE-2026-17818 CVE-2026-17819 CVE-2026-17820 CVE-2026-17821 CVE-2026-17822 CVE-2026-17823 CVE-2026-17824 CVE-2026-17825 CVE-2026-17826 CVE-2026-17827 CVE-2026-17828 CVE-2026-17829 CVE-2026-17830 CVE-2026-17831 CVE-2026-17832 CVE-2026-17833 CVE-2026-17834 CVE-2026-17835 CVE-2026-17836 CVE-2026-17837 CVE-2026-17838 CVE-2026-17839 CVE-2026-17840 CVE-2026-17841 CVE-2026-17842 CVE-2026-17843 CVE-2026-17844 CVE-2026-17845 CVE-2026-17846 CVE-2026-17847 CVE-2026-17848 CVE-2026-17849 CVE-2026-17850 CVE-2026-17851 CVE-2026-17852 CVE-2026-17853 CVE-2026-17854 CVE-2026-17855 CVE-2026-17856 CVE-2026-17857 CVE-2026-17858 CVE-2026-17859 CVE-2026-17860 CVE-2026-17861 CVE-2026-17862 CVE-2026-17863 CVE-2026-17864 CVE-2026-17865 CVE-2026-17866 CVE-2026-17867 CVE-2026-17868 CVE-2026-17869 CVE-2026-17870 CVE-2026-17871 CVE-2026-17872 CVE-2026-17873 CVE-2026-17874 CVE-2026-17875 CVE-2026-17876 CVE-2026-17877 CVE-2026-17878 CVE-2026-17879 CVE-2026-17880 CVE-2026-17881 CVE-2026-17882 CVE-2026-17883 CVE-2026-17884 CVE-2026-17885 CVE-2026-17886 CVE-2026-17887 CVE-2026-17888 CVE-2026-17889 CVE-2026-17890 CVE-2026-17891 CVE-2026-17892 CVE-2026-17893 CVE-2026-17894 CVE-2026-17895 CVE-2026-17896 CVE-2026-17897 CVE-2026-17898 CVE-2026-17899 CVE-2026-17900 CVE-2026-17901 CVE-2026-17902 CVE-2026-17903 CVE-2026-17904 CVE-2026-17905 CVE-2026-17906 CVE-2026-17907 CVE-2026-17908 CVE-2026-17909 CVE-2026-17910 CVE-2026-17911 CVE-2026-17912 CVE-2026-17913 CVE-2026-17914 CVE-2026-17915 CVE-2026-17916 CVE-2026-17917 CVE-2026-17918 CVE-2026-17919 CVE-2026-17920 CVE-2026-17921 CVE-2026-17922 CVE-2026-17923 CVE-2026-17924 CVE-2026-17925 CVE-2026-17926 CVE-2026-17927 CVE-2026-17928 CVE-2026-17929 CVE-2026-17930 CVE-2026-17931 CVE-2026-17932 CVE-2026-17933 CVE-2026-17934 CVE-2026-17935 CVE-2026-17936 CVE-2026-17937 CVE-2026-17938 CVE-2026-17939 CVE-2026-17940 CVE-2026-17941 CVE-2026-17942 CVE-2026-17943 CVE-2026-17944 CVE-2026-17945 CVE-2026-17946 CVE-2026-17947 CVE-2026-17948 CVE-2026-17949 CVE-2026-17950 CVE-2026-17951 CVE-2026-17952 CVE-2026-17953 CVE-2026-17954 CVE-2026-17955 CVE-2026-17956 CVE-2026-17957 CVE-2026-17958 CVE-2026-17959 CVE-2026-17960 CVE-2026-17961 CVE-2026-17962 CVE-2026-17963 CVE-2026-17964 CVE-2026-17965 CVE-2026-17966 CVE-2026-17967 CVE-2026-17968 CVE-2026-17969 CVE-2026-17970 CVE-2026-17971 CVE-2026-17972 CVE-2026-17973 CVE-2026-17974 CVE-2026-17975 CVE-2026-17976 CVE-2026-17977 CVE-2026-17978 CVE-2026-17979 CVE-2026-17980 CVE-2026-17981 CVE-2026-17982 CVE-2026-17983 CVE-2026-17984 CVE-2026-17985 CVE-2026-17986 CVE-2026-17987 CVE-2026-17988 CVE-2026-17989 CVE-2026-17990 CVE-2026-17991 CVE-2026-17992 CVE-2026-17993 CVE-2026-17994 CVE-2026-17995 CVE-2026-17996 CVE-2026-17997 CVE-2026-17998 CVE-2026-17999 CVE-2026-18000 CVE-2026-18001 CVE-2026-18002 CVE-2026-18003 CVE-2026-18004 CVE-2026-18005 CVE-2026-18006 CVE-2026-18007 CVE-2026-18008 CVE-2026-18009 CVE-2026-18010 CVE-2026-18011 CVE-2026-18012 CVE-2026-18013 CVE-2026-18014 CVE-2026-18015 CVE-2026-18016 CVE-2026-18017 CVE-2026-18018 CVE-2026-18019 Security issues were discovered in Chromium which could result in the execution of arbitrary code, denial of service, or information disclosure.",DSA-6408-1,https://lists.debian.org/debian-security-announce/2026/msg00319.html,Remote Code Execution,"Remote Code Execution, Information Disclosure, Denial of Service"
2026-07-31,chromium,CVE-2026-16804 CVE-2026-16805 CVE-2026-16806 CVE-2026-16807 CVE-2026-17650 CVE-2026-17651 CVE-2026-17652 CVE-2026-17653 CVE-2026-17654 CVE-2026-17655 CVE-2026-17656 CVE-2026-17657 CVE-2026-17658 CVE-2026-17659 CVE-2026-17660 CVE-2026-17661 CVE-2026-17662 CVE-2026-17663 CVE-2026-17664 CVE-2026-17665 CVE-2026-17666 CVE-2026-17667 CVE-2026-17668 CVE-2026-17669 CVE-2026-17670 CVE-2026-17671 CVE-2026-17672 CVE-2026-17673 CVE-2026-17674 CVE-2026-17675 CVE-2026-17676 CVE-2026-17677 CVE-2026-17678 CVE-2026-17679 CVE-2026-17680 CVE-2026-17681 CVE-2026-17682 CVE-2026-17683 CVE-2026-17684 CVE-2026-17685 CVE-2026-17686 CVE-2026-17687 CVE-2026-17688 CVE-2026-17689 CVE-2026-17690 CVE-2026-17691 CVE-2026-17692 CVE-2026-17693 CVE-2026-17694 CVE-2026-17695 CVE-2026-17696 CVE-2026-17697 CVE-2026-17698 CVE-2026-17699 CVE-2026-17700 CVE-2026-17701 CVE-2026-17702 CVE-2026-17703 CVE-2026-17704 CVE-2026-17705 CVE-2026-17706 CVE-2026-17707 CVE-2026-17708 CVE-2026-17709 CVE-2026-17710 CVE-2026-17711 CVE-2026-17712 CVE-2026-17713 CVE-2026-17714 CVE-2026-17715 CVE-2026-17716 CVE-2026-17717 CVE-2026-17718 CVE-2026-17719 CVE-2026-17720 CVE-2026-17721 CVE-2026-17722 CVE-2026-17723 CVE-2026-17724 CVE-2026-17725 CVE-2026-17726 CVE-2026-17727 CVE-2026-17728 CVE-2026-17729 CVE-2026-17730 CVE-2026-17731 CVE-2026-17732 CVE-2026-17733 CVE-2026-17734 CVE-2026-17735 CVE-2026-17736 CVE-2026-17737 CVE-2026-17738 CVE-2026-17739 CVE-2026-17740 CVE-2026-17741 CVE-2026-17742 CVE-2026-17743 CVE-2026-17744 CVE-2026-17745 CVE-2026-17746 CVE-2026-17747 CVE-2026-17748 CVE-2026-17749 CVE-2026-17750 CVE-2026-17751 CVE-2026-17752 CVE-2026-17753 CVE-2026-17754 CVE-2026-17755 CVE-2026-17756 CVE-2026-17757 CVE-2026-17758 CVE-2026-17759 CVE-2026-17760 CVE-2026-17761 CVE-2026-17762 CVE-2026-17763 CVE-2026-17764 CVE-2026-17765 CVE-2026-17766 CVE-2026-17767 CVE-2026-17768 CVE-2026-17769 CVE-2026-17770 CVE-2026-17771 CVE-2026-17772 CVE-2026-17773 CVE-2026-17774 CVE-2026-17775 CVE-2026-17776 CVE-2026-17777 CVE-2026-17778 CVE-2026-17779 CVE-2026-17780 CVE-2026-17781 CVE-2026-17782 CVE-2026-17783 CVE-2026-17784 CVE-2026-17785 CVE-2026-17786 CVE-2026-17787 CVE-2026-17788 CVE-2026-17789 CVE-2026-17790 CVE-2026-17791 CVE-2026-17792 CVE-2026-17793 CVE-2026-17794 CVE-2026-17795 CVE-2026-17796 CVE-2026-17797 CVE-2026-17798 CVE-2026-17799 CVE-2026-17800 CVE-2026-17801 CVE-2026-17802 CVE-2026-17803 CVE-2026-17804 CVE-2026-17805 CVE-2026-17806 CVE-2026-17807 CVE-2026-17808 CVE-2026-17809 CVE-2026-17810 CVE-2026-17811 CVE-2026-17812 CVE-2026-17813 CVE-2026-17814 CVE-2026-17815 CVE-2026-17816 CVE-2026-17817 CVE-2026-17818 CVE-2026-17819 CVE-2026-17820 CVE-2026-17821 CVE-2026-17822 CVE-2026-17823 CVE-2026-17824 CVE-2026-17825 CVE-2026-17826 CVE-2026-17827 CVE-2026-17828 CVE-2026-17829 CVE-2026-17830 CVE-2026-17831 CVE-2026-17832 CVE-2026-17833 CVE-2026-17834 CVE-2026-17835 CVE-2026-17836 CVE-2026-17837 CVE-2026-17838 CVE-2026-17839 CVE-2026-17840 CVE-2026-17841 CVE-2026-17842 CVE-2026-17843 CVE-2026-17844 CVE-2026-17845 CVE-2026-17846 CVE-2026-17847 CVE-2026-17848 CVE-2026-17849 CVE-2026-17850 CVE-2026-17851 CVE-2026-17852 CVE-2026-17853 CVE-2026-17854 CVE-2026-17855 CVE-2026-17856 CVE-2026-17857 CVE-2026-17858 CVE-2026-17859 CVE-2026-17860 CVE-2026-17861 CVE-2026-17862 CVE-2026-17863 CVE-2026-17864 CVE-2026-17865 CVE-2026-17866 CVE-2026-17867 CVE-2026-17868 CVE-2026-17869 CVE-2026-17870 CVE-2026-17871 CVE-2026-17872 CVE-2026-17873 CVE-2026-17874 CVE-2026-17875 CVE-2026-17876 CVE-2026-17877 CVE-2026-17878 CVE-2026-17879 CVE-2026-17880 CVE-2026-17881 CVE-2026-17882 CVE-2026-17883 CVE-2026-17884 CVE-2026-17885 CVE-2026-17886 CVE-2026-17887 CVE-2026-17888 CVE-2026-17889 CVE-2026-17890 CVE-2026-17891 CVE-2026-17892 CVE-2026-17893 CVE-2026-17894 CVE-2026-17895 CVE-2026-17896 CVE-2026-17897 CVE-2026-17898 CVE-2026-17899 CVE-2026-17900 CVE-2026-17901 CVE-2026-17902 CVE-2026-17903 CVE-2026-17904 CVE-2026-17905 CVE-2026-17906 CVE-2026-17907 CVE-2026-17908 CVE-2026-17909 CVE-2026-17910 CVE-2026-17911 CVE-2026-17912 CVE-2026-17913 CVE-2026-17914 CVE-2026-17915 CVE-2026-17916 CVE-2026-17917 CVE-2026-17918 CVE-2026-17919 CVE-2026-17920 CVE-2026-17921 CVE-2026-17922 CVE-2026-17923 CVE-2026-17924 CVE-2026-17925 CVE-2026-17926 CVE-2026-17927 CVE-2026-17928 CVE-2026-17929 CVE-2026-17930 CVE-2026-17931 CVE-2026-17932 CVE-2026-17933 CVE-2026-17934 CVE-2026-17935 CVE-2026-17936 CVE-2026-17937 CVE-2026-17938 CVE-2026-17939 CVE-2026-17940 CVE-2026-17941 CVE-2026-17942 CVE-2026-17943 CVE-2026-17944 CVE-2026-17945 CVE-2026-17946 CVE-2026-17947 CVE-2026-17948 CVE-2026-17949 CVE-2026-17950 CVE-2026-17951 CVE-2026-17952 CVE-2026-17953 CVE-2026-17954 CVE-2026-17955 CVE-2026-17956 CVE-2026-17957 CVE-2026-17958 CVE-2026-17959 CVE-2026-17960 CVE-2026-17961 CVE-2026-17962 CVE-2026-17963 CVE-2026-17964 CVE-2026-17965 CVE-2026-17966 CVE-2026-17967 CVE-2026-17968 CVE-2026-17969 CVE-2026-17970 CVE-2026-17971 CVE-2026-17972 CVE-2026-17973 CVE-2026-17974 CVE-2026-17975 CVE-2026-17976 CVE-2026-17977 CVE-2026-17978 CVE-2026-17979 CVE-2026-17980 CVE-2026-17981 CVE-2026-17982 CVE-2026-17983 CVE-2026-17984 CVE-2026-17985 CVE-2026-17986 CVE-2026-17987 CVE-2026-17988 CVE-2026-17989 CVE-2026-17990 CVE-2026-17991 CVE-2026-17992 CVE-2026-17993 CVE-2026-17994 CVE-2026-17995 CVE-2026-17996 CVE-2026-17997 CVE-2026-17998 CVE-2026-17999 CVE-2026-18000 CVE-2026-18001 CVE-2026-18002 CVE-2026-18003 CVE-2026-18004 CVE-2026-18005 CVE-2026-18006 CVE-2026-18007 CVE-2026-18008 CVE-2026-18009 CVE-2026-18010 CVE-2026-18011 CVE-2026-18012 CVE-2026-18013 CVE-2026-18014 CVE-2026-18015 CVE-2026-18016 CVE-2026-18017 CVE-2026-18018 CVE-2026-18019,"CVE-2026-17650 CVE-2026-17651 CVE-2026-17652 CVE-2026-17653 CVE-2026-17654 CVE-2026-17655 CVE-2026-17656 CVE-2026-17657 CVE-2026-17658 CVE-2026-17659 CVE-2026-17660 CVE-2026-17661 CVE-2026-17662 CVE-2026-17663 CVE-2026-17664 CVE-2026-17665 CVE-2026-17666 CVE-2026-17667 CVE-2026-17668 CVE-2026-17669 CVE-2026-17670 CVE-2026-17671 CVE-2026-17672 CVE-2026-17673 CVE-2026-17674 CVE-2026-17675 CVE-2026-17676 CVE-2026-17677 CVE-2026-17678 CVE-2026-17679 CVE-2026-17680 CVE-2026-17681 CVE-2026-17682 CVE-2026-17683 CVE-2026-17684 CVE-2026-17685 CVE-2026-17686 CVE-2026-17687 CVE-2026-17688 CVE-2026-17689 CVE-2026-17690 CVE-2026-17691 CVE-2026-17692 CVE-2026-17693 CVE-2026-17694 CVE-2026-17695 CVE-2026-17696 CVE-2026-17697 CVE-2026-17698 CVE-2026-17699 CVE-2026-17700 CVE-2026-17701 CVE-2026-17702 CVE-2026-17703 CVE-2026-17704 CVE-2026-17705 CVE-2026-17706 CVE-2026-17707 CVE-2026-17708 CVE-2026-17709 CVE-2026-17710 CVE-2026-17711 CVE-2026-17712 CVE-2026-17713 CVE-2026-17714 CVE-2026-17715 CVE-2026-17716 CVE-2026-17717 CVE-2026-17718 CVE-2026-17719 CVE-2026-17720 CVE-2026-17721 CVE-2026-17722 CVE-2026-17723 CVE-2026-17724 CVE-2026-17725 CVE-2026-17726 CVE-2026-17727 CVE-2026-17728 CVE-2026-17729 CVE-2026-17730 CVE-2026-17731 CVE-2026-17732 CVE-2026-17733 CVE-2026-17734 CVE-2026-17735 CVE-2026-17736 CVE-2026-17737 CVE-2026-17738 CVE-2026-17739 CVE-2026-17740 CVE-2026-17741 CVE-2026-17742 CVE-2026-17743 CVE-2026-17744 CVE-2026-17745 CVE-2026-17746 CVE-2026-17747 CVE-2026-17748 CVE-2026-17749 CVE-2026-17750 CVE-2026-17751 CVE-2026-17752 CVE-2026-17753 CVE-2026-17754 CVE-2026-17755 CVE-2026-17756 CVE-2026-17757 CVE-2026-17758 CVE-2026-17759 CVE-2026-17760 CVE-2026-17761 CVE-2026-17762 CVE-2026-17763 CVE-2026-17764 CVE-2026-17765 CVE-2026-17766 CVE-2026-17767 CVE-2026-17768 CVE-2026-17769 CVE-2026-17770 CVE-2026-17771 CVE-2026-17772 CVE-2026-17773 CVE-2026-17774 CVE-2026-17775 CVE-2026-17776 CVE-2026-17777 CVE-2026-17778 CVE-2026-17779 CVE-2026-17780 CVE-2026-17781 CVE-2026-17782 CVE-2026-17783 CVE-2026-17784 CVE-2026-17785 CVE-2026-17786 CVE-2026-17787 CVE-2026-17788 CVE-2026-17789 CVE-2026-17790 CVE-2026-17791 CVE-2026-17792 CVE-2026-17793 CVE-2026-17794 CVE-2026-17795 CVE-2026-17796 CVE-2026-17797 CVE-2026-17798 CVE-2026-17799 CVE-2026-17800 CVE-2026-17801 CVE-2026-17802 CVE-2026-17803 CVE-2026-17804 CVE-2026-17805 CVE-2026-17806 CVE-2026-17807 CVE-2026-17808 CVE-2026-17809 CVE-2026-17810 CVE-2026-17811 CVE-2026-17812 CVE-2026-17813 CVE-2026-17814 CVE-2026-17815 CVE-2026-17816 CVE-2026-17817 CVE-2026-17818 CVE-2026-17819 CVE-2026-17820 CVE-2026-17821 CVE-2026-17822 CVE-2026-17823 CVE-2026-17824 CVE-2026-17825 CVE-2026-17826 CVE-2026-17827 CVE-2026-17828 CVE-2026-17829 CVE-2026-17830 CVE-2026-17831 CVE-2026-17832 CVE-2026-17833 CVE-2026-17834 CVE-2026-17835 CVE-2026-17836 CVE-2026-17837 CVE-2026-17838 CVE-2026-17839 CVE-2026-17840 CVE-2026-17841 CVE-2026-17842 CVE-2026-17843 CVE-2026-17844 CVE-2026-17845 CVE-2026-17846 CVE-2026-17847 CVE-2026-17848 CVE-2026-17849 CVE-2026-17850 CVE-2026-17851 CVE-2026-17852 CVE-2026-17853 CVE-2026-17854 CVE-2026-17855 CVE-2026-17856 CVE-2026-17857 CVE-2026-17858 CVE-2026-17859 CVE-2026-17860 CVE-2026-17861 CVE-2026-17862 CVE-2026-17863 CVE-2026-17864 CVE-2026-17865 CVE-2026-17866 CVE-2026-17867 CVE-2026-17868 CVE-2026-17869 CVE-2026-17870 CVE-2026-17871 CVE-2026-17872 CVE-2026-17873 CVE-2026-17874 CVE-2026-17875 CVE-2026-17876 CVE-2026-17877 CVE-2026-17878 CVE-2026-17879 CVE-2026-17880 CVE-2026-17881 CVE-2026-17882 CVE-2026-17883 CVE-2026-17884 CVE-2026-17885 CVE-2026-17886 CVE-2026-17887 CVE-2026-17888 CVE-2026-17889 CVE-2026-17890 CVE-2026-17891 CVE-2026-17892 CVE-2026-17893 CVE-2026-17894 CVE-2026-17895 CVE-2026-17896 CVE-2026-17897 CVE-2026-17898 CVE-2026-17899 CVE-2026-17900 CVE-2026-17901 CVE-2026-17902 CVE-2026-17903 CVE-2026-17904 CVE-2026-17905 CVE-2026-17906 CVE-2026-17907 CVE-2026-17908 CVE-2026-17909 CVE-2026-17910 CVE-2026-17911 CVE-2026-17912 CVE-2026-17913 CVE-2026-17914 CVE-2026-17915 CVE-2026-17916 CVE-2026-17917 CVE-2026-17918 CVE-2026-17919 CVE-2026-17920 CVE-2026-17921 CVE-2026-17922 CVE-2026-17923 CVE-2026-17924 CVE-2026-17925 CVE-2026-17926 CVE-2026-17927 CVE-2026-17928 CVE-2026-17929 CVE-2026-17930 CVE-2026-17931 CVE-2026-17932 CVE-2026-17933 CVE-2026-17934 CVE-2026-17935 CVE-2026-17936 CVE-2026-17937 CVE-2026-17938 CVE-2026-17939 CVE-2026-17940 CVE-2026-17941 CVE-2026-17942 CVE-2026-17943 CVE-2026-17944 CVE-2026-17945 CVE-2026-17946 CVE-2026-17947 CVE-2026-17948 CVE-2026-17949 CVE-2026-17950 CVE-2026-17951 CVE-2026-17952 CVE-2026-17953 CVE-2026-17954 CVE-2026-17955 CVE-2026-17956 CVE-2026-17957 CVE-2026-17958 CVE-2026-17959 CVE-2026-17960 CVE-2026-17961 CVE-2026-17962 CVE-2026-17963 CVE-2026-17964 CVE-2026-17965 CVE-2026-17966 CVE-2026-17967 CVE-2026-17968 CVE-2026-17969 CVE-2026-17970 CVE-2026-17971 CVE-2026-17972 CVE-2026-17973 CVE-2026-17974 CVE-2026-17975 CVE-2026-17976 CVE-2026-17977 CVE-2026-17978 CVE-2026-17979 CVE-2026-17980 CVE-2026-17981 CVE-2026-17982 CVE-2026-17983 CVE-2026-17984 CVE-2026-17985 CVE-2026-17986 CVE-2026-17987 CVE-2026-17988 CVE-2026-17989 CVE-2026-17990 CVE-2026-17991 CVE-2026-17992 CVE-2026-17993 CVE-2026-17994 CVE-2026-17995 CVE-2026-17996 CVE-2026-17997 CVE-2026-17998 CVE-2026-17999 CVE-2026-18000 CVE-2026-18001 CVE-2026-18002 CVE-2026-18003 CVE-2026-18004 CVE-2026-18005 CVE-2026-18006 CVE-2026-18007 CVE-2026-18008 CVE-2026-18009 CVE-2026-18010 CVE-2026-18011 CVE-2026-18012 CVE-2026-18013 CVE-2026-18014 CVE-2026-18015 CVE-2026-18016 CVE-2026-18017 CVE-2026-18018 CVE-2026-18019 Security issues were discovered in Chromium which could result in the execution of arbitrary code, denial of service, or information disclosure.",DSA-6408-1,https://lists.debian.org/debian-security-announce/2026/msg00319.html,Information Disclosure,"Remote Code Execution, Information Disclosure, Denial of Service"
2026-07-31,chromium,CVE-2026-16804 CVE-2026-16805 CVE-2026-16806 CVE-2026-16807 CVE-2026-17650 CVE-2026-17651 CVE-2026-17652 CVE-2026-17653 CVE-2026-17654 CVE-2026-17655 CVE-2026-17656 CVE-2026-17657 CVE-2026-17658 CVE-2026-17659 CVE-2026-17660 CVE-2026-17661 CVE-2026-17662 CVE-2026-17663 CVE-2026-17664 CVE-2026-17665 CVE-2026-17666 CVE-2026-17667 CVE-2026-17668 CVE-2026-17669 CVE-2026-17670 CVE-2026-17671 CVE-2026-17672 CVE-2026-17673 CVE-2026-17674 CVE-2026-17675 CVE-2026-17676 CVE-2026-17677 CVE-2026-17678 CVE-2026-17679 CVE-2026-17680 CVE-2026-17681 CVE-2026-17682 CVE-2026-17683 CVE-2026-17684 CVE-2026-17685 CVE-2026-17686 CVE-2026-17687 CVE-2026-17688 CVE-2026-17689 CVE-2026-17690 CVE-2026-17691 CVE-2026-17692 CVE-2026-17693 CVE-2026-17694 CVE-2026-17695 CVE-2026-17696 CVE-2026-17697 CVE-2026-17698 CVE-2026-17699 CVE-2026-17700 CVE-2026-17701 CVE-2026-17702 CVE-2026-17703 CVE-2026-17704 CVE-2026-17705 CVE-2026-17706 CVE-2026-17707 CVE-2026-17708 CVE-2026-17709 CVE-2026-17710 CVE-2026-17711 CVE-2026-17712 CVE-2026-17713 CVE-2026-17714 CVE-2026-17715 CVE-2026-17716 CVE-2026-17717 CVE-2026-17718 CVE-2026-17719 CVE-2026-17720 CVE-2026-17721 CVE-2026-17722 CVE-2026-17723 CVE-2026-17724 CVE-2026-17725 CVE-2026-17726 CVE-2026-17727 CVE-2026-17728 CVE-2026-17729 CVE-2026-17730 CVE-2026-17731 CVE-2026-17732 CVE-2026-17733 CVE-2026-17734 CVE-2026-17735 CVE-2026-17736 CVE-2026-17737 CVE-2026-17738 CVE-2026-17739 CVE-2026-17740 CVE-2026-17741 CVE-2026-17742 CVE-2026-17743 CVE-2026-17744 CVE-2026-17745 CVE-2026-17746 CVE-2026-17747 CVE-2026-17748 CVE-2026-17749 CVE-2026-17750 CVE-2026-17751 CVE-2026-17752 CVE-2026-17753 CVE-2026-17754 CVE-2026-17755 CVE-2026-17756 CVE-2026-17757 CVE-2026-17758 CVE-2026-17759 CVE-2026-17760 CVE-2026-17761 CVE-2026-17762 CVE-2026-17763 CVE-2026-17764 CVE-2026-17765 CVE-2026-17766 CVE-2026-17767 CVE-2026-17768 CVE-2026-17769 CVE-2026-17770 CVE-2026-17771 CVE-2026-17772 CVE-2026-17773 CVE-2026-17774 CVE-2026-17775 CVE-2026-17776 CVE-2026-17777 CVE-2026-17778 CVE-2026-17779 CVE-2026-17780 CVE-2026-17781 CVE-2026-17782 CVE-2026-17783 CVE-2026-17784 CVE-2026-17785 CVE-2026-17786 CVE-2026-17787 CVE-2026-17788 CVE-2026-17789 CVE-2026-17790 CVE-2026-17791 CVE-2026-17792 CVE-2026-17793 CVE-2026-17794 CVE-2026-17795 CVE-2026-17796 CVE-2026-17797 CVE-2026-17798 CVE-2026-17799 CVE-2026-17800 CVE-2026-17801 CVE-2026-17802 CVE-2026-17803 CVE-2026-17804 CVE-2026-17805 CVE-2026-17806 CVE-2026-17807 CVE-2026-17808 CVE-2026-17809 CVE-2026-17810 CVE-2026-17811 CVE-2026-17812 CVE-2026-17813 CVE-2026-17814 CVE-2026-17815 CVE-2026-17816 CVE-2026-17817 CVE-2026-17818 CVE-2026-17819 CVE-2026-17820 CVE-2026-17821 CVE-2026-17822 CVE-2026-17823 CVE-2026-17824 CVE-2026-17825 CVE-2026-17826 CVE-2026-17827 CVE-2026-17828 CVE-2026-17829 CVE-2026-17830 CVE-2026-17831 CVE-2026-17832 CVE-2026-17833 CVE-2026-17834 CVE-2026-17835 CVE-2026-17836 CVE-2026-17837 CVE-2026-17838 CVE-2026-17839 CVE-2026-17840 CVE-2026-17841 CVE-2026-17842 CVE-2026-17843 CVE-2026-17844 CVE-2026-17845 CVE-2026-17846 CVE-2026-17847 CVE-2026-17848 CVE-2026-17849 CVE-2026-17850 CVE-2026-17851 CVE-2026-17852 CVE-2026-17853 CVE-2026-17854 CVE-2026-17855 CVE-2026-17856 CVE-2026-17857 CVE-2026-17858 CVE-2026-17859 CVE-2026-17860 CVE-2026-17861 CVE-2026-17862 CVE-2026-17863 CVE-2026-17864 CVE-2026-17865 CVE-2026-17866 CVE-2026-17867 CVE-2026-17868 CVE-2026-17869 CVE-2026-17870 CVE-2026-17871 CVE-2026-17872 CVE-2026-17873 CVE-2026-17874 CVE-2026-17875 CVE-2026-17876 CVE-2026-17877 CVE-2026-17878 CVE-2026-17879 CVE-2026-17880 CVE-2026-17881 CVE-2026-17882 CVE-2026-17883 CVE-2026-17884 CVE-2026-17885 CVE-2026-17886 CVE-2026-17887 CVE-2026-17888 CVE-2026-17889 CVE-2026-17890 CVE-2026-17891 CVE-2026-17892 CVE-2026-17893 CVE-2026-17894 CVE-2026-17895 CVE-2026-17896 CVE-2026-17897 CVE-2026-17898 CVE-2026-17899 CVE-2026-17900 CVE-2026-17901 CVE-2026-17902 CVE-2026-17903 CVE-2026-17904 CVE-2026-17905 CVE-2026-17906 CVE-2026-17907 CVE-2026-17908 CVE-2026-17909 CVE-2026-17910 CVE-2026-17911 CVE-2026-17912 CVE-2026-17913 CVE-2026-17914 CVE-2026-17915 CVE-2026-17916 CVE-2026-17917 CVE-2026-17918 CVE-2026-17919 CVE-2026-17920 CVE-2026-17921 CVE-2026-17922 CVE-2026-17923 CVE-2026-17924 CVE-2026-17925 CVE-2026-17926 CVE-2026-17927 CVE-2026-17928 CVE-2026-17929 CVE-2026-17930 CVE-2026-17931 CVE-2026-17932 CVE-2026-17933 CVE-2026-17934 CVE-2026-17935 CVE-2026-17936 CVE-2026-17937 CVE-2026-17938 CVE-2026-17939 CVE-2026-17940 CVE-2026-17941 CVE-2026-17942 CVE-2026-17943 CVE-2026-17944 CVE-2026-17945 CVE-2026-17946 CVE-2026-17947 CVE-2026-17948 CVE-2026-17949 CVE-2026-17950 CVE-2026-17951 CVE-2026-17952 CVE-2026-17953 CVE-2026-17954 CVE-2026-17955 CVE-2026-17956 CVE-2026-17957 CVE-2026-17958 CVE-2026-17959 CVE-2026-17960 CVE-2026-17961 CVE-2026-17962 CVE-2026-17963 CVE-2026-17964 CVE-2026-17965 CVE-2026-17966 CVE-2026-17967 CVE-2026-17968 CVE-2026-17969 CVE-2026-17970 CVE-2026-17971 CVE-2026-17972 CVE-2026-17973 CVE-2026-17974 CVE-2026-17975 CVE-2026-17976 CVE-2026-17977 CVE-2026-17978 CVE-2026-17979 CVE-2026-17980 CVE-2026-17981 CVE-2026-17982 CVE-2026-17983 CVE-2026-17984 CVE-2026-17985 CVE-2026-17986 CVE-2026-17987 CVE-2026-17988 CVE-2026-17989 CVE-2026-17990 CVE-2026-17991 CVE-2026-17992 CVE-2026-17993 CVE-2026-17994 CVE-2026-17995 CVE-2026-17996 CVE-2026-17997 CVE-2026-17998 CVE-2026-17999 CVE-2026-18000 CVE-2026-18001 CVE-2026-18002 CVE-2026-18003 CVE-2026-18004 CVE-2026-18005 CVE-2026-18006 CVE-2026-18007 CVE-2026-18008 CVE-2026-18009 CVE-2026-18010 CVE-2026-18011 CVE-2026-18012 CVE-2026-18013 CVE-2026-18014 CVE-2026-18015 CVE-2026-18016 CVE-2026-18017 CVE-2026-18018 CVE-2026-18019,"CVE-2026-17650 CVE-2026-17651 CVE-2026-17652 CVE-2026-17653 CVE-2026-17654 CVE-2026-17655 CVE-2026-17656 CVE-2026-17657 CVE-2026-17658 CVE-2026-17659 CVE-2026-17660 CVE-2026-17661 CVE-2026-17662 CVE-2026-17663 CVE-2026-17664 CVE-2026-17665 CVE-2026-17666 CVE-2026-17667 CVE-2026-17668 CVE-2026-17669 CVE-2026-17670 CVE-2026-17671 CVE-2026-17672 CVE-2026-17673 CVE-2026-17674 CVE-2026-17675 CVE-2026-17676 CVE-2026-17677 CVE-2026-17678 CVE-2026-17679 CVE-2026-17680 CVE-2026-17681 CVE-2026-17682 CVE-2026-17683 CVE-2026-17684 CVE-2026-17685 CVE-2026-17686 CVE-2026-17687 CVE-2026-17688 CVE-2026-17689 CVE-2026-17690 CVE-2026-17691 CVE-2026-17692 CVE-2026-17693 CVE-2026-17694 CVE-2026-17695 CVE-2026-17696 CVE-2026-17697 CVE-2026-17698 CVE-2026-17699 CVE-2026-17700 CVE-2026-17701 CVE-2026-17702 CVE-2026-17703 CVE-2026-17704 CVE-2026-17705 CVE-2026-17706 CVE-2026-17707 CVE-2026-17708 CVE-2026-17709 CVE-2026-17710 CVE-2026-17711 CVE-2026-17712 CVE-2026-17713 CVE-2026-17714 CVE-2026-17715 CVE-2026-17716 CVE-2026-17717 CVE-2026-17718 CVE-2026-17719 CVE-2026-17720 CVE-2026-17721 CVE-2026-17722 CVE-2026-17723 CVE-2026-17724 CVE-2026-17725 CVE-2026-17726 CVE-2026-17727 CVE-2026-17728 CVE-2026-17729 CVE-2026-17730 CVE-2026-17731 CVE-2026-17732 CVE-2026-17733 CVE-2026-17734 CVE-2026-17735 CVE-2026-17736 CVE-2026-17737 CVE-2026-17738 CVE-2026-17739 CVE-2026-17740 CVE-2026-17741 CVE-2026-17742 CVE-2026-17743 CVE-2026-17744 CVE-2026-17745 CVE-2026-17746 CVE-2026-17747 CVE-2026-17748 CVE-2026-17749 CVE-2026-17750 CVE-2026-17751 CVE-2026-17752 CVE-2026-17753 CVE-2026-17754 CVE-2026-17755 CVE-2026-17756 CVE-2026-17757 CVE-2026-17758 CVE-2026-17759 CVE-2026-17760 CVE-2026-17761 CVE-2026-17762 CVE-2026-17763 CVE-2026-17764 CVE-2026-17765 CVE-2026-17766 CVE-2026-17767 CVE-2026-17768 CVE-2026-17769 CVE-2026-17770 CVE-2026-17771 CVE-2026-17772 CVE-2026-17773 CVE-2026-17774 CVE-2026-17775 CVE-2026-17776 CVE-2026-17777 CVE-2026-17778 CVE-2026-17779 CVE-2026-17780 CVE-2026-17781 CVE-2026-17782 CVE-2026-17783 CVE-2026-17784 CVE-2026-17785 CVE-2026-17786 CVE-2026-17787 CVE-2026-17788 CVE-2026-17789 CVE-2026-17790 CVE-2026-17791 CVE-2026-17792 CVE-2026-17793 CVE-2026-17794 CVE-2026-17795 CVE-2026-17796 CVE-2026-17797 CVE-2026-17798 CVE-2026-17799 CVE-2026-17800 CVE-2026-17801 CVE-2026-17802 CVE-2026-17803 CVE-2026-17804 CVE-2026-17805 CVE-2026-17806 CVE-2026-17807 CVE-2026-17808 CVE-2026-17809 CVE-2026-17810 CVE-2026-17811 CVE-2026-17812 CVE-2026-17813 CVE-2026-17814 CVE-2026-17815 CVE-2026-17816 CVE-2026-17817 CVE-2026-17818 CVE-2026-17819 CVE-2026-17820 CVE-2026-17821 CVE-2026-17822 CVE-2026-17823 CVE-2026-17824 CVE-2026-17825 CVE-2026-17826 CVE-2026-17827 CVE-2026-17828 CVE-2026-17829 CVE-2026-17830 CVE-2026-17831 CVE-2026-17832 CVE-2026-17833 CVE-2026-17834 CVE-2026-17835 CVE-2026-17836 CVE-2026-17837 CVE-2026-17838 CVE-2026-17839 CVE-2026-17840 CVE-2026-17841 CVE-2026-17842 CVE-2026-17843 CVE-2026-17844 CVE-2026-17845 CVE-2026-17846 CVE-2026-17847 CVE-2026-17848 CVE-2026-17849 CVE-2026-17850 CVE-2026-17851 CVE-2026-17852 CVE-2026-17853 CVE-2026-17854 CVE-2026-17855 CVE-2026-17856 CVE-2026-17857 CVE-2026-17858 CVE-2026-17859 CVE-2026-17860 CVE-2026-17861 CVE-2026-17862 CVE-2026-17863 CVE-2026-17864 CVE-2026-17865 CVE-2026-17866 CVE-2026-17867 CVE-2026-17868 CVE-2026-17869 CVE-2026-17870 CVE-2026-17871 CVE-2026-17872 CVE-2026-17873 CVE-2026-17874 CVE-2026-17875 CVE-2026-17876 CVE-2026-17877 CVE-2026-17878 CVE-2026-17879 CVE-2026-17880 CVE-2026-17881 CVE-2026-17882 CVE-2026-17883 CVE-2026-17884 CVE-2026-17885 CVE-2026-17886 CVE-2026-17887 CVE-2026-17888 CVE-2026-17889 CVE-2026-17890 CVE-2026-17891 CVE-2026-17892 CVE-2026-17893 CVE-2026-17894 CVE-2026-17895 CVE-2026-17896 CVE-2026-17897 CVE-2026-17898 CVE-2026-17899 CVE-2026-17900 CVE-2026-17901 CVE-2026-17902 CVE-2026-17903 CVE-2026-17904 CVE-2026-17905 CVE-2026-17906 CVE-2026-17907 CVE-2026-17908 CVE-2026-17909 CVE-2026-17910 CVE-2026-17911 CVE-2026-17912 CVE-2026-17913 CVE-2026-17914 CVE-2026-17915 CVE-2026-17916 CVE-2026-17917 CVE-2026-17918 CVE-2026-17919 CVE-2026-17920 CVE-2026-17921 CVE-2026-17922 CVE-2026-17923 CVE-2026-17924 CVE-2026-17925 CVE-2026-17926 CVE-2026-17927 CVE-2026-17928 CVE-2026-17929 CVE-2026-17930 CVE-2026-17931 CVE-2026-17932 CVE-2026-17933 CVE-2026-17934 CVE-2026-17935 CVE-2026-17936 CVE-2026-17937 CVE-2026-17938 CVE-2026-17939 CVE-2026-17940 CVE-2026-17941 CVE-2026-17942 CVE-2026-17943 CVE-2026-17944 CVE-2026-17945 CVE-2026-17946 CVE-2026-17947 CVE-2026-17948 CVE-2026-17949 CVE-2026-17950 CVE-2026-17951 CVE-2026-17952 CVE-2026-17953 CVE-2026-17954 CVE-2026-17955 CVE-2026-17956 CVE-2026-17957 CVE-2026-17958 CVE-2026-17959 CVE-2026-17960 CVE-2026-17961 CVE-2026-17962 CVE-2026-17963 CVE-2026-17964 CVE-2026-17965 CVE-2026-17966 CVE-2026-17967 CVE-2026-17968 CVE-2026-17969 CVE-2026-17970 CVE-2026-17971 CVE-2026-17972 CVE-2026-17973 CVE-2026-17974 CVE-2026-17975 CVE-2026-17976 CVE-2026-17977 CVE-2026-17978 CVE-2026-17979 CVE-2026-17980 CVE-2026-17981 CVE-2026-17982 CVE-2026-17983 CVE-2026-17984 CVE-2026-17985 CVE-2026-17986 CVE-2026-17987 CVE-2026-17988 CVE-2026-17989 CVE-2026-17990 CVE-2026-17991 CVE-2026-17992 CVE-2026-17993 CVE-2026-17994 CVE-2026-17995 CVE-2026-17996 CVE-2026-17997 CVE-2026-17998 CVE-2026-17999 CVE-2026-18000 CVE-2026-18001 CVE-2026-18002 CVE-2026-18003 CVE-2026-18004 CVE-2026-18005 CVE-2026-18006 CVE-2026-18007 CVE-2026-18008 CVE-2026-18009 CVE-2026-18010 CVE-2026-18011 CVE-2026-18012 CVE-2026-18013 CVE-2026-18014 CVE-2026-18015 CVE-2026-18016 CVE-2026-18017 CVE-2026-18018 CVE-2026-18019 Security issues were discovered in Chromium which could result in the execution of arbitrary code, denial of service, or information disclosure.",DSA-6408-1,https://lists.debian.org/debian-security-announce/2026/msg00319.html,Denial of Service,"Remote Code Execution, Information Disclosure, Denial of Service"
2026-07-30,expat,CVE-2025-59375 CVE-2026-24515 CVE-2026-25210 CVE-2026-32776 CVE-2026-32777 CVE-2026-32778 CVE-2026-41080 CVE-2026-45186 CVE-2026-50219 CVE-2026-56131 CVE-2026-56132 CVE-2026-56403 CVE-2026-56404 CVE-2026-56405 CVE-2026-56406 CVE-2026-56407 CVE-2026-56408 CVE-2026-56409 CVE-2026-56410 CVE-2026-56411 CVE-2026-56412,"CVE-2026-32777 CVE-2026-32778 CVE-2026-41080 CVE-2026-45186 CVE-2026-50219 CVE-2026-56131 CVE-2026-56132 CVE-2026-56403 CVE-2026-56404 CVE-2026-56405 CVE-2026-56406 CVE-2026-56407 CVE-2026-56408 CVE-2026-56409 CVE-2026-56410 CVE-2026-56411 CVE-2026-56412 Multiple security issues were discovered in expat, an XML parsing C library, including integer overflows, out-of-bounds write, NULL pointer dereferences, excessive resource consumption, and memory corruption through re-entrant parser API calls, which may result in denial of service or potentially the execution of arbitrary code.",DSA-6404-1,https://lists.debian.org/debian-security-announce/2026/msg00315.html,Remote Code Execution,"Remote Code Execution, Denial of Service"
2026-07-30,expat,CVE-2025-59375 CVE-2026-24515 CVE-2026-25210 CVE-2026-32776 CVE-2026-32777 CVE-2026-32778 CVE-2026-41080 CVE-2026-45186 CVE-2026-50219 CVE-2026-56131 CVE-2026-56132 CVE-2026-56403 CVE-2026-56404 CVE-2026-56405 CVE-2026-56406 CVE-2026-56407 CVE-2026-56408 CVE-2026-56409 CVE-2026-56410 CVE-2026-56411 CVE-2026-56412,"CVE-2026-32777 CVE-2026-32778 CVE-2026-41080 CVE-2026-45186 CVE-2026-50219 CVE-2026-56131 CVE-2026-56132 CVE-2026-56403 CVE-2026-56404 CVE-2026-56405 CVE-2026-56406 CVE-2026-56407 CVE-2026-56408 CVE-2026-56409 CVE-2026-56410 CVE-2026-56411 CVE-2026-56412 Multiple security issues were discovered in expat, an XML parsing C library, including integer overflows, out-of-bounds write, NULL pointer dereferences, excessive resource consumption, and memory corruption through re-entrant parser API calls, which may result in denial of service or potentially the execution of arbitrary code.",DSA-6404-1,https://lists.debian.org/debian-security-announce/2026/msg00315.html,Denial of Service,"Remote Code Execution, Denial of Service"
2026-07-29,nss,CVE-2026-16389,"Tomoya Nakanishi discovered a flaw in nss, the Mozilla Network Security Service library, which may result in execution of arbitrary code if a specially crafted certificate is processed.",DSA-6403-1,https://lists.debian.org/debian-security-announce/2026/msg00314.html,Remote Code Execution,Remote Code Execution
2026-07-28,hplip,CVE-2026-8631 CVE-2026-8632,"Two vulnerabilities were discovered in hplip, the HP Linux Printing and Imaging System, which may result in privilege escalation or arbitrary code execution.",DSA-6402-1,https://lists.debian.org/debian-security-announce/2026/msg00313.html,Remote Code Execution,"Remote Code Execution, Privilege Escalation"
2026-07-28,hplip,CVE-2026-8631 CVE-2026-8632,"Two vulnerabilities were discovered in hplip, the HP Linux Printing and Imaging System, which may result in privilege escalation or arbitrary code execution.",DSA-6402-1,https://lists.debian.org/debian-security-announce/2026/msg00313.html,Privilege Escalation,"Remote Code Execution, Privilege Escalation"
2026-07-28,samba,CVE-2026-6949 CVE-2026-58216 CVE-2026-58218 CVE-2026-58221 CVE-2026-58222 CVE-2026-58224,"CVE-2026-58222 CVE-2026-58224 Several vulnerabilities have been discovered in Samba, a SMB/CIFS file, print, and login server for Unix, which might result in denial of service, domain takeover, information disclosure or privilege escalation.",DSA-6401-1,https://lists.debian.org/debian-security-announce/2026/msg00312.html,Privilege Escalation,"Privilege Escalation, Information Disclosure, Denial of Service"
2026-07-28,samba,CVE-2026-6949 CVE-2026-58216 CVE-2026-58218 CVE-2026-58221 CVE-2026-58222 CVE-2026-58224,"CVE-2026-58222 CVE-2026-58224 Several vulnerabilities have been discovered in Samba, a SMB/CIFS file, print, and login server for Unix, which might result in denial of service, domain takeover, information disclosure or privilege escalation.",DSA-6401-1,https://lists.debian.org/debian-security-announce/2026/msg00312.html,Information Disclosure,"Privilege Escalation, Information Disclosure, Denial of Service"
2026-07-28,samba,CVE-2026-6949 CVE-2026-58216 CVE-2026-58218 CVE-2026-58221 CVE-2026-58222 CVE-2026-58224,"CVE-2026-58222 CVE-2026-58224 Several vulnerabilities have been discovered in Samba, a SMB/CIFS file, print, and login server for Unix, which might result in denial of service, domain takeover, information disclosure or privilege escalation.",DSA-6401-1,https://lists.debian.org/debian-security-announce/2026/msg00312.html,Denial of Service,"Privilege Escalation, Information Disclosure, Denial of Service"
2026-07-24,exim4,CVE-2026-66140 CVE-2026-66141,"Two vulnerabilities were discovered in Exim, a mail transport agent, which may result in privilege escalation for a local attacker.",DSA-6400-1,https://lists.debian.org/debian-security-announce/2026/msg00311.html,Privilege Escalation,"Privilege Escalation, Denial of Service"
2026-07-24,exim4,CVE-2026-66140 CVE-2026-66141,"Two vulnerabilities were discovered in Exim, a mail transport agent, which may result in privilege escalation for a local attacker.",DSA-6400-1,https://lists.debian.org/debian-security-announce/2026/msg00311.html,Denial of Service,"Privilege Escalation, Denial of Service"
2026-07-23,wordpress,CVE-2026-60137,"It was discovered that wordpress, a web blogging tool, was prone to a SQL injection vulnerability.",DSA-6399-1,https://lists.debian.org/debian-security-announce/2026/msg00310.html,SQL Injection,SQL Injection
2026-07-23,webkit2gtk,CVE-2024-4367 CVE-2026-28847 CVE-2026-28883 CVE-2026-28901 CVE-2026-28902 CVE-2026-28903 CVE-2026-28904 CVE-2026-28905 CVE-2026-28907 CVE-2026-28942 CVE-2026-28946 CVE-2026-28947 CVE-2026-28953 CVE-2026-28955 CVE-2026-28958 CVE-2026-39872 CVE-2026-43658 CVE-2026-43660 CVE-2026-43663 CVE-2026-43676 CVE-2026-43699 CVE-2026-43701 CVE-2026-43705 CVE-2026-43707 CVE-2026-43712 CVE-2026-43713 CVE-2026-43715 CVE-2026-43716 CVE-2026-43720 CVE-2026-43721 CVE-2026-43725 CVE-2026-43726 CVE-2026-43727 CVE-2026-43731 CVE-2026-43732 CVE-2026-43734 CVE-2026-43740 CVE-2026-43742 CVE-2026-43745,"CVE-2026-28902 CVE-2026-28903 CVE-2026-28904 CVE-2026-28905 CVE-2026-28907 CVE-2026-28942 CVE-2026-28946 CVE-2026-28947 CVE-2026-28953 CVE-2026-28955 CVE-2026-28958 CVE-2026-39872 CVE-2026-43658 CVE-2026-43660 CVE-2026-43663 CVE-2026-43676 CVE-2026-43699 CVE-2026-43701 CVE-2026-43705 CVE-2026-43707 CVE-2026-43712 CVE-2026-43713 CVE-2026-43715 CVE-2026-43716 CVE-2026-43720 CVE-2026-43721 CVE-2026-43725 CVE-2026-43726 CVE-2026-43727 CVE-2026-43731 CVE-2026-43732 CVE-2026-43734 CVE-2026-43740 CVE-2026-43742 CVE-2026-43745 The following vulnerabilities have been discovered in the WebKitGTK web engine: CVE-2024-4367 Thomas Rinsma discovered that a type check was missing when handling fonts in PDF.js, which would allow arbitrary JavaScript execution in the PDF.js context. CVE-2026-28847 DARKNAVY, an anonymous researcher and Daniel Rhea discovered that processing maliciously crafted web content may lead to an unexpected process crash. CVE-2026-28883 Kwak Kiyong discovered that processing maliciously crafted web content may lead to an unexpected process crash. CVE-2026-28901 Joshua Rogers, Luigino Camastra, Igor Morgenstern, Guido Vranken, Maher Azzouzi and Ngan Nguyen discovered that processing maliciously crafted web content may lead to an unexpected process crash. CVE-2026-28902 Tristan Madani and Nathaniel Oh discovered that processing maliciously crafted web content may lead to an unexpected process crash. CVE-2026-28903 Mateusz Krzywicki discovered that processing maliciously crafted web content may lead to an unexpected process crash. CVE-2026-28904 Luka Racki discovered that processing maliciously crafted web content may lead to an unexpected process crash. CVE-2026-28905 Yuhao Hu, Yuanming Lai, Chenggang Wu, and Zhe Wang discovered that processing maliciously crafted web content may lead to an unexpected process crash. CVE-2026-28907 Cantina discovered that processing maliciously crafted web content may prevent Content Security Policy from being enforced. CVE-2026-28942 Milad Nasr and Nicholas Carlini discovered that processing maliciously crafted web content may lead to an unexpected Safari crash. CVE-2026-28946 Gia Bui, dr3dd, and w0wbox discovered that processing maliciously crafted web content may lead to an unexpected Safari crash. CVE-2026-28947 dr3dd discovered that processing maliciously crafted web content may lead to an unexpected Safari crash. CVE-2026-28953 Maher Azzouzi discovered that processing maliciously crafted web content may lead to an unexpected process crash. CVE-2026-28955 wac and Kookhwan Lee discovered that processing maliciously crafted web content may lead to an unexpected process crash. CVE-2026-28958 Cantina discovered that an app may be able to access sensitive user data. CVE-2026-39872 Utkarsh Pal and Ignacio Sanmillan discovered that processing maliciously crafted web content may lead to an unexpected process crash. CVE-2026-43658 Do Young Park discovered that processing maliciously crafted web content may lead to an unexpected Safari crash. CVE-2026-43660 Cantina discovered that processing maliciously crafted web content may prevent Content Security Policy from being enforced. CVE-2026-43663 Soyeon Park, Amy Burnett, Khai Tran, sherkito, Kota Toda, HexRabbit, NiNi, Tristan Madani and Brian Carpenter discovered that processing maliciously crafted web content may lead to an unexpected process crash. CVE-2026-43676 Mateusz Krzywicki, dr3dd, and Tommy DeVoss discovered that processing maliciously crafted web content may lead to an unexpected process crash. CVE-2026-43699 Tommy DeVoss discovered that processing maliciously crafted web content may lead to an unexpected process crash. CVE-2026-43701 Aaron Grattafiori discovered that a malicious website may be able to process restricted web content outside the sandbox. CVE-2026-43705 dr3dd discovered that processing maliciously crafted web content may lead to memory corruption. CVE-2026-43707 Amy Burnett discovered that processing maliciously crafted web content may lead to an unexpected process crash. CVE-2026-43712 Kwak Kiyong, Song Nuri, and Tristan Madani discovered that processing maliciously crafted web content may lead to an unexpected process crash. CVE-2026-43713 Jody Ritonga discovered that visiting a website may leak sensitive data. CVE-2026-43715 Milad Nasr and Nicholas Carlini discovered that processing maliciously crafted web content may lead to memory corruption. CVE-2026-43716 Tuan, Duc, Amy Burnett and Evan Lambert discovered that processing maliciously crafted web content may lead to an unexpected process crash. CVE-2026-43720 Gia Bui and Josef Korbel discovered that processing maliciously crafted web content may lead to an unexpected process crash. CVE-2026-43721 Idan Masas discovered that a malicious website may be able to silently hijack clipboard data. CVE-2026-43725 Luke Francis discovered that a malicious website may be able to process restricted web content outside the sandbox. CVE-2026-43726 Josef Korbel, Tristan Madani, Gia Bui and Narendra Singh discovered that processing maliciously crafted web content may lead to an unexpected process crash. CVE-2026-43727 Tommy DeVoss, Gia Bui and Gurpreet Shergill discovered that processing maliciously crafted web content may lead to an unexpected process crash. CVE-2026-43731 dr3dd discovered that processing maliciously crafted web content may lead to memory corruption. CVE-2026-43732 Nan Wang discovered that processing maliciously crafted web content may disclose sensitive user information. CVE-2026-43734 Jonathan Alush-Aben discovered that processing maliciously crafted web content may lead to an unexpected process crash. CVE-2026-43740 Nathaniel Oh and Arni Hardarson discovered that processing maliciously crafted web content may result in the disclosure of process memory. CVE-2026-43742 Yulia Mertsalova discovered that processing maliciously crafted web content may lead to an unexpected process crash. CVE-2026-43745 Amy Burnett and Khai Tran discovered that processing maliciously crafted web content may lead to an unexpected process crash.",DSA-6398-1,https://lists.debian.org/debian-security-announce/2026/msg00309.html,Denial of Service,Denial of Service
2026-07-23,pdns-recursor,CVE-2026-52686 CVE-2026-52688,"Multiple vulnerabilities have been discovered in PDNS Recursor, a resolving name server, which could result in cache poisoning or DNSSEC validation bypass.",DSA-6397-1,https://lists.debian.org/debian-security-announce/2026/msg00308.html,Unclassified,Unclassified
2026-07-22,bind9,CVE-2026-10723 CVE-2026-10822 CVE-2026-11331 CVE-2026-11605 CVE-2026-11622 CVE-2026-11721 CVE-2026-12617 CVE-2026-13204 CVE-2026-13321,"CVE-2026-11622 CVE-2026-11721 CVE-2026-12617 CVE-2026-13204 CVE-2026-13321 Several vulnerabilities were discovered in BIND, a DNS server implementation, which may result in bypass of DNSSEC validation, RPZ policy bypass, cache poisoning or denial of service.",DSA-6395-1,https://lists.debian.org/debian-security-announce/2026/msg00306.html,Denial of Service,Denial of Service
2026-07-22,firefox-esr,CVE-2026-15718 CVE-2026-15719 CVE-2026-16349 CVE-2026-16350 CVE-2026-16351 CVE-2026-16352 CVE-2026-16353 CVE-2026-16354 CVE-2026-16355 CVE-2026-16356 CVE-2026-16357 CVE-2026-16358 CVE-2026-16359 CVE-2026-16360 CVE-2026-16361 CVE-2026-16362 CVE-2026-16363 CVE-2026-16368 CVE-2026-16369 CVE-2026-16371 CVE-2026-16374 CVE-2026-16375 CVE-2026-16377 CVE-2026-16379 CVE-2026-16381 CVE-2026-16383 CVE-2026-16387 CVE-2026-16390 CVE-2026-16391 CVE-2026-16396 CVE-2026-16405 CVE-2026-16412,"CVE-2026-16351 CVE-2026-16352 CVE-2026-16353 CVE-2026-16354 CVE-2026-16355 CVE-2026-16356 CVE-2026-16357 CVE-2026-16358 CVE-2026-16359 CVE-2026-16360 CVE-2026-16361 CVE-2026-16362 CVE-2026-16363 CVE-2026-16368 CVE-2026-16369 CVE-2026-16371 CVE-2026-16374 CVE-2026-16375 CVE-2026-16377 CVE-2026-16379 CVE-2026-16381 CVE-2026-16383 CVE-2026-16387 CVE-2026-16390 CVE-2026-16391 CVE-2026-16396 CVE-2026-16405 CVE-2026-16412 Multiple security issues have been found in the Mozilla Firefox web browser, which could potentially result in the execution of arbitrary code, bypass of the same-origin policy, privilege escalation, information disclosure, spoofing or sandbox escape.",DSA-6394-1,https://lists.debian.org/debian-security-announce/2026/msg00305.html,Privilege Escalation,"Privilege Escalation, Sandbox Escape, Remote Code Execution, Information Disclosure, Authentication Bypass, Spoofing, Server-Side Request Forgery"
2026-07-22,firefox-esr,CVE-2026-15718 CVE-2026-15719 CVE-2026-16349 CVE-2026-16350 CVE-2026-16351 CVE-2026-16352 CVE-2026-16353 CVE-2026-16354 CVE-2026-16355 CVE-2026-16356 CVE-2026-16357 CVE-2026-16358 CVE-2026-16359 CVE-2026-16360 CVE-2026-16361 CVE-2026-16362 CVE-2026-16363 CVE-2026-16368 CVE-2026-16369 CVE-2026-16371 CVE-2026-16374 CVE-2026-16375 CVE-2026-16377 CVE-2026-16379 CVE-2026-16381 CVE-2026-16383 CVE-2026-16387 CVE-2026-16390 CVE-2026-16391 CVE-2026-16396 CVE-2026-16405 CVE-2026-16412,"CVE-2026-16351 CVE-2026-16352 CVE-2026-16353 CVE-2026-16354 CVE-2026-16355 CVE-2026-16356 CVE-2026-16357 CVE-2026-16358 CVE-2026-16359 CVE-2026-16360 CVE-2026-16361 CVE-2026-16362 CVE-2026-16363 CVE-2026-16368 CVE-2026-16369 CVE-2026-16371 CVE-2026-16374 CVE-2026-16375 CVE-2026-16377 CVE-2026-16379 CVE-2026-16381 CVE-2026-16383 CVE-2026-16387 CVE-2026-16390 CVE-2026-16391 CVE-2026-16396 CVE-2026-16405 CVE-2026-16412 Multiple security issues have been found in the Mozilla Firefox web browser, which could potentially result in the execution of arbitrary code, bypass of the same-origin policy, privilege escalation, information disclosure, spoofing or sandbox escape.",DSA-6394-1,https://lists.debian.org/debian-security-announce/2026/msg00305.html,Sandbox Escape,"Privilege Escalation, Sandbox Escape, Remote Code Execution, Information Disclosure, Authentication Bypass, Spoofing, Server-Side Request Forgery"
2026-07-22,firefox-esr,CVE-2026-15718 CVE-2026-15719 CVE-2026-16349 CVE-2026-16350 CVE-2026-16351 CVE-2026-16352 CVE-2026-16353 CVE-2026-16354 CVE-2026-16355 CVE-2026-16356 CVE-2026-16357 CVE-2026-16358 CVE-2026-16359 CVE-2026-16360 CVE-2026-16361 CVE-2026-16362 CVE-2026-16363 CVE-2026-16368 CVE-2026-16369 CVE-2026-16371 CVE-2026-16374 CVE-2026-16375 CVE-2026-16377 CVE-2026-16379 CVE-2026-16381 CVE-2026-16383 CVE-2026-16387 CVE-2026-16390 CVE-2026-16391 CVE-2026-16396 CVE-2026-16405 CVE-2026-16412,"CVE-2026-16351 CVE-2026-16352 CVE-2026-16353 CVE-2026-16354 CVE-2026-16355 CVE-2026-16356 CVE-2026-16357 CVE-2026-16358 CVE-2026-16359 CVE-2026-16360 CVE-2026-16361 CVE-2026-16362 CVE-2026-16363 CVE-2026-16368 CVE-2026-16369 CVE-2026-16371 CVE-2026-16374 CVE-2026-16375 CVE-2026-16377 CVE-2026-16379 CVE-2026-16381 CVE-2026-16383 CVE-2026-16387 CVE-2026-16390 CVE-2026-16391 CVE-2026-16396 CVE-2026-16405 CVE-2026-16412 Multiple security issues have been found in the Mozilla Firefox web browser, which could potentially result in the execution of arbitrary code, bypass of the same-origin policy, privilege escalation, information disclosure, spoofing or sandbox escape.",DSA-6394-1,https://lists.debian.org/debian-security-announce/2026/msg00305.html,Remote Code Execution,"Privilege Escalation, Sandbox Escape, Remote Code Execution, Information Disclosure, Authentication Bypass, Spoofing, Server-Side Request Forgery"
2026-07-22,firefox-esr,CVE-2026-15718 CVE-2026-15719 CVE-2026-16349 CVE-2026-16350 CVE-2026-16351 CVE-2026-16352 CVE-2026-16353 CVE-2026-16354 CVE-2026-16355 CVE-2026-16356 CVE-2026-16357 CVE-2026-16358 CVE-2026-16359 CVE-2026-16360 CVE-2026-16361 CVE-2026-16362 CVE-2026-16363 CVE-2026-16368 CVE-2026-16369 CVE-2026-16371 CVE-2026-16374 CVE-2026-16375 CVE-2026-16377 CVE-2026-16379 CVE-2026-16381 CVE-2026-16383 CVE-2026-16387 CVE-2026-16390 CVE-2026-16391 CVE-2026-16396 CVE-2026-16405 CVE-2026-16412,"CVE-2026-16351 CVE-2026-16352 CVE-2026-16353 CVE-2026-16354 CVE-2026-16355 CVE-2026-16356 CVE-2026-16357 CVE-2026-16358 CVE-2026-16359 CVE-2026-16360 CVE-2026-16361 CVE-2026-16362 CVE-2026-16363 CVE-2026-16368 CVE-2026-16369 CVE-2026-16371 CVE-2026-16374 CVE-2026-16375 CVE-2026-16377 CVE-2026-16379 CVE-2026-16381 CVE-2026-16383 CVE-2026-16387 CVE-2026-16390 CVE-2026-16391 CVE-2026-16396 CVE-2026-16405 CVE-2026-16412 Multiple security issues have been found in the Mozilla Firefox web browser, which could potentially result in the execution of arbitrary code, bypass of the same-origin policy, privilege escalation, information disclosure, spoofing or sandbox escape.",DSA-6394-1,https://lists.debian.org/debian-security-announce/2026/msg00305.html,Information Disclosure,"Privilege Escalation, Sandbox Escape, Remote Code Execution, Information Disclosure, Authentication Bypass, Spoofing, Server-Side Request Forgery"
2026-07-22,firefox-esr,CVE-2026-15718 CVE-2026-15719 CVE-2026-16349 CVE-2026-16350 CVE-2026-16351 CVE-2026-16352 CVE-2026-16353 CVE-2026-16354 CVE-2026-16355 CVE-2026-16356 CVE-2026-16357 CVE-2026-16358 CVE-2026-16359 CVE-2026-16360 CVE-2026-16361 CVE-2026-16362 CVE-2026-16363 CVE-2026-16368 CVE-2026-16369 CVE-2026-16371 CVE-2026-16374 CVE-2026-16375 CVE-2026-16377 CVE-2026-16379 CVE-2026-16381 CVE-2026-16383 CVE-2026-16387 CVE-2026-16390 CVE-2026-16391 CVE-2026-16396 CVE-2026-16405 CVE-2026-16412,"CVE-2026-16351 CVE-2026-16352 CVE-2026-16353 CVE-2026-16354 CVE-2026-16355 CVE-2026-16356 CVE-2026-16357 CVE-2026-16358 CVE-2026-16359 CVE-2026-16360 CVE-2026-16361 CVE-2026-16362 CVE-2026-16363 CVE-2026-16368 CVE-2026-16369 CVE-2026-16371 CVE-2026-16374 CVE-2026-16375 CVE-2026-16377 CVE-2026-16379 CVE-2026-16381 CVE-2026-16383 CVE-2026-16387 CVE-2026-16390 CVE-2026-16391 CVE-2026-16396 CVE-2026-16405 CVE-2026-16412 Multiple security issues have been found in the Mozilla Firefox web browser, which could potentially result in the execution of arbitrary code, bypass of the same-origin policy, privilege escalation, information disclosure, spoofing or sandbox escape.",DSA-6394-1,https://lists.debian.org/debian-security-announce/2026/msg00305.html,Authentication Bypass,"Privilege Escalation, Sandbox Escape, Remote Code Execution, Information Disclosure, Authentication Bypass, Spoofing, Server-Side Request Forgery"
2026-07-22,firefox-esr,CVE-2026-15718 CVE-2026-15719 CVE-2026-16349 CVE-2026-16350 CVE-2026-16351 CVE-2026-16352 CVE-2026-16353 CVE-2026-16354 CVE-2026-16355 CVE-2026-16356 CVE-2026-16357 CVE-2026-16358 CVE-2026-16359 CVE-2026-16360 CVE-2026-16361 CVE-2026-16362 CVE-2026-16363 CVE-2026-16368 CVE-2026-16369 CVE-2026-16371 CVE-2026-16374 CVE-2026-16375 CVE-2026-16377 CVE-2026-16379 CVE-2026-16381 CVE-2026-16383 CVE-2026-16387 CVE-2026-16390 CVE-2026-16391 CVE-2026-16396 CVE-2026-16405 CVE-2026-16412,"CVE-2026-16351 CVE-2026-16352 CVE-2026-16353 CVE-2026-16354 CVE-2026-16355 CVE-2026-16356 CVE-2026-16357 CVE-2026-16358 CVE-2026-16359 CVE-2026-16360 CVE-2026-16361 CVE-2026-16362 CVE-2026-16363 CVE-2026-16368 CVE-2026-16369 CVE-2026-16371 CVE-2026-16374 CVE-2026-16375 CVE-2026-16377 CVE-2026-16379 CVE-2026-16381 CVE-2026-16383 CVE-2026-16387 CVE-2026-16390 CVE-2026-16391 CVE-2026-16396 CVE-2026-16405 CVE-2026-16412 Multiple security issues have been found in the Mozilla Firefox web browser, which could potentially result in the execution of arbitrary code, bypass of the same-origin policy, privilege escalation, information disclosure, spoofing or sandbox escape.",DSA-6394-1,https://lists.debian.org/debian-security-announce/2026/msg00305.html,Spoofing,"Privilege Escalation, Sandbox Escape, Remote Code Execution, Information Disclosure, Authentication Bypass, Spoofing, Server-Side Request Forgery"
2026-07-22,firefox-esr,CVE-2026-15718 CVE-2026-15719 CVE-2026-16349 CVE-2026-16350 CVE-2026-16351 CVE-2026-16352 CVE-2026-16353 CVE-2026-16354 CVE-2026-16355 CVE-2026-16356 CVE-2026-16357 CVE-2026-16358 CVE-2026-16359 CVE-2026-16360 CVE-2026-16361 CVE-2026-16362 CVE-2026-16363 CVE-2026-16368 CVE-2026-16369 CVE-2026-16371 CVE-2026-16374 CVE-2026-16375 CVE-2026-16377 CVE-2026-16379 CVE-2026-16381 CVE-2026-16383 CVE-2026-16387 CVE-2026-16390 CVE-2026-16391 CVE-2026-16396 CVE-2026-16405 CVE-2026-16412,"CVE-2026-16351 CVE-2026-16352 CVE-2026-16353 CVE-2026-16354 CVE-2026-16355 CVE-2026-16356 CVE-2026-16357 CVE-2026-16358 CVE-2026-16359 CVE-2026-16360 CVE-2026-16361 CVE-2026-16362 CVE-2026-16363 CVE-2026-16368 CVE-2026-16369 CVE-2026-16371 CVE-2026-16374 CVE-2026-16375 CVE-2026-16377 CVE-2026-16379 CVE-2026-16381 CVE-2026-16383 CVE-2026-16387 CVE-2026-16390 CVE-2026-16391 CVE-2026-16396 CVE-2026-16405 CVE-2026-16412 Multiple security issues have been found in the Mozilla Firefox web browser, which could potentially result in the execution of arbitrary code, bypass of the same-origin policy, privilege escalation, information disclosure, spoofing or sandbox escape.",DSA-6394-1,https://lists.debian.org/debian-security-announce/2026/msg00305.html,Server-Side Request Forgery,"Privilege Escalation, Sandbox Escape, Remote Code Execution, Information Disclosure, Authentication Bypass, Spoofing, Server-Side Request Forgery"
2026-07-22,chromium,CVE-2026-15899 CVE-2026-15900 CVE-2026-15901 CVE-2026-15902 CVE-2026-15903 CVE-2026-15904 CVE-2026-15905 CVE-2026-16413 CVE-2026-16414 CVE-2026-16415 CVE-2026-16416 CVE-2026-16417 CVE-2026-16418 CVE-2026-16419 CVE-2026-16420 CVE-2026-16421 CVE-2026-16422 CVE-2026-16423 CVE-2026-16424,"CVE-2026-15903 CVE-2026-15904 CVE-2026-15905 CVE-2026-16413 CVE-2026-16414 CVE-2026-16415 CVE-2026-16416 CVE-2026-16417 CVE-2026-16418 CVE-2026-16419 CVE-2026-16420 CVE-2026-16421 CVE-2026-16422 CVE-2026-16423 CVE-2026-16424 Security issues were discovered in Chromium which could result in the execution of arbitrary code, denial of service, or information disclosure.",DSA-6396-1,https://lists.debian.org/debian-security-announce/2026/msg00307.html,Remote Code Execution,"Remote Code Execution, Information Disclosure, Denial of Service"
2026-07-22,chromium,CVE-2026-15899 CVE-2026-15900 CVE-2026-15901 CVE-2026-15902 CVE-2026-15903 CVE-2026-15904 CVE-2026-15905 CVE-2026-16413 CVE-2026-16414 CVE-2026-16415 CVE-2026-16416 CVE-2026-16417 CVE-2026-16418 CVE-2026-16419 CVE-2026-16420 CVE-2026-16421 CVE-2026-16422 CVE-2026-16423 CVE-2026-16424,"CVE-2026-15903 CVE-2026-15904 CVE-2026-15905 CVE-2026-16413 CVE-2026-16414 CVE-2026-16415 CVE-2026-16416 CVE-2026-16417 CVE-2026-16418 CVE-2026-16419 CVE-2026-16420 CVE-2026-16421 CVE-2026-16422 CVE-2026-16423 CVE-2026-16424 Security issues were discovered in Chromium which could result in the execution of arbitrary code, denial of service, or information disclosure.",DSA-6396-1,https://lists.debian.org/debian-security-announce/2026/msg00307.html,Information Disclosure,"Remote Code Execution, Information Disclosure, Denial of Service"
2026-07-22,chromium,CVE-2026-15899 CVE-2026-15900 CVE-2026-15901 CVE-2026-15902 CVE-2026-15903 CVE-2026-15904 CVE-2026-15905 CVE-2026-16413 CVE-2026-16414 CVE-2026-16415 CVE-2026-16416 CVE-2026-16417 CVE-2026-16418 CVE-2026-16419 CVE-2026-16420 CVE-2026-16421 CVE-2026-16422 CVE-2026-16423 CVE-2026-16424,"CVE-2026-15903 CVE-2026-15904 CVE-2026-15905 CVE-2026-16413 CVE-2026-16414 CVE-2026-16415 CVE-2026-16416 CVE-2026-16417 CVE-2026-16418 CVE-2026-16419 CVE-2026-16420 CVE-2026-16421 CVE-2026-16422 CVE-2026-16423 CVE-2026-16424 Security issues were discovered in Chromium which could result in the execution of arbitrary code, denial of service, or information disclosure.",DSA-6396-1,https://lists.debian.org/debian-security-announce/2026/msg00307.html,Denial of Service,"Remote Code Execution, Information Disclosure, Denial of Service"
2026-07-21,linux,CVE-2025-21807 CVE-2026-46093 CVE-2026-53027 CVE-2026-53226 CVE-2026-53392 CVE-2026-53399 CVE-2026-53402 CVE-2026-63815 CVE-2026-63816 CVE-2026-63818 CVE-2026-64187 CVE-2026-64189,"CVE-2026-53392 CVE-2026-53399 CVE-2026-53402 CVE-2026-63815 CVE-2026-63816 CVE-2026-63818 CVE-2026-64187 CVE-2026-64189 Several vulnerabilities have been discovered in the Linux kernel that may lead to a privilege escalation, denial of service or information leaks.",DSA-6393-1,https://lists.debian.org/debian-security-announce/2026/msg00304.html,Privilege Escalation,"Privilege Escalation, Information Disclosure, Denial of Service"
2026-07-21,linux,CVE-2025-21807 CVE-2026-46093 CVE-2026-53027 CVE-2026-53226 CVE-2026-53392 CVE-2026-53399 CVE-2026-53402 CVE-2026-63815 CVE-2026-63816 CVE-2026-63818 CVE-2026-64187 CVE-2026-64189,"CVE-2026-53392 CVE-2026-53399 CVE-2026-53402 CVE-2026-63815 CVE-2026-63816 CVE-2026-63818 CVE-2026-64187 CVE-2026-64189 Several vulnerabilities have been discovered in the Linux kernel that may lead to a privilege escalation, denial of service or information leaks.",DSA-6393-1,https://lists.debian.org/debian-security-announce/2026/msg00304.html,Information Disclosure,"Privilege Escalation, Information Disclosure, Denial of Service"
2026-07-21,linux,CVE-2025-21807 CVE-2026-46093 CVE-2026-53027 CVE-2026-53226 CVE-2026-53392 CVE-2026-53399 CVE-2026-53402 CVE-2026-63815 CVE-2026-63816 CVE-2026-63818 CVE-2026-64187 CVE-2026-64189,"CVE-2026-53392 CVE-2026-53399 CVE-2026-53402 CVE-2026-63815 CVE-2026-63816 CVE-2026-63818 CVE-2026-64187 CVE-2026-64189 Several vulnerabilities have been discovered in the Linux kernel that may lead to a privilege escalation, denial of service or information leaks.",DSA-6393-1,https://lists.debian.org/debian-security-announce/2026/msg00304.html,Denial of Service,"Privilege Escalation, Information Disclosure, Denial of Service"
2026-07-19,tiff,CVE-2026-12912,"A flaw was discovered in tiff, a Tag Image File Format library, which may result in denial of service or the execution of arbitrary code if malformed image files are processed.",DSA-6392-1,https://lists.debian.org/debian-security-announce/2026/msg00303.html,Remote Code Execution,"Remote Code Execution, Denial of Service"
2026-07-19,tiff,CVE-2026-12912,"A flaw was discovered in tiff, a Tag Image File Format library, which may result in denial of service or the execution of arbitrary code if malformed image files are processed.",DSA-6392-1,https://lists.debian.org/debian-security-announce/2026/msg00303.html,Denial of Service,"Remote Code Execution, Denial of Service"
2026-07-19,roundcube,CVE-2026-54432 CVE-2026-54433 CVE-2026-62641 CVE-2026-62642 CVE-2026-62643 CVE-2026-62644,"CVE-2026-62643 CVE-2026-62644 Multiple vulnerabilities were discovered in roundcube, a skinnable AJAX based webmail solution for IMAP servers, which could result in account takeover, cross-site scripting, SSRF bypass, information disclosure or denial of service.",DSA-6391-1,https://lists.debian.org/debian-security-announce/2026/msg00302.html,Information Disclosure,"Information Disclosure, Cross-Site Scripting, Denial of Service, Server-Side Request Forgery"
2026-07-19,roundcube,CVE-2026-54432 CVE-2026-54433 CVE-2026-62641 CVE-2026-62642 CVE-2026-62643 CVE-2026-62644,"CVE-2026-62643 CVE-2026-62644 Multiple vulnerabilities were discovered in roundcube, a skinnable AJAX based webmail solution for IMAP servers, which could result in account takeover, cross-site scripting, SSRF bypass, information disclosure or denial of service.",DSA-6391-1,https://lists.debian.org/debian-security-announce/2026/msg00302.html,Cross-Site Scripting,"Information Disclosure, Cross-Site Scripting, Denial of Service, Server-Side Request Forgery"
2026-07-19,roundcube,CVE-2026-54432 CVE-2026-54433 CVE-2026-62641 CVE-2026-62642 CVE-2026-62643 CVE-2026-62644,"CVE-2026-62643 CVE-2026-62644 Multiple vulnerabilities were discovered in roundcube, a skinnable AJAX based webmail solution for IMAP servers, which could result in account takeover, cross-site scripting, SSRF bypass, information disclosure or denial of service.",DSA-6391-1,https://lists.debian.org/debian-security-announce/2026/msg00302.html,Denial of Service,"Information Disclosure, Cross-Site Scripting, Denial of Service, Server-Side Request Forgery"
2026-07-19,roundcube,CVE-2026-54432 CVE-2026-54433 CVE-2026-62641 CVE-2026-62642 CVE-2026-62643 CVE-2026-62644,"CVE-2026-62643 CVE-2026-62644 Multiple vulnerabilities were discovered in roundcube, a skinnable AJAX based webmail solution for IMAP servers, which could result in account takeover, cross-site scripting, SSRF bypass, information disclosure or denial of service.",DSA-6391-1,https://lists.debian.org/debian-security-announce/2026/msg00302.html,Server-Side Request Forgery,"Information Disclosure, Cross-Site Scripting, Denial of Service, Server-Side Request Forgery"
2026-07-16,chromium,CVE-2026-15764 CVE-2026-15765 CVE-2026-15766 CVE-2026-15767 CVE-2026-15768 CVE-2026-15769 CVE-2026-15770 CVE-2026-15771 CVE-2026-15772 CVE-2026-15773 CVE-2026-15774 CVE-2026-15775 CVE-2026-15776 CVE-2026-15777 CVE-2026-15778,"CVE-2026-15768 CVE-2026-15769 CVE-2026-15770 CVE-2026-15771 CVE-2026-15772 CVE-2026-15773 CVE-2026-15774 CVE-2026-15775 CVE-2026-15776 CVE-2026-15777 CVE-2026-15778 Security issues were discovered in Chromium which could result in the execution of arbitrary code, denial of service, or information disclosure.",DSA-6390-1,https://lists.debian.org/debian-security-announce/2026/msg00301.html,Remote Code Execution,"Remote Code Execution, Information Disclosure, Denial of Service"
2026-07-16,chromium,CVE-2026-15764 CVE-2026-15765 CVE-2026-15766 CVE-2026-15767 CVE-2026-15768 CVE-2026-15769 CVE-2026-15770 CVE-2026-15771 CVE-2026-15772 CVE-2026-15773 CVE-2026-15774 CVE-2026-15775 CVE-2026-15776 CVE-2026-15777 CVE-2026-15778,"CVE-2026-15768 CVE-2026-15769 CVE-2026-15770 CVE-2026-15771 CVE-2026-15772 CVE-2026-15773 CVE-2026-15774 CVE-2026-15775 CVE-2026-15776 CVE-2026-15777 CVE-2026-15778 Security issues were discovered in Chromium which could result in the execution of arbitrary code, denial of service, or information disclosure.",DSA-6390-1,https://lists.debian.org/debian-security-announce/2026/msg00301.html,Information Disclosure,"Remote Code Execution, Information Disclosure, Denial of Service"
2026-07-16,chromium,CVE-2026-15764 CVE-2026-15765 CVE-2026-15766 CVE-2026-15767 CVE-2026-15768 CVE-2026-15769 CVE-2026-15770 CVE-2026-15771 CVE-2026-15772 CVE-2026-15773 CVE-2026-15774 CVE-2026-15775 CVE-2026-15776 CVE-2026-15777 CVE-2026-15778,"CVE-2026-15768 CVE-2026-15769 CVE-2026-15770 CVE-2026-15771 CVE-2026-15772 CVE-2026-15773 CVE-2026-15774 CVE-2026-15775 CVE-2026-15776 CVE-2026-15777 CVE-2026-15778 Security issues were discovered in Chromium which could result in the execution of arbitrary code, denial of service, or information disclosure.",DSA-6390-1,https://lists.debian.org/debian-security-announce/2026/msg00301.html,Denial of Service,"Remote Code Execution, Information Disclosure, Denial of Service"
2026-07-15,ntfs-3g,CVE-2026-42616 CVE-2026-42617 CVE-2026-42618 CVE-2026-46569 CVE-2026-46570 CVE-2026-46571 CVE-2026-46572 CVE-2026-56135 CVE-2026-56136,"CVE-2026-46570 CVE-2026-46571 CVE-2026-46572 CVE-2026-56135 CVE-2026-56136 Several vulnerabilities were discovered in NTFS-3G, a read-write NTFS driver for FUSE. A local user can take advantage of these flaws for local root privilege escalation.",DSA-6389-1,https://lists.debian.org/debian-security-announce/2026/msg00300.html,Privilege Escalation,Privilege Escalation
2026-07-15,libxfont,CVE-2026-56001 CVE-2026-56002 CVE-2026-56003,"Several vulnerabilities were discovered in libXfont, the X11 font rasterisation library, which may result in arbitrary code execution in the X server context for authenticated X clients.",DSA-6388-1,https://lists.debian.org/debian-security-announce/2026/msg00299.html,Remote Code Execution,Remote Code Execution
2026-07-11,chromium,CVE-2026-15107 CVE-2026-15108 CVE-2026-15109 CVE-2026-15110 CVE-2026-15111 CVE-2026-15112 CVE-2026-15113 CVE-2026-15114 CVE-2026-15115 CVE-2026-15116 CVE-2026-15117 CVE-2026-15118 CVE-2026-15119 CVE-2026-15120 CVE-2026-15121 CVE-2026-15122 CVE-2026-15123 CVE-2026-15124 CVE-2026-15125 CVE-2026-15126 CVE-2026-15127 CVE-2026-15128 CVE-2026-15129 CVE-2026-15130 CVE-2026-15131 CVE-2026-15132 CVE-2026-15133,"CVE-2026-15111 CVE-2026-15112 CVE-2026-15113 CVE-2026-15114 CVE-2026-15115 CVE-2026-15116 CVE-2026-15117 CVE-2026-15118 CVE-2026-15119 CVE-2026-15120 CVE-2026-15121 CVE-2026-15122 CVE-2026-15123 CVE-2026-15124 CVE-2026-15125 CVE-2026-15126 CVE-2026-15127 CVE-2026-15128 CVE-2026-15129 CVE-2026-15130 CVE-2026-15131 CVE-2026-15132 CVE-2026-15133 Security issues were discovered in Chromium which could result in the execution of arbitrary code, denial of service, or information disclosure.",DSA-6387-1,https://lists.debian.org/debian-security-announce/2026/msg00298.html,Remote Code Execution,"Remote Code Execution, Information Disclosure, Denial of Service"
2026-07-11,chromium,CVE-2026-15107 CVE-2026-15108 CVE-2026-15109 CVE-2026-15110 CVE-2026-15111 CVE-2026-15112 CVE-2026-15113 CVE-2026-15114 CVE-2026-15115 CVE-2026-15116 CVE-2026-15117 CVE-2026-15118 CVE-2026-15119 CVE-2026-15120 CVE-2026-15121 CVE-2026-15122 CVE-2026-15123 CVE-2026-15124 CVE-2026-15125 CVE-2026-15126 CVE-2026-15127 CVE-2026-15128 CVE-2026-15129 CVE-2026-15130 CVE-2026-15131 CVE-2026-15132 CVE-2026-15133,"CVE-2026-15111 CVE-2026-15112 CVE-2026-15113 CVE-2026-15114 CVE-2026-15115 CVE-2026-15116 CVE-2026-15117 CVE-2026-15118 CVE-2026-15119 CVE-2026-15120 CVE-2026-15121 CVE-2026-15122 CVE-2026-15123 CVE-2026-15124 CVE-2026-15125 CVE-2026-15126 CVE-2026-15127 CVE-2026-15128 CVE-2026-15129 CVE-2026-15130 CVE-2026-15131 CVE-2026-15132 CVE-2026-15133 Security issues were discovered in Chromium which could result in the execution of arbitrary code, denial of service, or information disclosure.",DSA-6387-1,https://lists.debian.org/debian-security-announce/2026/msg00298.html,Information Disclosure,"Remote Code Execution, Information Disclosure, Denial of Service"
2026-07-11,chromium,CVE-2026-15107 CVE-2026-15108 CVE-2026-15109 CVE-2026-15110 CVE-2026-15111 CVE-2026-15112 CVE-2026-15113 CVE-2026-15114 CVE-2026-15115 CVE-2026-15116 CVE-2026-15117 CVE-2026-15118 CVE-2026-15119 CVE-2026-15120 CVE-2026-15121 CVE-2026-15122 CVE-2026-15123 CVE-2026-15124 CVE-2026-15125 CVE-2026-15126 CVE-2026-15127 CVE-2026-15128 CVE-2026-15129 CVE-2026-15130 CVE-2026-15131 CVE-2026-15132 CVE-2026-15133,"CVE-2026-15111 CVE-2026-15112 CVE-2026-15113 CVE-2026-15114 CVE-2026-15115 CVE-2026-15116 CVE-2026-15117 CVE-2026-15118 CVE-2026-15119 CVE-2026-15120 CVE-2026-15121 CVE-2026-15122 CVE-2026-15123 CVE-2026-15124 CVE-2026-15125 CVE-2026-15126 CVE-2026-15127 CVE-2026-15128 CVE-2026-15129 CVE-2026-15130 CVE-2026-15131 CVE-2026-15132 CVE-2026-15133 Security issues were discovered in Chromium which could result in the execution of arbitrary code, denial of service, or information disclosure.",DSA-6387-1,https://lists.debian.org/debian-security-announce/2026/msg00298.html,Denial of Service,"Remote Code Execution, Information Disclosure, Denial of Service"
2026-07-10,opam,CVE-2026-57825,"Kate Deplaix reported that .install file directives were insufficiently restricted in OPAM, a package manager for OCaml. Installing files through .install files did not check symlinks resolution on the target path, which could result in directory traversal out of the package area.",DSA-6386-1,https://lists.debian.org/debian-security-announce/2026/msg00297.html,Path Traversal,Path Traversal
2026-07-08,chromium,not yet available,"Security issues were discovered in Chromium which could result in the execution of arbitrary code, denial of service, or information disclosure.",DSA-6384-1,https://lists.debian.org/debian-security-announce/2026/msg00295.html,Remote Code Execution,"Remote Code Execution, Information Disclosure, Denial of Service"
2026-07-08,chromium,not yet available,"Security issues were discovered in Chromium which could result in the execution of arbitrary code, denial of service, or information disclosure.",DSA-6384-1,https://lists.debian.org/debian-security-announce/2026/msg00295.html,Information Disclosure,"Remote Code Execution, Information Disclosure, Denial of Service"
2026-07-08,chromium,not yet available,"Security issues were discovered in Chromium which could result in the execution of arbitrary code, denial of service, or information disclosure.",DSA-6384-1,https://lists.debian.org/debian-security-announce/2026/msg00295.html,Denial of Service,"Remote Code Execution, Information Disclosure, Denial of Service"
2026-07-08,pgextwlist,CVE-2023-39417,"Guillaume Winter discovered that pgextwlist, an extension for PostgreSQL implementing a whitelist mechanism for PostgreSQL extensions, was susceptible to SQL injection via crafted schema and user names.",DSA-6385-1,https://lists.debian.org/debian-security-announce/2026/msg00296.html,SQL Injection,"SQL Injection, Command Injection"
2026-07-08,pgextwlist,CVE-2023-39417,"Guillaume Winter discovered that pgextwlist, an extension for PostgreSQL implementing a whitelist mechanism for PostgreSQL extensions, was susceptible to SQL injection via crafted schema and user names.",DSA-6385-1,https://lists.debian.org/debian-security-announce/2026/msg00296.html,Command Injection,"SQL Injection, Command Injection"
2026-07-07,imagemagick,CVE-2026-53466 CVE-2026-53467 CVE-2026-55577 CVE-2026-55594 CVE-2026-55597 CVE-2026-55628 CVE-2026-56361 CVE-2026-56363 CVE-2026-56364 CVE-2026-56365 CVE-2026-56367 CVE-2026-56368 CVE-2026-56370 CVE-2026-56371 CVE-2026-56376 CVE-2026-56377 CVE-2026-56378,"CVE-2026-55597 CVE-2026-55628 CVE-2026-56361 CVE-2026-56363 CVE-2026-56364 CVE-2026-56365 CVE-2026-56367 CVE-2026-56368 CVE-2026-56370 CVE-2026-56371 CVE-2026-56376 CVE-2026-56377 CVE-2026-56378 Multiple security vulnerabilities were discovered in imagemagick, a software suite used for editing and manipulating digital images, which could lead to denial of service, information disclosure or potentially arbitrary code execution if malformed images are processed.",DSA-6383-1,https://lists.debian.org/debian-security-announce/2026/msg00294.html,Remote Code Execution,"Remote Code Execution, Information Disclosure, Denial of Service"
2026-07-07,imagemagick,CVE-2026-53466 CVE-2026-53467 CVE-2026-55577 CVE-2026-55594 CVE-2026-55597 CVE-2026-55628 CVE-2026-56361 CVE-2026-56363 CVE-2026-56364 CVE-2026-56365 CVE-2026-56367 CVE-2026-56368 CVE-2026-56370 CVE-2026-56371 CVE-2026-56376 CVE-2026-56377 CVE-2026-56378,"CVE-2026-55597 CVE-2026-55628 CVE-2026-56361 CVE-2026-56363 CVE-2026-56364 CVE-2026-56365 CVE-2026-56367 CVE-2026-56368 CVE-2026-56370 CVE-2026-56371 CVE-2026-56376 CVE-2026-56377 CVE-2026-56378 Multiple security vulnerabilities were discovered in imagemagick, a software suite used for editing and manipulating digital images, which could lead to denial of service, information disclosure or potentially arbitrary code execution if malformed images are processed.",DSA-6383-1,https://lists.debian.org/debian-security-announce/2026/msg00294.html,Information Disclosure,"Remote Code Execution, Information Disclosure, Denial of Service"
2026-07-07,imagemagick,CVE-2026-53466 CVE-2026-53467 CVE-2026-55577 CVE-2026-55594 CVE-2026-55597 CVE-2026-55628 CVE-2026-56361 CVE-2026-56363 CVE-2026-56364 CVE-2026-56365 CVE-2026-56367 CVE-2026-56368 CVE-2026-56370 CVE-2026-56371 CVE-2026-56376 CVE-2026-56377 CVE-2026-56378,"CVE-2026-55597 CVE-2026-55628 CVE-2026-56361 CVE-2026-56363 CVE-2026-56364 CVE-2026-56365 CVE-2026-56367 CVE-2026-56368 CVE-2026-56370 CVE-2026-56371 CVE-2026-56376 CVE-2026-56377 CVE-2026-56378 Multiple security vulnerabilities were discovered in imagemagick, a software suite used for editing and manipulating digital images, which could lead to denial of service, information disclosure or potentially arbitrary code execution if malformed images are processed.",DSA-6383-1,https://lists.debian.org/debian-security-announce/2026/msg00294.html,Denial of Service,"Remote Code Execution, Information Disclosure, Denial of Service"
2026-07-07,postfix,not yet available,"Multiple security vulnerabilities were discovered in the Postfix mail transport agent, which could result in denial of service.",DSA-6382-1,https://lists.debian.org/debian-security-announce/2026/msg00293.html,Spoofing,"Spoofing, Denial of Service"
2026-07-07,postfix,not yet available,"Multiple security vulnerabilities were discovered in the Postfix mail transport agent, which could result in denial of service.",DSA-6382-1,https://lists.debian.org/debian-security-announce/2026/msg00293.html,Denial of Service,"Spoofing, Denial of Service"
2026-07-05,linux,CVE-2025-23131 CVE-2026-31419 CVE-2026-31732 CVE-2026-43010 CVE-2026-43216 CVE-2026-43355 CVE-2026-46054 CVE-2026-46242 CVE-2026-46252 CVE-2026-52975 CVE-2026-53070 CVE-2026-53101 CVE-2026-53139 CVE-2026-53142 CVE-2026-53151 CVE-2026-53157 CVE-2026-53163 CVE-2026-53167 CVE-2026-53179 CVE-2026-53325 CVE-2026-53327 CVE-2026-53341 CVE-2026-53359 CVE-2026-53361 CVE-2026-53362,"CVE-2026-43216 CVE-2026-43355 CVE-2026-46054 CVE-2026-46242 CVE-2026-46252 CVE-2026-52975 CVE-2026-53070 CVE-2026-53101 CVE-2026-53139 CVE-2026-53142 CVE-2026-53151 CVE-2026-53157 CVE-2026-53163 CVE-2026-53167 CVE-2026-53179 CVE-2026-53325 CVE-2026-53327 CVE-2026-53341 CVE-2026-53359 CVE-2026-53361 CVE-2026-53362 Several vulnerabilities have been discovered in the Linux kernel that may lead to a privilege escalation, denial of service or information leaks.",DSA-6381-1,https://lists.debian.org/debian-security-announce/2026/msg00292.html,Privilege Escalation,"Privilege Escalation, Information Disclosure, Denial of Service"
2026-07-05,linux,CVE-2025-23131 CVE-2026-31419 CVE-2026-31732 CVE-2026-43010 CVE-2026-43216 CVE-2026-43355 CVE-2026-46054 CVE-2026-46242 CVE-2026-46252 CVE-2026-52975 CVE-2026-53070 CVE-2026-53101 CVE-2026-53139 CVE-2026-53142 CVE-2026-53151 CVE-2026-53157 CVE-2026-53163 CVE-2026-53167 CVE-2026-53179 CVE-2026-53325 CVE-2026-53327 CVE-2026-53341 CVE-2026-53359 CVE-2026-53361 CVE-2026-53362,"CVE-2026-43216 CVE-2026-43355 CVE-2026-46054 CVE-2026-46242 CVE-2026-46252 CVE-2026-52975 CVE-2026-53070 CVE-2026-53101 CVE-2026-53139 CVE-2026-53142 CVE-2026-53151 CVE-2026-53157 CVE-2026-53163 CVE-2026-53167 CVE-2026-53179 CVE-2026-53325 CVE-2026-53327 CVE-2026-53341 CVE-2026-53359 CVE-2026-53361 CVE-2026-53362 Several vulnerabilities have been discovered in the Linux kernel that may lead to a privilege escalation, denial of service or information leaks.",DSA-6381-1,https://lists.debian.org/debian-security-announce/2026/msg00292.html,Information Disclosure,"Privilege Escalation, Information Disclosure, Denial of Service"
2026-07-05,linux,CVE-2025-23131 CVE-2026-31419 CVE-2026-31732 CVE-2026-43010 CVE-2026-43216 CVE-2026-43355 CVE-2026-46054 CVE-2026-46242 CVE-2026-46252 CVE-2026-52975 CVE-2026-53070 CVE-2026-53101 CVE-2026-53139 CVE-2026-53142 CVE-2026-53151 CVE-2026-53157 CVE-2026-53163 CVE-2026-53167 CVE-2026-53179 CVE-2026-53325 CVE-2026-53327 CVE-2026-53341 CVE-2026-53359 CVE-2026-53361 CVE-2026-53362,"CVE-2026-43216 CVE-2026-43355 CVE-2026-46054 CVE-2026-46242 CVE-2026-46252 CVE-2026-52975 CVE-2026-53070 CVE-2026-53101 CVE-2026-53139 CVE-2026-53142 CVE-2026-53151 CVE-2026-53157 CVE-2026-53163 CVE-2026-53167 CVE-2026-53179 CVE-2026-53325 CVE-2026-53327 CVE-2026-53341 CVE-2026-53359 CVE-2026-53361 CVE-2026-53362 Several vulnerabilities have been discovered in the Linux kernel that may lead to a privilege escalation, denial of service or information leaks.",DSA-6381-1,https://lists.debian.org/debian-security-announce/2026/msg00292.html,Denial of Service,"Privilege Escalation, Information Disclosure, Denial of Service"
2026-07-05,mediawiki,CVE-2026-58024 CVE-2026-58025 CVE-2026-58026 CVE-2026-58027 CVE-2026-58028 CVE-2026-58029 CVE-2026-58030 CVE-2026-58032 CVE-2026-58033 CVE-2026-58037,"CVE-2026-58028 CVE-2026-58029 CVE-2026-58030 CVE-2026-58032 CVE-2026-58033 CVE-2026-58037 Multiple security issues were discovered in MediaWiki, a website engine for collaborative work, which could result in information disclosure, code execution via unsafe deserialisation or cross-site scripting.",DSA-6380-1,https://lists.debian.org/debian-security-announce/2026/msg00291.html,Cross-Site Scripting,"Cross-Site Scripting, Remote Code Execution, Information Disclosure, Server-Side Request Forgery"
2026-07-05,mediawiki,CVE-2026-58024 CVE-2026-58025 CVE-2026-58026 CVE-2026-58027 CVE-2026-58028 CVE-2026-58029 CVE-2026-58030 CVE-2026-58032 CVE-2026-58033 CVE-2026-58037,"CVE-2026-58028 CVE-2026-58029 CVE-2026-58030 CVE-2026-58032 CVE-2026-58033 CVE-2026-58037 Multiple security issues were discovered in MediaWiki, a website engine for collaborative work, which could result in information disclosure, code execution via unsafe deserialisation or cross-site scripting.",DSA-6380-1,https://lists.debian.org/debian-security-announce/2026/msg00291.html,Remote Code Execution,"Cross-Site Scripting, Remote Code Execution, Information Disclosure, Server-Side Request Forgery"
2026-07-05,mediawiki,CVE-2026-58024 CVE-2026-58025 CVE-2026-58026 CVE-2026-58027 CVE-2026-58028 CVE-2026-58029 CVE-2026-58030 CVE-2026-58032 CVE-2026-58033 CVE-2026-58037,"CVE-2026-58028 CVE-2026-58029 CVE-2026-58030 CVE-2026-58032 CVE-2026-58033 CVE-2026-58037 Multiple security issues were discovered in MediaWiki, a website engine for collaborative work, which could result in information disclosure, code execution via unsafe deserialisation or cross-site scripting.",DSA-6380-1,https://lists.debian.org/debian-security-announce/2026/msg00291.html,Information Disclosure,"Cross-Site Scripting, Remote Code Execution, Information Disclosure, Server-Side Request Forgery"
2026-07-05,mediawiki,CVE-2026-58024 CVE-2026-58025 CVE-2026-58026 CVE-2026-58027 CVE-2026-58028 CVE-2026-58029 CVE-2026-58030 CVE-2026-58032 CVE-2026-58033 CVE-2026-58037,"CVE-2026-58028 CVE-2026-58029 CVE-2026-58030 CVE-2026-58032 CVE-2026-58033 CVE-2026-58037 Multiple security issues were discovered in MediaWiki, a website engine for collaborative work, which could result in information disclosure, code execution via unsafe deserialisation or cross-site scripting.",DSA-6380-1,https://lists.debian.org/debian-security-announce/2026/msg00291.html,Server-Side Request Forgery,"Cross-Site Scripting, Remote Code Execution, Information Disclosure, Server-Side Request Forgery"
2026-07-05,bird3,not yet available,"Multiple security vulnerabilities were discovered in the BIRD internet routing daemon, which could result in denial of service.",DSA-6379-1,https://lists.debian.org/debian-security-announce/2026/msg00290.html,Denial of Service,Denial of Service
2026-07-05,chromium,CVE-2026-13281 CVE-2026-13282 CVE-2026-13283 CVE-2026-13774 CVE-2026-13775 CVE-2026-13776 CVE-2026-13777 CVE-2026-13778 CVE-2026-13779 CVE-2026-13780 CVE-2026-13781 CVE-2026-13782 CVE-2026-13783 CVE-2026-13784 CVE-2026-13785 CVE-2026-13786 CVE-2026-13787 CVE-2026-13788 CVE-2026-13790 CVE-2026-13791 CVE-2026-13792 CVE-2026-13793 CVE-2026-13794 CVE-2026-13795 CVE-2026-13796 CVE-2026-13797 CVE-2026-13798 CVE-2026-13799 CVE-2026-13800 CVE-2026-13801 CVE-2026-13802 CVE-2026-13803 CVE-2026-13804 CVE-2026-13805 CVE-2026-13806 CVE-2026-13807 CVE-2026-13808 CVE-2026-13809 CVE-2026-13810 CVE-2026-13811 CVE-2026-13812 CVE-2026-13813 CVE-2026-13814 CVE-2026-13815 CVE-2026-13816 CVE-2026-13817 CVE-2026-13818 CVE-2026-13819 CVE-2026-13820 CVE-2026-13821 CVE-2026-13822 CVE-2026-13823 CVE-2026-13824 CVE-2026-13825 CVE-2026-13826 CVE-2026-13827 CVE-2026-13828 CVE-2026-13829 CVE-2026-13830 CVE-2026-13831 CVE-2026-13832 CVE-2026-13833 CVE-2026-13834 CVE-2026-13835 CVE-2026-13836 CVE-2026-13837 CVE-2026-13838 CVE-2026-13839 CVE-2026-13840 CVE-2026-13841 CVE-2026-13842 CVE-2026-13843 CVE-2026-13844 CVE-2026-13845 CVE-2026-13846 CVE-2026-13847 CVE-2026-13848 CVE-2026-13849 CVE-2026-13850 CVE-2026-13851 CVE-2026-13852 CVE-2026-13853 CVE-2026-13854 CVE-2026-13855 CVE-2026-13856 CVE-2026-13857 CVE-2026-13858 CVE-2026-13859 CVE-2026-13860 CVE-2026-13861 CVE-2026-13862 CVE-2026-13863 CVE-2026-13864 CVE-2026-13865 CVE-2026-13866 CVE-2026-13867 CVE-2026-13868 CVE-2026-13869 CVE-2026-13870 CVE-2026-13871 CVE-2026-13872 CVE-2026-13873 CVE-2026-13874 CVE-2026-13875 CVE-2026-13876 CVE-2026-13877 CVE-2026-13878 CVE-2026-13879 CVE-2026-13880 CVE-2026-13881 CVE-2026-13882 CVE-2026-13883 CVE-2026-13884 CVE-2026-13885 CVE-2026-13886 CVE-2026-13887 CVE-2026-13888 CVE-2026-13889 CVE-2026-13890 CVE-2026-13891 CVE-2026-13892 CVE-2026-13893 CVE-2026-13894 CVE-2026-13895 CVE-2026-13896 CVE-2026-13897 CVE-2026-13898 CVE-2026-13899 CVE-2026-13900 CVE-2026-13901 CVE-2026-13902 CVE-2026-13903 CVE-2026-13904 CVE-2026-13905 CVE-2026-13906 CVE-2026-13907 CVE-2026-13908 CVE-2026-13909 CVE-2026-13910 CVE-2026-13911 CVE-2026-13912 CVE-2026-13913 CVE-2026-13914 CVE-2026-13915 CVE-2026-13916 CVE-2026-13917 CVE-2026-13918 CVE-2026-13919 CVE-2026-13920 CVE-2026-13921 CVE-2026-13922 CVE-2026-13923 CVE-2026-13924 CVE-2026-13925 CVE-2026-13926 CVE-2026-13927 CVE-2026-13928 CVE-2026-13929 CVE-2026-13930 CVE-2026-13931 CVE-2026-13932 CVE-2026-13933 CVE-2026-13934 CVE-2026-13935 CVE-2026-13936 CVE-2026-13937 CVE-2026-13938 CVE-2026-13939 CVE-2026-13940 CVE-2026-13941 CVE-2026-13942 CVE-2026-13943 CVE-2026-13944 CVE-2026-13945 CVE-2026-13946 CVE-2026-13947 CVE-2026-13948 CVE-2026-13949 CVE-2026-13950 CVE-2026-13951 CVE-2026-13952 CVE-2026-13953 CVE-2026-13954 CVE-2026-13955 CVE-2026-13956 CVE-2026-13957 CVE-2026-13958 CVE-2026-13959 CVE-2026-13960 CVE-2026-13961 CVE-2026-13962 CVE-2026-13963 CVE-2026-13964 CVE-2026-13965 CVE-2026-13966 CVE-2026-13967 CVE-2026-13968 CVE-2026-13969 CVE-2026-13970 CVE-2026-13971 CVE-2026-13972 CVE-2026-13973 CVE-2026-13974 CVE-2026-13975 CVE-2026-13976 CVE-2026-13977 CVE-2026-13978 CVE-2026-13979 CVE-2026-13980 CVE-2026-13981 CVE-2026-13982 CVE-2026-13983 CVE-2026-13984 CVE-2026-13985 CVE-2026-13986 CVE-2026-13987 CVE-2026-13988 CVE-2026-13989 CVE-2026-13990 CVE-2026-13991 CVE-2026-13992 CVE-2026-13993 CVE-2026-13994 CVE-2026-13995 CVE-2026-13996 CVE-2026-13997 CVE-2026-13998 CVE-2026-13999 CVE-2026-14000 CVE-2026-14001 CVE-2026-14002 CVE-2026-14003 CVE-2026-14004 CVE-2026-14005 CVE-2026-14006 CVE-2026-14007 CVE-2026-14008 CVE-2026-14009 CVE-2026-14010 CVE-2026-14011 CVE-2026-14012 CVE-2026-14013 CVE-2026-14014 CVE-2026-14015 CVE-2026-14016 CVE-2026-14017 CVE-2026-14018 CVE-2026-14019 CVE-2026-14020 CVE-2026-14021 CVE-2026-14022 CVE-2026-14023 CVE-2026-14024 CVE-2026-14025 CVE-2026-14026 CVE-2026-14027 CVE-2026-14028 CVE-2026-14030 CVE-2026-14031 CVE-2026-14032 CVE-2026-14033 CVE-2026-14034 CVE-2026-14035 CVE-2026-14036 CVE-2026-14037 CVE-2026-14038 CVE-2026-14039 CVE-2026-14040 CVE-2026-14041 CVE-2026-14042 CVE-2026-14043 CVE-2026-14044 CVE-2026-14045 CVE-2026-14046 CVE-2026-14047 CVE-2026-14048 CVE-2026-14049 CVE-2026-14050 CVE-2026-14051 CVE-2026-14052 CVE-2026-14053 CVE-2026-14054 CVE-2026-14055 CVE-2026-14056 CVE-2026-14057 CVE-2026-14058 CVE-2026-14059 CVE-2026-14060 CVE-2026-14061 CVE-2026-14062 CVE-2026-14063 CVE-2026-14064 CVE-2026-14065 CVE-2026-14066 CVE-2026-14067 CVE-2026-14068 CVE-2026-14069 CVE-2026-14070 CVE-2026-14071 CVE-2026-14072 CVE-2026-14073 CVE-2026-14074 CVE-2026-14075 CVE-2026-14076 CVE-2026-14077 CVE-2026-14078 CVE-2026-14079 CVE-2026-14080 CVE-2026-14081 CVE-2026-14082 CVE-2026-14083 CVE-2026-14084 CVE-2026-14085 CVE-2026-14086 CVE-2026-14087 CVE-2026-14088 CVE-2026-14089 CVE-2026-14090 CVE-2026-14091 CVE-2026-14092 CVE-2026-14093 CVE-2026-14094 CVE-2026-14095 CVE-2026-14096 CVE-2026-14097 CVE-2026-14098 CVE-2026-14099 CVE-2026-14100 CVE-2026-14101 CVE-2026-14102 CVE-2026-14103 CVE-2026-14104 CVE-2026-14105 CVE-2026-14106 CVE-2026-14107 CVE-2026-14108 CVE-2026-14109 CVE-2026-14110 CVE-2026-14111 CVE-2026-14112 CVE-2026-14113 CVE-2026-14114 CVE-2026-14115 CVE-2026-14116 CVE-2026-14117 CVE-2026-14118 CVE-2026-14119 CVE-2026-14120 CVE-2026-14121 CVE-2026-14122 CVE-2026-14123 CVE-2026-14124 CVE-2026-14125 CVE-2026-14126 CVE-2026-14127 CVE-2026-14128 CVE-2026-14129 CVE-2026-14130 CVE-2026-14131 CVE-2026-14132 CVE-2026-14133 CVE-2026-14134 CVE-2026-14135 CVE-2026-14136 CVE-2026-14137 CVE-2026-14138 CVE-2026-14139 CVE-2026-14140 CVE-2026-14141 CVE-2026-14142 CVE-2026-14143 CVE-2026-14144 CVE-2026-14145 CVE-2026-14146 CVE-2026-14147 CVE-2026-14148 CVE-2026-14149 CVE-2026-14150 CVE-2026-14151 CVE-2026-14152 CVE-2026-14153 CVE-2026-14154 CVE-2026-14155 CVE-2026-14156 CVE-2026-14381 CVE-2026-14382 CVE-2026-14383 CVE-2026-14384 CVE-2026-14385 CVE-2026-14386 CVE-2026-14387 CVE-2026-14388 CVE-2026-14389 CVE-2026-14390 CVE-2026-14391 CVE-2026-14392 CVE-2026-14393 CVE-2026-14394 CVE-2026-14395 CVE-2026-14396 CVE-2026-14397 CVE-2026-14398 CVE-2026-14399 CVE-2026-14400 CVE-2026-14401 CVE-2026-14402 CVE-2026-14403 CVE-2026-14404 CVE-2026-14405 CVE-2026-14406 CVE-2026-14407 CVE-2026-14408 CVE-2026-14409 CVE-2026-14410 CVE-2026-14411 CVE-2026-14412 CVE-2026-14413 CVE-2026-14414 CVE-2026-14415 CVE-2026-14416 CVE-2026-14417 CVE-2026-14418 CVE-2026-14419 CVE-2026-14420 CVE-2026-14421 CVE-2026-14422 CVE-2026-14423 CVE-2026-14424 CVE-2026-14425 CVE-2026-14426 CVE-2026-14427 CVE-2026-14428 CVE-2026-14429 CVE-2026-14430 CVE-2026-14431 CVE-2026-14432,"CVE-2026-13775 CVE-2026-13776 CVE-2026-13777 CVE-2026-13778 CVE-2026-13779 CVE-2026-13780 CVE-2026-13781 CVE-2026-13782 CVE-2026-13783 CVE-2026-13784 CVE-2026-13785 CVE-2026-13786 CVE-2026-13787 CVE-2026-13788 CVE-2026-13790 CVE-2026-13791 CVE-2026-13792 CVE-2026-13793 CVE-2026-13794 CVE-2026-13795 CVE-2026-13796 CVE-2026-13797 CVE-2026-13798 CVE-2026-13799 CVE-2026-13800 CVE-2026-13801 CVE-2026-13802 CVE-2026-13803 CVE-2026-13804 CVE-2026-13805 CVE-2026-13806 CVE-2026-13807 CVE-2026-13808 CVE-2026-13809 CVE-2026-13810 CVE-2026-13811 CVE-2026-13812 CVE-2026-13813 CVE-2026-13814 CVE-2026-13815 CVE-2026-13816 CVE-2026-13817 CVE-2026-13818 CVE-2026-13819 CVE-2026-13820 CVE-2026-13821 CVE-2026-13822 CVE-2026-13823 CVE-2026-13824 CVE-2026-13825 CVE-2026-13826 CVE-2026-13827 CVE-2026-13828 CVE-2026-13829 CVE-2026-13830 CVE-2026-13831 CVE-2026-13832 CVE-2026-13833 CVE-2026-13834 CVE-2026-13835 CVE-2026-13836 CVE-2026-13837 CVE-2026-13838 CVE-2026-13839 CVE-2026-13840 CVE-2026-13841 CVE-2026-13842 CVE-2026-13843 CVE-2026-13844 CVE-2026-13845 CVE-2026-13846 CVE-2026-13847 CVE-2026-13848 CVE-2026-13849 CVE-2026-13850 CVE-2026-13851 CVE-2026-13852 CVE-2026-13853 CVE-2026-13854 CVE-2026-13855 CVE-2026-13856 CVE-2026-13857 CVE-2026-13858 CVE-2026-13859 CVE-2026-13860 CVE-2026-13861 CVE-2026-13862 CVE-2026-13863 CVE-2026-13864 CVE-2026-13865 CVE-2026-13866 CVE-2026-13867 CVE-2026-13868 CVE-2026-13869 CVE-2026-13870 CVE-2026-13871 CVE-2026-13872 CVE-2026-13873 CVE-2026-13874 CVE-2026-13875 CVE-2026-13876 CVE-2026-13877 CVE-2026-13878 CVE-2026-13879 CVE-2026-13880 CVE-2026-13881 CVE-2026-13882 CVE-2026-13883 CVE-2026-13884 CVE-2026-13885 CVE-2026-13886 CVE-2026-13887 CVE-2026-13888 CVE-2026-13889 CVE-2026-13890 CVE-2026-13891 CVE-2026-13892 CVE-2026-13893 CVE-2026-13894 CVE-2026-13895 CVE-2026-13896 CVE-2026-13897 CVE-2026-13898 CVE-2026-13899 CVE-2026-13900 CVE-2026-13901 CVE-2026-13902 CVE-2026-13903 CVE-2026-13904 CVE-2026-13905 CVE-2026-13906 CVE-2026-13907 CVE-2026-13908 CVE-2026-13909 CVE-2026-13910 CVE-2026-13911 CVE-2026-13912 CVE-2026-13913 CVE-2026-13914 CVE-2026-13915 CVE-2026-13916 CVE-2026-13917 CVE-2026-13918 CVE-2026-13919 CVE-2026-13920 CVE-2026-13921 CVE-2026-13922 CVE-2026-13923 CVE-2026-13924 CVE-2026-13925 CVE-2026-13926 CVE-2026-13927 CVE-2026-13928 CVE-2026-13929 CVE-2026-13930 CVE-2026-13931 CVE-2026-13932 CVE-2026-13933 CVE-2026-13934 CVE-2026-13935 CVE-2026-13936 CVE-2026-13937 CVE-2026-13938 CVE-2026-13939 CVE-2026-13940 CVE-2026-13941 CVE-2026-13942 CVE-2026-13943 CVE-2026-13944 CVE-2026-13945 CVE-2026-13946 CVE-2026-13947 CVE-2026-13948 CVE-2026-13949 CVE-2026-13950 CVE-2026-13951 CVE-2026-13952 CVE-2026-13953 CVE-2026-13954 CVE-2026-13955 CVE-2026-13956 CVE-2026-13957 CVE-2026-13958 CVE-2026-13959 CVE-2026-13960 CVE-2026-13961 CVE-2026-13962 CVE-2026-13963 CVE-2026-13964 CVE-2026-13965 CVE-2026-13966 CVE-2026-13967 CVE-2026-13968 CVE-2026-13969 CVE-2026-13970 CVE-2026-13971 CVE-2026-13972 CVE-2026-13973 CVE-2026-13974 CVE-2026-13975 CVE-2026-13976 CVE-2026-13977 CVE-2026-13978 CVE-2026-13979 CVE-2026-13980 CVE-2026-13981 CVE-2026-13982 CVE-2026-13983 CVE-2026-13984 CVE-2026-13985 CVE-2026-13986 CVE-2026-13987 CVE-2026-13988 CVE-2026-13989 CVE-2026-13990 CVE-2026-13991 CVE-2026-13992 CVE-2026-13993 CVE-2026-13994 CVE-2026-13995 CVE-2026-13996 CVE-2026-13997 CVE-2026-13998 CVE-2026-13999 CVE-2026-14000 CVE-2026-14001 CVE-2026-14002 CVE-2026-14003 CVE-2026-14004 CVE-2026-14005 CVE-2026-14006 CVE-2026-14007 CVE-2026-14008 CVE-2026-14009 CVE-2026-14010 CVE-2026-14011 CVE-2026-14012 CVE-2026-14013 CVE-2026-14014 CVE-2026-14015 CVE-2026-14016 CVE-2026-14017 CVE-2026-14018 CVE-2026-14019 CVE-2026-14020 CVE-2026-14021 CVE-2026-14022 CVE-2026-14023 CVE-2026-14024 CVE-2026-14025 CVE-2026-14026 CVE-2026-14027 CVE-2026-14028 CVE-2026-14030 CVE-2026-14031 CVE-2026-14032 CVE-2026-14033 CVE-2026-14034 CVE-2026-14035 CVE-2026-14036 CVE-2026-14037 CVE-2026-14038 CVE-2026-14039 CVE-2026-14040 CVE-2026-14041 CVE-2026-14042 CVE-2026-14043 CVE-2026-14044 CVE-2026-14045 CVE-2026-14046 CVE-2026-14047 CVE-2026-14048 CVE-2026-14049 CVE-2026-14050 CVE-2026-14051 CVE-2026-14052 CVE-2026-14053 CVE-2026-14054 CVE-2026-14055 CVE-2026-14056 CVE-2026-14057 CVE-2026-14058 CVE-2026-14059 CVE-2026-14060 CVE-2026-14061 CVE-2026-14062 CVE-2026-14063 CVE-2026-14064 CVE-2026-14065 CVE-2026-14066 CVE-2026-14067 CVE-2026-14068 CVE-2026-14069 CVE-2026-14070 CVE-2026-14071 CVE-2026-14072 CVE-2026-14073 CVE-2026-14074 CVE-2026-14075 CVE-2026-14076 CVE-2026-14077 CVE-2026-14078 CVE-2026-14079 CVE-2026-14080 CVE-2026-14081 CVE-2026-14082 CVE-2026-14083 CVE-2026-14084 CVE-2026-14085 CVE-2026-14086 CVE-2026-14087 CVE-2026-14088 CVE-2026-14089 CVE-2026-14090 CVE-2026-14091 CVE-2026-14092 CVE-2026-14093 CVE-2026-14094 CVE-2026-14095 CVE-2026-14096 CVE-2026-14097 CVE-2026-14098 CVE-2026-14099 CVE-2026-14100 CVE-2026-14101 CVE-2026-14102 CVE-2026-14103 CVE-2026-14104 CVE-2026-14105 CVE-2026-14106 CVE-2026-14107 CVE-2026-14108 CVE-2026-14109 CVE-2026-14110 CVE-2026-14111 CVE-2026-14112 CVE-2026-14113 CVE-2026-14114 CVE-2026-14115 CVE-2026-14116 CVE-2026-14117 CVE-2026-14118 CVE-2026-14119 CVE-2026-14120 CVE-2026-14121 CVE-2026-14122 CVE-2026-14123 CVE-2026-14124 CVE-2026-14125 CVE-2026-14126 CVE-2026-14127 CVE-2026-14128 CVE-2026-14129 CVE-2026-14130 CVE-2026-14131 CVE-2026-14132 CVE-2026-14133 CVE-2026-14134 CVE-2026-14135 CVE-2026-14136 CVE-2026-14137 CVE-2026-14138 CVE-2026-14139 CVE-2026-14140 CVE-2026-14141 CVE-2026-14142 CVE-2026-14143 CVE-2026-14144 CVE-2026-14145 CVE-2026-14146 CVE-2026-14147 CVE-2026-14148 CVE-2026-14149 CVE-2026-14150 CVE-2026-14151 CVE-2026-14152 CVE-2026-14153 CVE-2026-14154 CVE-2026-14155 CVE-2026-14156 CVE-2026-14381 CVE-2026-14382 CVE-2026-14383 CVE-2026-14384 CVE-2026-14385 CVE-2026-14386 CVE-2026-14387 CVE-2026-14388 CVE-2026-14389 CVE-2026-14390 CVE-2026-14391 CVE-2026-14392 CVE-2026-14393 CVE-2026-14394 CVE-2026-14395 CVE-2026-14396 CVE-2026-14397 CVE-2026-14398 CVE-2026-14399 CVE-2026-14400 CVE-2026-14401 CVE-2026-14402 CVE-2026-14403 CVE-2026-14404 CVE-2026-14405 CVE-2026-14406 CVE-2026-14407 CVE-2026-14408 CVE-2026-14409 CVE-2026-14410 CVE-2026-14411 CVE-2026-14412 CVE-2026-14413 CVE-2026-14414 CVE-2026-14415 CVE-2026-14416 CVE-2026-14417 CVE-2026-14418 CVE-2026-14419 CVE-2026-14420 CVE-2026-14421 CVE-2026-14422 CVE-2026-14423 CVE-2026-14424 CVE-2026-14425 CVE-2026-14426 CVE-2026-14427 CVE-2026-14428 CVE-2026-14429 CVE-2026-14430 CVE-2026-14431 CVE-2026-14432 Security issues were discovered in Chromium which could result in the execution of arbitrary code, denial of service, or information disclosure.",DSA-6378-1,https://lists.debian.org/debian-security-announce/2026/msg00289.html,Remote Code Execution,"Remote Code Execution, Information Disclosure, Denial of Service"
2026-07-05,chromium,CVE-2026-13281 CVE-2026-13282 CVE-2026-13283 CVE-2026-13774 CVE-2026-13775 CVE-2026-13776 CVE-2026-13777 CVE-2026-13778 CVE-2026-13779 CVE-2026-13780 CVE-2026-13781 CVE-2026-13782 CVE-2026-13783 CVE-2026-13784 CVE-2026-13785 CVE-2026-13786 CVE-2026-13787 CVE-2026-13788 CVE-2026-13790 CVE-2026-13791 CVE-2026-13792 CVE-2026-13793 CVE-2026-13794 CVE-2026-13795 CVE-2026-13796 CVE-2026-13797 CVE-2026-13798 CVE-2026-13799 CVE-2026-13800 CVE-2026-13801 CVE-2026-13802 CVE-2026-13803 CVE-2026-13804 CVE-2026-13805 CVE-2026-13806 CVE-2026-13807 CVE-2026-13808 CVE-2026-13809 CVE-2026-13810 CVE-2026-13811 CVE-2026-13812 CVE-2026-13813 CVE-2026-13814 CVE-2026-13815 CVE-2026-13816 CVE-2026-13817 CVE-2026-13818 CVE-2026-13819 CVE-2026-13820 CVE-2026-13821 CVE-2026-13822 CVE-2026-13823 CVE-2026-13824 CVE-2026-13825 CVE-2026-13826 CVE-2026-13827 CVE-2026-13828 CVE-2026-13829 CVE-2026-13830 CVE-2026-13831 CVE-2026-13832 CVE-2026-13833 CVE-2026-13834 CVE-2026-13835 CVE-2026-13836 CVE-2026-13837 CVE-2026-13838 CVE-2026-13839 CVE-2026-13840 CVE-2026-13841 CVE-2026-13842 CVE-2026-13843 CVE-2026-13844 CVE-2026-13845 CVE-2026-13846 CVE-2026-13847 CVE-2026-13848 CVE-2026-13849 CVE-2026-13850 CVE-2026-13851 CVE-2026-13852 CVE-2026-13853 CVE-2026-13854 CVE-2026-13855 CVE-2026-13856 CVE-2026-13857 CVE-2026-13858 CVE-2026-13859 CVE-2026-13860 CVE-2026-13861 CVE-2026-13862 CVE-2026-13863 CVE-2026-13864 CVE-2026-13865 CVE-2026-13866 CVE-2026-13867 CVE-2026-13868 CVE-2026-13869 CVE-2026-13870 CVE-2026-13871 CVE-2026-13872 CVE-2026-13873 CVE-2026-13874 CVE-2026-13875 CVE-2026-13876 CVE-2026-13877 CVE-2026-13878 CVE-2026-13879 CVE-2026-13880 CVE-2026-13881 CVE-2026-13882 CVE-2026-13883 CVE-2026-13884 CVE-2026-13885 CVE-2026-13886 CVE-2026-13887 CVE-2026-13888 CVE-2026-13889 CVE-2026-13890 CVE-2026-13891 CVE-2026-13892 CVE-2026-13893 CVE-2026-13894 CVE-2026-13895 CVE-2026-13896 CVE-2026-13897 CVE-2026-13898 CVE-2026-13899 CVE-2026-13900 CVE-2026-13901 CVE-2026-13902 CVE-2026-13903 CVE-2026-13904 CVE-2026-13905 CVE-2026-13906 CVE-2026-13907 CVE-2026-13908 CVE-2026-13909 CVE-2026-13910 CVE-2026-13911 CVE-2026-13912 CVE-2026-13913 CVE-2026-13914 CVE-2026-13915 CVE-2026-13916 CVE-2026-13917 CVE-2026-13918 CVE-2026-13919 CVE-2026-13920 CVE-2026-13921 CVE-2026-13922 CVE-2026-13923 CVE-2026-13924 CVE-2026-13925 CVE-2026-13926 CVE-2026-13927 CVE-2026-13928 CVE-2026-13929 CVE-2026-13930 CVE-2026-13931 CVE-2026-13932 CVE-2026-13933 CVE-2026-13934 CVE-2026-13935 CVE-2026-13936 CVE-2026-13937 CVE-2026-13938 CVE-2026-13939 CVE-2026-13940 CVE-2026-13941 CVE-2026-13942 CVE-2026-13943 CVE-2026-13944 CVE-2026-13945 CVE-2026-13946 CVE-2026-13947 CVE-2026-13948 CVE-2026-13949 CVE-2026-13950 CVE-2026-13951 CVE-2026-13952 CVE-2026-13953 CVE-2026-13954 CVE-2026-13955 CVE-2026-13956 CVE-2026-13957 CVE-2026-13958 CVE-2026-13959 CVE-2026-13960 CVE-2026-13961 CVE-2026-13962 CVE-2026-13963 CVE-2026-13964 CVE-2026-13965 CVE-2026-13966 CVE-2026-13967 CVE-2026-13968 CVE-2026-13969 CVE-2026-13970 CVE-2026-13971 CVE-2026-13972 CVE-2026-13973 CVE-2026-13974 CVE-2026-13975 CVE-2026-13976 CVE-2026-13977 CVE-2026-13978 CVE-2026-13979 CVE-2026-13980 CVE-2026-13981 CVE-2026-13982 CVE-2026-13983 CVE-2026-13984 CVE-2026-13985 CVE-2026-13986 CVE-2026-13987 CVE-2026-13988 CVE-2026-13989 CVE-2026-13990 CVE-2026-13991 CVE-2026-13992 CVE-2026-13993 CVE-2026-13994 CVE-2026-13995 CVE-2026-13996 CVE-2026-13997 CVE-2026-13998 CVE-2026-13999 CVE-2026-14000 CVE-2026-14001 CVE-2026-14002 CVE-2026-14003 CVE-2026-14004 CVE-2026-14005 CVE-2026-14006 CVE-2026-14007 CVE-2026-14008 CVE-2026-14009 CVE-2026-14010 CVE-2026-14011 CVE-2026-14012 CVE-2026-14013 CVE-2026-14014 CVE-2026-14015 CVE-2026-14016 CVE-2026-14017 CVE-2026-14018 CVE-2026-14019 CVE-2026-14020 CVE-2026-14021 CVE-2026-14022 CVE-2026-14023 CVE-2026-14024 CVE-2026-14025 CVE-2026-14026 CVE-2026-14027 CVE-2026-14028 CVE-2026-14030 CVE-2026-14031 CVE-2026-14032 CVE-2026-14033 CVE-2026-14034 CVE-2026-14035 CVE-2026-14036 CVE-2026-14037 CVE-2026-14038 CVE-2026-14039 CVE-2026-14040 CVE-2026-14041 CVE-2026-14042 CVE-2026-14043 CVE-2026-14044 CVE-2026-14045 CVE-2026-14046 CVE-2026-14047 CVE-2026-14048 CVE-2026-14049 CVE-2026-14050 CVE-2026-14051 CVE-2026-14052 CVE-2026-14053 CVE-2026-14054 CVE-2026-14055 CVE-2026-14056 CVE-2026-14057 CVE-2026-14058 CVE-2026-14059 CVE-2026-14060 CVE-2026-14061 CVE-2026-14062 CVE-2026-14063 CVE-2026-14064 CVE-2026-14065 CVE-2026-14066 CVE-2026-14067 CVE-2026-14068 CVE-2026-14069 CVE-2026-14070 CVE-2026-14071 CVE-2026-14072 CVE-2026-14073 CVE-2026-14074 CVE-2026-14075 CVE-2026-14076 CVE-2026-14077 CVE-2026-14078 CVE-2026-14079 CVE-2026-14080 CVE-2026-14081 CVE-2026-14082 CVE-2026-14083 CVE-2026-14084 CVE-2026-14085 CVE-2026-14086 CVE-2026-14087 CVE-2026-14088 CVE-2026-14089 CVE-2026-14090 CVE-2026-14091 CVE-2026-14092 CVE-2026-14093 CVE-2026-14094 CVE-2026-14095 CVE-2026-14096 CVE-2026-14097 CVE-2026-14098 CVE-2026-14099 CVE-2026-14100 CVE-2026-14101 CVE-2026-14102 CVE-2026-14103 CVE-2026-14104 CVE-2026-14105 CVE-2026-14106 CVE-2026-14107 CVE-2026-14108 CVE-2026-14109 CVE-2026-14110 CVE-2026-14111 CVE-2026-14112 CVE-2026-14113 CVE-2026-14114 CVE-2026-14115 CVE-2026-14116 CVE-2026-14117 CVE-2026-14118 CVE-2026-14119 CVE-2026-14120 CVE-2026-14121 CVE-2026-14122 CVE-2026-14123 CVE-2026-14124 CVE-2026-14125 CVE-2026-14126 CVE-2026-14127 CVE-2026-14128 CVE-2026-14129 CVE-2026-14130 CVE-2026-14131 CVE-2026-14132 CVE-2026-14133 CVE-2026-14134 CVE-2026-14135 CVE-2026-14136 CVE-2026-14137 CVE-2026-14138 CVE-2026-14139 CVE-2026-14140 CVE-2026-14141 CVE-2026-14142 CVE-2026-14143 CVE-2026-14144 CVE-2026-14145 CVE-2026-14146 CVE-2026-14147 CVE-2026-14148 CVE-2026-14149 CVE-2026-14150 CVE-2026-14151 CVE-2026-14152 CVE-2026-14153 CVE-2026-14154 CVE-2026-14155 CVE-2026-14156 CVE-2026-14381 CVE-2026-14382 CVE-2026-14383 CVE-2026-14384 CVE-2026-14385 CVE-2026-14386 CVE-2026-14387 CVE-2026-14388 CVE-2026-14389 CVE-2026-14390 CVE-2026-14391 CVE-2026-14392 CVE-2026-14393 CVE-2026-14394 CVE-2026-14395 CVE-2026-14396 CVE-2026-14397 CVE-2026-14398 CVE-2026-14399 CVE-2026-14400 CVE-2026-14401 CVE-2026-14402 CVE-2026-14403 CVE-2026-14404 CVE-2026-14405 CVE-2026-14406 CVE-2026-14407 CVE-2026-14408 CVE-2026-14409 CVE-2026-14410 CVE-2026-14411 CVE-2026-14412 CVE-2026-14413 CVE-2026-14414 CVE-2026-14415 CVE-2026-14416 CVE-2026-14417 CVE-2026-14418 CVE-2026-14419 CVE-2026-14420 CVE-2026-14421 CVE-2026-14422 CVE-2026-14423 CVE-2026-14424 CVE-2026-14425 CVE-2026-14426 CVE-2026-14427 CVE-2026-14428 CVE-2026-14429 CVE-2026-14430 CVE-2026-14431 CVE-2026-14432,"CVE-2026-13775 CVE-2026-13776 CVE-2026-13777 CVE-2026-13778 CVE-2026-13779 CVE-2026-13780 CVE-2026-13781 CVE-2026-13782 CVE-2026-13783 CVE-2026-13784 CVE-2026-13785 CVE-2026-13786 CVE-2026-13787 CVE-2026-13788 CVE-2026-13790 CVE-2026-13791 CVE-2026-13792 CVE-2026-13793 CVE-2026-13794 CVE-2026-13795 CVE-2026-13796 CVE-2026-13797 CVE-2026-13798 CVE-2026-13799 CVE-2026-13800 CVE-2026-13801 CVE-2026-13802 CVE-2026-13803 CVE-2026-13804 CVE-2026-13805 CVE-2026-13806 CVE-2026-13807 CVE-2026-13808 CVE-2026-13809 CVE-2026-13810 CVE-2026-13811 CVE-2026-13812 CVE-2026-13813 CVE-2026-13814 CVE-2026-13815 CVE-2026-13816 CVE-2026-13817 CVE-2026-13818 CVE-2026-13819 CVE-2026-13820 CVE-2026-13821 CVE-2026-13822 CVE-2026-13823 CVE-2026-13824 CVE-2026-13825 CVE-2026-13826 CVE-2026-13827 CVE-2026-13828 CVE-2026-13829 CVE-2026-13830 CVE-2026-13831 CVE-2026-13832 CVE-2026-13833 CVE-2026-13834 CVE-2026-13835 CVE-2026-13836 CVE-2026-13837 CVE-2026-13838 CVE-2026-13839 CVE-2026-13840 CVE-2026-13841 CVE-2026-13842 CVE-2026-13843 CVE-2026-13844 CVE-2026-13845 CVE-2026-13846 CVE-2026-13847 CVE-2026-13848 CVE-2026-13849 CVE-2026-13850 CVE-2026-13851 CVE-2026-13852 CVE-2026-13853 CVE-2026-13854 CVE-2026-13855 CVE-2026-13856 CVE-2026-13857 CVE-2026-13858 CVE-2026-13859 CVE-2026-13860 CVE-2026-13861 CVE-2026-13862 CVE-2026-13863 CVE-2026-13864 CVE-2026-13865 CVE-2026-13866 CVE-2026-13867 CVE-2026-13868 CVE-2026-13869 CVE-2026-13870 CVE-2026-13871 CVE-2026-13872 CVE-2026-13873 CVE-2026-13874 CVE-2026-13875 CVE-2026-13876 CVE-2026-13877 CVE-2026-13878 CVE-2026-13879 CVE-2026-13880 CVE-2026-13881 CVE-2026-13882 CVE-2026-13883 CVE-2026-13884 CVE-2026-13885 CVE-2026-13886 CVE-2026-13887 CVE-2026-13888 CVE-2026-13889 CVE-2026-13890 CVE-2026-13891 CVE-2026-13892 CVE-2026-13893 CVE-2026-13894 CVE-2026-13895 CVE-2026-13896 CVE-2026-13897 CVE-2026-13898 CVE-2026-13899 CVE-2026-13900 CVE-2026-13901 CVE-2026-13902 CVE-2026-13903 CVE-2026-13904 CVE-2026-13905 CVE-2026-13906 CVE-2026-13907 CVE-2026-13908 CVE-2026-13909 CVE-2026-13910 CVE-2026-13911 CVE-2026-13912 CVE-2026-13913 CVE-2026-13914 CVE-2026-13915 CVE-2026-13916 CVE-2026-13917 CVE-2026-13918 CVE-2026-13919 CVE-2026-13920 CVE-2026-13921 CVE-2026-13922 CVE-2026-13923 CVE-2026-13924 CVE-2026-13925 CVE-2026-13926 CVE-2026-13927 CVE-2026-13928 CVE-2026-13929 CVE-2026-13930 CVE-2026-13931 CVE-2026-13932 CVE-2026-13933 CVE-2026-13934 CVE-2026-13935 CVE-2026-13936 CVE-2026-13937 CVE-2026-13938 CVE-2026-13939 CVE-2026-13940 CVE-2026-13941 CVE-2026-13942 CVE-2026-13943 CVE-2026-13944 CVE-2026-13945 CVE-2026-13946 CVE-2026-13947 CVE-2026-13948 CVE-2026-13949 CVE-2026-13950 CVE-2026-13951 CVE-2026-13952 CVE-2026-13953 CVE-2026-13954 CVE-2026-13955 CVE-2026-13956 CVE-2026-13957 CVE-2026-13958 CVE-2026-13959 CVE-2026-13960 CVE-2026-13961 CVE-2026-13962 CVE-2026-13963 CVE-2026-13964 CVE-2026-13965 CVE-2026-13966 CVE-2026-13967 CVE-2026-13968 CVE-2026-13969 CVE-2026-13970 CVE-2026-13971 CVE-2026-13972 CVE-2026-13973 CVE-2026-13974 CVE-2026-13975 CVE-2026-13976 CVE-2026-13977 CVE-2026-13978 CVE-2026-13979 CVE-2026-13980 CVE-2026-13981 CVE-2026-13982 CVE-2026-13983 CVE-2026-13984 CVE-2026-13985 CVE-2026-13986 CVE-2026-13987 CVE-2026-13988 CVE-2026-13989 CVE-2026-13990 CVE-2026-13991 CVE-2026-13992 CVE-2026-13993 CVE-2026-13994 CVE-2026-13995 CVE-2026-13996 CVE-2026-13997 CVE-2026-13998 CVE-2026-13999 CVE-2026-14000 CVE-2026-14001 CVE-2026-14002 CVE-2026-14003 CVE-2026-14004 CVE-2026-14005 CVE-2026-14006 CVE-2026-14007 CVE-2026-14008 CVE-2026-14009 CVE-2026-14010 CVE-2026-14011 CVE-2026-14012 CVE-2026-14013 CVE-2026-14014 CVE-2026-14015 CVE-2026-14016 CVE-2026-14017 CVE-2026-14018 CVE-2026-14019 CVE-2026-14020 CVE-2026-14021 CVE-2026-14022 CVE-2026-14023 CVE-2026-14024 CVE-2026-14025 CVE-2026-14026 CVE-2026-14027 CVE-2026-14028 CVE-2026-14030 CVE-2026-14031 CVE-2026-14032 CVE-2026-14033 CVE-2026-14034 CVE-2026-14035 CVE-2026-14036 CVE-2026-14037 CVE-2026-14038 CVE-2026-14039 CVE-2026-14040 CVE-2026-14041 CVE-2026-14042 CVE-2026-14043 CVE-2026-14044 CVE-2026-14045 CVE-2026-14046 CVE-2026-14047 CVE-2026-14048 CVE-2026-14049 CVE-2026-14050 CVE-2026-14051 CVE-2026-14052 CVE-2026-14053 CVE-2026-14054 CVE-2026-14055 CVE-2026-14056 CVE-2026-14057 CVE-2026-14058 CVE-2026-14059 CVE-2026-14060 CVE-2026-14061 CVE-2026-14062 CVE-2026-14063 CVE-2026-14064 CVE-2026-14065 CVE-2026-14066 CVE-2026-14067 CVE-2026-14068 CVE-2026-14069 CVE-2026-14070 CVE-2026-14071 CVE-2026-14072 CVE-2026-14073 CVE-2026-14074 CVE-2026-14075 CVE-2026-14076 CVE-2026-14077 CVE-2026-14078 CVE-2026-14079 CVE-2026-14080 CVE-2026-14081 CVE-2026-14082 CVE-2026-14083 CVE-2026-14084 CVE-2026-14085 CVE-2026-14086 CVE-2026-14087 CVE-2026-14088 CVE-2026-14089 CVE-2026-14090 CVE-2026-14091 CVE-2026-14092 CVE-2026-14093 CVE-2026-14094 CVE-2026-14095 CVE-2026-14096 CVE-2026-14097 CVE-2026-14098 CVE-2026-14099 CVE-2026-14100 CVE-2026-14101 CVE-2026-14102 CVE-2026-14103 CVE-2026-14104 CVE-2026-14105 CVE-2026-14106 CVE-2026-14107 CVE-2026-14108 CVE-2026-14109 CVE-2026-14110 CVE-2026-14111 CVE-2026-14112 CVE-2026-14113 CVE-2026-14114 CVE-2026-14115 CVE-2026-14116 CVE-2026-14117 CVE-2026-14118 CVE-2026-14119 CVE-2026-14120 CVE-2026-14121 CVE-2026-14122 CVE-2026-14123 CVE-2026-14124 CVE-2026-14125 CVE-2026-14126 CVE-2026-14127 CVE-2026-14128 CVE-2026-14129 CVE-2026-14130 CVE-2026-14131 CVE-2026-14132 CVE-2026-14133 CVE-2026-14134 CVE-2026-14135 CVE-2026-14136 CVE-2026-14137 CVE-2026-14138 CVE-2026-14139 CVE-2026-14140 CVE-2026-14141 CVE-2026-14142 CVE-2026-14143 CVE-2026-14144 CVE-2026-14145 CVE-2026-14146 CVE-2026-14147 CVE-2026-14148 CVE-2026-14149 CVE-2026-14150 CVE-2026-14151 CVE-2026-14152 CVE-2026-14153 CVE-2026-14154 CVE-2026-14155 CVE-2026-14156 CVE-2026-14381 CVE-2026-14382 CVE-2026-14383 CVE-2026-14384 CVE-2026-14385 CVE-2026-14386 CVE-2026-14387 CVE-2026-14388 CVE-2026-14389 CVE-2026-14390 CVE-2026-14391 CVE-2026-14392 CVE-2026-14393 CVE-2026-14394 CVE-2026-14395 CVE-2026-14396 CVE-2026-14397 CVE-2026-14398 CVE-2026-14399 CVE-2026-14400 CVE-2026-14401 CVE-2026-14402 CVE-2026-14403 CVE-2026-14404 CVE-2026-14405 CVE-2026-14406 CVE-2026-14407 CVE-2026-14408 CVE-2026-14409 CVE-2026-14410 CVE-2026-14411 CVE-2026-14412 CVE-2026-14413 CVE-2026-14414 CVE-2026-14415 CVE-2026-14416 CVE-2026-14417 CVE-2026-14418 CVE-2026-14419 CVE-2026-14420 CVE-2026-14421 CVE-2026-14422 CVE-2026-14423 CVE-2026-14424 CVE-2026-14425 CVE-2026-14426 CVE-2026-14427 CVE-2026-14428 CVE-2026-14429 CVE-2026-14430 CVE-2026-14431 CVE-2026-14432 Security issues were discovered in Chromium which could result in the execution of arbitrary code, denial of service, or information disclosure.",DSA-6378-1,https://lists.debian.org/debian-security-announce/2026/msg00289.html,Information Disclosure,"Remote Code Execution, Information Disclosure, Denial of Service"
2026-07-05,chromium,CVE-2026-13281 CVE-2026-13282 CVE-2026-13283 CVE-2026-13774 CVE-2026-13775 CVE-2026-13776 CVE-2026-13777 CVE-2026-13778 CVE-2026-13779 CVE-2026-13780 CVE-2026-13781 CVE-2026-13782 CVE-2026-13783 CVE-2026-13784 CVE-2026-13785 CVE-2026-13786 CVE-2026-13787 CVE-2026-13788 CVE-2026-13790 CVE-2026-13791 CVE-2026-13792 CVE-2026-13793 CVE-2026-13794 CVE-2026-13795 CVE-2026-13796 CVE-2026-13797 CVE-2026-13798 CVE-2026-13799 CVE-2026-13800 CVE-2026-13801 CVE-2026-13802 CVE-2026-13803 CVE-2026-13804 CVE-2026-13805 CVE-2026-13806 CVE-2026-13807 CVE-2026-13808 CVE-2026-13809 CVE-2026-13810 CVE-2026-13811 CVE-2026-13812 CVE-2026-13813 CVE-2026-13814 CVE-2026-13815 CVE-2026-13816 CVE-2026-13817 CVE-2026-13818 CVE-2026-13819 CVE-2026-13820 CVE-2026-13821 CVE-2026-13822 CVE-2026-13823 CVE-2026-13824 CVE-2026-13825 CVE-2026-13826 CVE-2026-13827 CVE-2026-13828 CVE-2026-13829 CVE-2026-13830 CVE-2026-13831 CVE-2026-13832 CVE-2026-13833 CVE-2026-13834 CVE-2026-13835 CVE-2026-13836 CVE-2026-13837 CVE-2026-13838 CVE-2026-13839 CVE-2026-13840 CVE-2026-13841 CVE-2026-13842 CVE-2026-13843 CVE-2026-13844 CVE-2026-13845 CVE-2026-13846 CVE-2026-13847 CVE-2026-13848 CVE-2026-13849 CVE-2026-13850 CVE-2026-13851 CVE-2026-13852 CVE-2026-13853 CVE-2026-13854 CVE-2026-13855 CVE-2026-13856 CVE-2026-13857 CVE-2026-13858 CVE-2026-13859 CVE-2026-13860 CVE-2026-13861 CVE-2026-13862 CVE-2026-13863 CVE-2026-13864 CVE-2026-13865 CVE-2026-13866 CVE-2026-13867 CVE-2026-13868 CVE-2026-13869 CVE-2026-13870 CVE-2026-13871 CVE-2026-13872 CVE-2026-13873 CVE-2026-13874 CVE-2026-13875 CVE-2026-13876 CVE-2026-13877 CVE-2026-13878 CVE-2026-13879 CVE-2026-13880 CVE-2026-13881 CVE-2026-13882 CVE-2026-13883 CVE-2026-13884 CVE-2026-13885 CVE-2026-13886 CVE-2026-13887 CVE-2026-13888 CVE-2026-13889 CVE-2026-13890 CVE-2026-13891 CVE-2026-13892 CVE-2026-13893 CVE-2026-13894 CVE-2026-13895 CVE-2026-13896 CVE-2026-13897 CVE-2026-13898 CVE-2026-13899 CVE-2026-13900 CVE-2026-13901 CVE-2026-13902 CVE-2026-13903 CVE-2026-13904 CVE-2026-13905 CVE-2026-13906 CVE-2026-13907 CVE-2026-13908 CVE-2026-13909 CVE-2026-13910 CVE-2026-13911 CVE-2026-13912 CVE-2026-13913 CVE-2026-13914 CVE-2026-13915 CVE-2026-13916 CVE-2026-13917 CVE-2026-13918 CVE-2026-13919 CVE-2026-13920 CVE-2026-13921 CVE-2026-13922 CVE-2026-13923 CVE-2026-13924 CVE-2026-13925 CVE-2026-13926 CVE-2026-13927 CVE-2026-13928 CVE-2026-13929 CVE-2026-13930 CVE-2026-13931 CVE-2026-13932 CVE-2026-13933 CVE-2026-13934 CVE-2026-13935 CVE-2026-13936 CVE-2026-13937 CVE-2026-13938 CVE-2026-13939 CVE-2026-13940 CVE-2026-13941 CVE-2026-13942 CVE-2026-13943 CVE-2026-13944 CVE-2026-13945 CVE-2026-13946 CVE-2026-13947 CVE-2026-13948 CVE-2026-13949 CVE-2026-13950 CVE-2026-13951 CVE-2026-13952 CVE-2026-13953 CVE-2026-13954 CVE-2026-13955 CVE-2026-13956 CVE-2026-13957 CVE-2026-13958 CVE-2026-13959 CVE-2026-13960 CVE-2026-13961 CVE-2026-13962 CVE-2026-13963 CVE-2026-13964 CVE-2026-13965 CVE-2026-13966 CVE-2026-13967 CVE-2026-13968 CVE-2026-13969 CVE-2026-13970 CVE-2026-13971 CVE-2026-13972 CVE-2026-13973 CVE-2026-13974 CVE-2026-13975 CVE-2026-13976 CVE-2026-13977 CVE-2026-13978 CVE-2026-13979 CVE-2026-13980 CVE-2026-13981 CVE-2026-13982 CVE-2026-13983 CVE-2026-13984 CVE-2026-13985 CVE-2026-13986 CVE-2026-13987 CVE-2026-13988 CVE-2026-13989 CVE-2026-13990 CVE-2026-13991 CVE-2026-13992 CVE-2026-13993 CVE-2026-13994 CVE-2026-13995 CVE-2026-13996 CVE-2026-13997 CVE-2026-13998 CVE-2026-13999 CVE-2026-14000 CVE-2026-14001 CVE-2026-14002 CVE-2026-14003 CVE-2026-14004 CVE-2026-14005 CVE-2026-14006 CVE-2026-14007 CVE-2026-14008 CVE-2026-14009 CVE-2026-14010 CVE-2026-14011 CVE-2026-14012 CVE-2026-14013 CVE-2026-14014 CVE-2026-14015 CVE-2026-14016 CVE-2026-14017 CVE-2026-14018 CVE-2026-14019 CVE-2026-14020 CVE-2026-14021 CVE-2026-14022 CVE-2026-14023 CVE-2026-14024 CVE-2026-14025 CVE-2026-14026 CVE-2026-14027 CVE-2026-14028 CVE-2026-14030 CVE-2026-14031 CVE-2026-14032 CVE-2026-14033 CVE-2026-14034 CVE-2026-14035 CVE-2026-14036 CVE-2026-14037 CVE-2026-14038 CVE-2026-14039 CVE-2026-14040 CVE-2026-14041 CVE-2026-14042 CVE-2026-14043 CVE-2026-14044 CVE-2026-14045 CVE-2026-14046 CVE-2026-14047 CVE-2026-14048 CVE-2026-14049 CVE-2026-14050 CVE-2026-14051 CVE-2026-14052 CVE-2026-14053 CVE-2026-14054 CVE-2026-14055 CVE-2026-14056 CVE-2026-14057 CVE-2026-14058 CVE-2026-14059 CVE-2026-14060 CVE-2026-14061 CVE-2026-14062 CVE-2026-14063 CVE-2026-14064 CVE-2026-14065 CVE-2026-14066 CVE-2026-14067 CVE-2026-14068 CVE-2026-14069 CVE-2026-14070 CVE-2026-14071 CVE-2026-14072 CVE-2026-14073 CVE-2026-14074 CVE-2026-14075 CVE-2026-14076 CVE-2026-14077 CVE-2026-14078 CVE-2026-14079 CVE-2026-14080 CVE-2026-14081 CVE-2026-14082 CVE-2026-14083 CVE-2026-14084 CVE-2026-14085 CVE-2026-14086 CVE-2026-14087 CVE-2026-14088 CVE-2026-14089 CVE-2026-14090 CVE-2026-14091 CVE-2026-14092 CVE-2026-14093 CVE-2026-14094 CVE-2026-14095 CVE-2026-14096 CVE-2026-14097 CVE-2026-14098 CVE-2026-14099 CVE-2026-14100 CVE-2026-14101 CVE-2026-14102 CVE-2026-14103 CVE-2026-14104 CVE-2026-14105 CVE-2026-14106 CVE-2026-14107 CVE-2026-14108 CVE-2026-14109 CVE-2026-14110 CVE-2026-14111 CVE-2026-14112 CVE-2026-14113 CVE-2026-14114 CVE-2026-14115 CVE-2026-14116 CVE-2026-14117 CVE-2026-14118 CVE-2026-14119 CVE-2026-14120 CVE-2026-14121 CVE-2026-14122 CVE-2026-14123 CVE-2026-14124 CVE-2026-14125 CVE-2026-14126 CVE-2026-14127 CVE-2026-14128 CVE-2026-14129 CVE-2026-14130 CVE-2026-14131 CVE-2026-14132 CVE-2026-14133 CVE-2026-14134 CVE-2026-14135 CVE-2026-14136 CVE-2026-14137 CVE-2026-14138 CVE-2026-14139 CVE-2026-14140 CVE-2026-14141 CVE-2026-14142 CVE-2026-14143 CVE-2026-14144 CVE-2026-14145 CVE-2026-14146 CVE-2026-14147 CVE-2026-14148 CVE-2026-14149 CVE-2026-14150 CVE-2026-14151 CVE-2026-14152 CVE-2026-14153 CVE-2026-14154 CVE-2026-14155 CVE-2026-14156 CVE-2026-14381 CVE-2026-14382 CVE-2026-14383 CVE-2026-14384 CVE-2026-14385 CVE-2026-14386 CVE-2026-14387 CVE-2026-14388 CVE-2026-14389 CVE-2026-14390 CVE-2026-14391 CVE-2026-14392 CVE-2026-14393 CVE-2026-14394 CVE-2026-14395 CVE-2026-14396 CVE-2026-14397 CVE-2026-14398 CVE-2026-14399 CVE-2026-14400 CVE-2026-14401 CVE-2026-14402 CVE-2026-14403 CVE-2026-14404 CVE-2026-14405 CVE-2026-14406 CVE-2026-14407 CVE-2026-14408 CVE-2026-14409 CVE-2026-14410 CVE-2026-14411 CVE-2026-14412 CVE-2026-14413 CVE-2026-14414 CVE-2026-14415 CVE-2026-14416 CVE-2026-14417 CVE-2026-14418 CVE-2026-14419 CVE-2026-14420 CVE-2026-14421 CVE-2026-14422 CVE-2026-14423 CVE-2026-14424 CVE-2026-14425 CVE-2026-14426 CVE-2026-14427 CVE-2026-14428 CVE-2026-14429 CVE-2026-14430 CVE-2026-14431 CVE-2026-14432,"CVE-2026-13775 CVE-2026-13776 CVE-2026-13777 CVE-2026-13778 CVE-2026-13779 CVE-2026-13780 CVE-2026-13781 CVE-2026-13782 CVE-2026-13783 CVE-2026-13784 CVE-2026-13785 CVE-2026-13786 CVE-2026-13787 CVE-2026-13788 CVE-2026-13790 CVE-2026-13791 CVE-2026-13792 CVE-2026-13793 CVE-2026-13794 CVE-2026-13795 CVE-2026-13796 CVE-2026-13797 CVE-2026-13798 CVE-2026-13799 CVE-2026-13800 CVE-2026-13801 CVE-2026-13802 CVE-2026-13803 CVE-2026-13804 CVE-2026-13805 CVE-2026-13806 CVE-2026-13807 CVE-2026-13808 CVE-2026-13809 CVE-2026-13810 CVE-2026-13811 CVE-2026-13812 CVE-2026-13813 CVE-2026-13814 CVE-2026-13815 CVE-2026-13816 CVE-2026-13817 CVE-2026-13818 CVE-2026-13819 CVE-2026-13820 CVE-2026-13821 CVE-2026-13822 CVE-2026-13823 CVE-2026-13824 CVE-2026-13825 CVE-2026-13826 CVE-2026-13827 CVE-2026-13828 CVE-2026-13829 CVE-2026-13830 CVE-2026-13831 CVE-2026-13832 CVE-2026-13833 CVE-2026-13834 CVE-2026-13835 CVE-2026-13836 CVE-2026-13837 CVE-2026-13838 CVE-2026-13839 CVE-2026-13840 CVE-2026-13841 CVE-2026-13842 CVE-2026-13843 CVE-2026-13844 CVE-2026-13845 CVE-2026-13846 CVE-2026-13847 CVE-2026-13848 CVE-2026-13849 CVE-2026-13850 CVE-2026-13851 CVE-2026-13852 CVE-2026-13853 CVE-2026-13854 CVE-2026-13855 CVE-2026-13856 CVE-2026-13857 CVE-2026-13858 CVE-2026-13859 CVE-2026-13860 CVE-2026-13861 CVE-2026-13862 CVE-2026-13863 CVE-2026-13864 CVE-2026-13865 CVE-2026-13866 CVE-2026-13867 CVE-2026-13868 CVE-2026-13869 CVE-2026-13870 CVE-2026-13871 CVE-2026-13872 CVE-2026-13873 CVE-2026-13874 CVE-2026-13875 CVE-2026-13876 CVE-2026-13877 CVE-2026-13878 CVE-2026-13879 CVE-2026-13880 CVE-2026-13881 CVE-2026-13882 CVE-2026-13883 CVE-2026-13884 CVE-2026-13885 CVE-2026-13886 CVE-2026-13887 CVE-2026-13888 CVE-2026-13889 CVE-2026-13890 CVE-2026-13891 CVE-2026-13892 CVE-2026-13893 CVE-2026-13894 CVE-2026-13895 CVE-2026-13896 CVE-2026-13897 CVE-2026-13898 CVE-2026-13899 CVE-2026-13900 CVE-2026-13901 CVE-2026-13902 CVE-2026-13903 CVE-2026-13904 CVE-2026-13905 CVE-2026-13906 CVE-2026-13907 CVE-2026-13908 CVE-2026-13909 CVE-2026-13910 CVE-2026-13911 CVE-2026-13912 CVE-2026-13913 CVE-2026-13914 CVE-2026-13915 CVE-2026-13916 CVE-2026-13917 CVE-2026-13918 CVE-2026-13919 CVE-2026-13920 CVE-2026-13921 CVE-2026-13922 CVE-2026-13923 CVE-2026-13924 CVE-2026-13925 CVE-2026-13926 CVE-2026-13927 CVE-2026-13928 CVE-2026-13929 CVE-2026-13930 CVE-2026-13931 CVE-2026-13932 CVE-2026-13933 CVE-2026-13934 CVE-2026-13935 CVE-2026-13936 CVE-2026-13937 CVE-2026-13938 CVE-2026-13939 CVE-2026-13940 CVE-2026-13941 CVE-2026-13942 CVE-2026-13943 CVE-2026-13944 CVE-2026-13945 CVE-2026-13946 CVE-2026-13947 CVE-2026-13948 CVE-2026-13949 CVE-2026-13950 CVE-2026-13951 CVE-2026-13952 CVE-2026-13953 CVE-2026-13954 CVE-2026-13955 CVE-2026-13956 CVE-2026-13957 CVE-2026-13958 CVE-2026-13959 CVE-2026-13960 CVE-2026-13961 CVE-2026-13962 CVE-2026-13963 CVE-2026-13964 CVE-2026-13965 CVE-2026-13966 CVE-2026-13967 CVE-2026-13968 CVE-2026-13969 CVE-2026-13970 CVE-2026-13971 CVE-2026-13972 CVE-2026-13973 CVE-2026-13974 CVE-2026-13975 CVE-2026-13976 CVE-2026-13977 CVE-2026-13978 CVE-2026-13979 CVE-2026-13980 CVE-2026-13981 CVE-2026-13982 CVE-2026-13983 CVE-2026-13984 CVE-2026-13985 CVE-2026-13986 CVE-2026-13987 CVE-2026-13988 CVE-2026-13989 CVE-2026-13990 CVE-2026-13991 CVE-2026-13992 CVE-2026-13993 CVE-2026-13994 CVE-2026-13995 CVE-2026-13996 CVE-2026-13997 CVE-2026-13998 CVE-2026-13999 CVE-2026-14000 CVE-2026-14001 CVE-2026-14002 CVE-2026-14003 CVE-2026-14004 CVE-2026-14005 CVE-2026-14006 CVE-2026-14007 CVE-2026-14008 CVE-2026-14009 CVE-2026-14010 CVE-2026-14011 CVE-2026-14012 CVE-2026-14013 CVE-2026-14014 CVE-2026-14015 CVE-2026-14016 CVE-2026-14017 CVE-2026-14018 CVE-2026-14019 CVE-2026-14020 CVE-2026-14021 CVE-2026-14022 CVE-2026-14023 CVE-2026-14024 CVE-2026-14025 CVE-2026-14026 CVE-2026-14027 CVE-2026-14028 CVE-2026-14030 CVE-2026-14031 CVE-2026-14032 CVE-2026-14033 CVE-2026-14034 CVE-2026-14035 CVE-2026-14036 CVE-2026-14037 CVE-2026-14038 CVE-2026-14039 CVE-2026-14040 CVE-2026-14041 CVE-2026-14042 CVE-2026-14043 CVE-2026-14044 CVE-2026-14045 CVE-2026-14046 CVE-2026-14047 CVE-2026-14048 CVE-2026-14049 CVE-2026-14050 CVE-2026-14051 CVE-2026-14052 CVE-2026-14053 CVE-2026-14054 CVE-2026-14055 CVE-2026-14056 CVE-2026-14057 CVE-2026-14058 CVE-2026-14059 CVE-2026-14060 CVE-2026-14061 CVE-2026-14062 CVE-2026-14063 CVE-2026-14064 CVE-2026-14065 CVE-2026-14066 CVE-2026-14067 CVE-2026-14068 CVE-2026-14069 CVE-2026-14070 CVE-2026-14071 CVE-2026-14072 CVE-2026-14073 CVE-2026-14074 CVE-2026-14075 CVE-2026-14076 CVE-2026-14077 CVE-2026-14078 CVE-2026-14079 CVE-2026-14080 CVE-2026-14081 CVE-2026-14082 CVE-2026-14083 CVE-2026-14084 CVE-2026-14085 CVE-2026-14086 CVE-2026-14087 CVE-2026-14088 CVE-2026-14089 CVE-2026-14090 CVE-2026-14091 CVE-2026-14092 CVE-2026-14093 CVE-2026-14094 CVE-2026-14095 CVE-2026-14096 CVE-2026-14097 CVE-2026-14098 CVE-2026-14099 CVE-2026-14100 CVE-2026-14101 CVE-2026-14102 CVE-2026-14103 CVE-2026-14104 CVE-2026-14105 CVE-2026-14106 CVE-2026-14107 CVE-2026-14108 CVE-2026-14109 CVE-2026-14110 CVE-2026-14111 CVE-2026-14112 CVE-2026-14113 CVE-2026-14114 CVE-2026-14115 CVE-2026-14116 CVE-2026-14117 CVE-2026-14118 CVE-2026-14119 CVE-2026-14120 CVE-2026-14121 CVE-2026-14122 CVE-2026-14123 CVE-2026-14124 CVE-2026-14125 CVE-2026-14126 CVE-2026-14127 CVE-2026-14128 CVE-2026-14129 CVE-2026-14130 CVE-2026-14131 CVE-2026-14132 CVE-2026-14133 CVE-2026-14134 CVE-2026-14135 CVE-2026-14136 CVE-2026-14137 CVE-2026-14138 CVE-2026-14139 CVE-2026-14140 CVE-2026-14141 CVE-2026-14142 CVE-2026-14143 CVE-2026-14144 CVE-2026-14145 CVE-2026-14146 CVE-2026-14147 CVE-2026-14148 CVE-2026-14149 CVE-2026-14150 CVE-2026-14151 CVE-2026-14152 CVE-2026-14153 CVE-2026-14154 CVE-2026-14155 CVE-2026-14156 CVE-2026-14381 CVE-2026-14382 CVE-2026-14383 CVE-2026-14384 CVE-2026-14385 CVE-2026-14386 CVE-2026-14387 CVE-2026-14388 CVE-2026-14389 CVE-2026-14390 CVE-2026-14391 CVE-2026-14392 CVE-2026-14393 CVE-2026-14394 CVE-2026-14395 CVE-2026-14396 CVE-2026-14397 CVE-2026-14398 CVE-2026-14399 CVE-2026-14400 CVE-2026-14401 CVE-2026-14402 CVE-2026-14403 CVE-2026-14404 CVE-2026-14405 CVE-2026-14406 CVE-2026-14407 CVE-2026-14408 CVE-2026-14409 CVE-2026-14410 CVE-2026-14411 CVE-2026-14412 CVE-2026-14413 CVE-2026-14414 CVE-2026-14415 CVE-2026-14416 CVE-2026-14417 CVE-2026-14418 CVE-2026-14419 CVE-2026-14420 CVE-2026-14421 CVE-2026-14422 CVE-2026-14423 CVE-2026-14424 CVE-2026-14425 CVE-2026-14426 CVE-2026-14427 CVE-2026-14428 CVE-2026-14429 CVE-2026-14430 CVE-2026-14431 CVE-2026-14432 Security issues were discovered in Chromium which could result in the execution of arbitrary code, denial of service, or information disclosure.",DSA-6378-1,https://lists.debian.org/debian-security-announce/2026/msg00289.html,Denial of Service,"Remote Code Execution, Information Disclosure, Denial of Service"
2026-07-04,php8.4,CVE-2026-14355,"It was discovered that a buffer overflow in the implementation of AES Key Wrap with Padding in the openssl extension of PHP, a widely-used open source general purpose scripting language, could result in memory corruption.",DSA-6377-1,https://lists.debian.org/debian-security-announce/2026/msg00288.html,Cryptographic/Encryption Bypass,Cryptographic/Encryption Bypass
2026-07-03,openvpn,CVE-2026-11771 CVE-2026-12932 CVE-2026-12996 CVE-2026-13117 CVE-2026-13122 CVE-2026-13698,"CVE-2026-13117 CVE-2026-13122 CVE-2026-13698 Multiple security vulnerabilities were discovered in OpenVPN, which could result in denial of service.",DSA-6376-1,https://lists.debian.org/debian-security-announce/2026/msg00287.html,Denial of Service,Denial of Service
2026-07-02,fastnetmon,CVE-2026-48683 CVE-2026-48684 CVE-2026-48685 CVE-2026-48686 CVE-2026-48687 CVE-2026-48688 CVE-2026-48689 CVE-2026-48690 CVE-2026-48691 CVE-2026-48694 CVE-2026-48695 CVE-2026-48696,"CVE-2026-48687 CVE-2026-48688 CVE-2026-48689 CVE-2026-48690 CVE-2026-48691 CVE-2026-48694 CVE-2026-48695 CVE-2026-48696 Multiple security issues have been discovered in FastNetMon, a fast DDoS analyzer: TLS connections were insufficently validated and malformed Netflow/sFlow traffic could result in denial of service.",DSA-6375-1,https://lists.debian.org/debian-security-announce/2026/msg00286.html,Denial of Service,Denial of Service
2026-06-30,nginx,CVE-2026-42055 CVE-2026-48142,"Multiple vulnerabilities were discoverd in Nginx, a high-performance web and reverse proxy server, which could result in remote code execution, denial of service or memory disclosure.",DSA-6374-1,https://lists.debian.org/debian-security-announce/2026/msg00285.html,Remote Code Execution,"Remote Code Execution, Server-Side Request Forgery, Information Disclosure, Denial of Service"
2026-06-30,nginx,CVE-2026-42055 CVE-2026-48142,"Multiple vulnerabilities were discoverd in Nginx, a high-performance web and reverse proxy server, which could result in remote code execution, denial of service or memory disclosure.",DSA-6374-1,https://lists.debian.org/debian-security-announce/2026/msg00285.html,Server-Side Request Forgery,"Remote Code Execution, Server-Side Request Forgery, Information Disclosure, Denial of Service"
2026-06-30,nginx,CVE-2026-42055 CVE-2026-48142,"Multiple vulnerabilities were discoverd in Nginx, a high-performance web and reverse proxy server, which could result in remote code execution, denial of service or memory disclosure.",DSA-6374-1,https://lists.debian.org/debian-security-announce/2026/msg00285.html,Information Disclosure,"Remote Code Execution, Server-Side Request Forgery, Information Disclosure, Denial of Service"
2026-06-30,nginx,CVE-2026-42055 CVE-2026-48142,"Multiple vulnerabilities were discoverd in Nginx, a high-performance web and reverse proxy server, which could result in remote code execution, denial of service or memory disclosure.",DSA-6374-1,https://lists.debian.org/debian-security-announce/2026/msg00285.html,Denial of Service,"Remote Code Execution, Server-Side Request Forgery, Information Disclosure, Denial of Service"
2026-06-28,lxd,CVE-2026-9639 CVE-2026-9640 CVE-2026-48749 CVE-2026-48750 CVE-2026-48751 CVE-2026-48752 CVE-2026-48755 CVE-2026-48769 CVE-2026-55621 CVE-2026-55622,"CVE-2026-48751 CVE-2026-48752 CVE-2026-48755 CVE-2026-48769 CVE-2026-55621 CVE-2026-55622 Multiple security issues were discovered in LXD, a system container and virtual machine manager, which could result in a bypass of security restrictions or the execution of arbitrary commands.",DSA-6373-1,https://lists.debian.org/debian-security-announce/2026/msg00284.html,Command Injection,"Command Injection, Authorization/Access Control Bypass, Privilege Escalation, Sandbox Escape"
2026-06-28,lxd,CVE-2026-9639 CVE-2026-9640 CVE-2026-48749 CVE-2026-48750 CVE-2026-48751 CVE-2026-48752 CVE-2026-48755 CVE-2026-48769 CVE-2026-55621 CVE-2026-55622,"CVE-2026-48751 CVE-2026-48752 CVE-2026-48755 CVE-2026-48769 CVE-2026-55621 CVE-2026-55622 Multiple security issues were discovered in LXD, a system container and virtual machine manager, which could result in a bypass of security restrictions or the execution of arbitrary commands.",DSA-6373-1,https://lists.debian.org/debian-security-announce/2026/msg00284.html,Authorization/Access Control Bypass,"Command Injection, Authorization/Access Control Bypass, Privilege Escalation, Sandbox Escape"
2026-06-28,lxd,CVE-2026-9639 CVE-2026-9640 CVE-2026-48749 CVE-2026-48750 CVE-2026-48751 CVE-2026-48752 CVE-2026-48755 CVE-2026-48769 CVE-2026-55621 CVE-2026-55622,"CVE-2026-48751 CVE-2026-48752 CVE-2026-48755 CVE-2026-48769 CVE-2026-55621 CVE-2026-55622 Multiple security issues were discovered in LXD, a system container and virtual machine manager, which could result in a bypass of security restrictions or the execution of arbitrary commands.",DSA-6373-1,https://lists.debian.org/debian-security-announce/2026/msg00284.html,Privilege Escalation,"Command Injection, Authorization/Access Control Bypass, Privilege Escalation, Sandbox Escape"
2026-06-28,lxd,CVE-2026-9639 CVE-2026-9640 CVE-2026-48749 CVE-2026-48750 CVE-2026-48751 CVE-2026-48752 CVE-2026-48755 CVE-2026-48769 CVE-2026-55621 CVE-2026-55622,"CVE-2026-48751 CVE-2026-48752 CVE-2026-48755 CVE-2026-48769 CVE-2026-55621 CVE-2026-55622 Multiple security issues were discovered in LXD, a system container and virtual machine manager, which could result in a bypass of security restrictions or the execution of arbitrary commands.",DSA-6373-1,https://lists.debian.org/debian-security-announce/2026/msg00284.html,Sandbox Escape,"Command Injection, Authorization/Access Control Bypass, Privilege Escalation, Sandbox Escape"
2026-06-28,tor,not yet available,"Multiple security vulnerabilities were discovered in Tor, a connection- based low-latency anonymous communication system, would could result in denial of service.",DSA-6372-1,https://lists.debian.org/debian-security-announce/2026/msg00283.html,Authentication Bypass,"Authentication Bypass, Cryptographic/Encryption Bypass, Spoofing, Denial of Service"
2026-06-28,tor,not yet available,"Multiple security vulnerabilities were discovered in Tor, a connection- based low-latency anonymous communication system, would could result in denial of service.",DSA-6372-1,https://lists.debian.org/debian-security-announce/2026/msg00283.html,Cryptographic/Encryption Bypass,"Authentication Bypass, Cryptographic/Encryption Bypass, Spoofing, Denial of Service"
2026-06-28,tor,not yet available,"Multiple security vulnerabilities were discovered in Tor, a connection- based low-latency anonymous communication system, would could result in denial of service.",DSA-6372-1,https://lists.debian.org/debian-security-announce/2026/msg00283.html,Spoofing,"Authentication Bypass, Cryptographic/Encryption Bypass, Spoofing, Denial of Service"
2026-06-28,tor,not yet available,"Multiple security vulnerabilities were discovered in Tor, a connection- based low-latency anonymous communication system, would could result in denial of service.",DSA-6372-1,https://lists.debian.org/debian-security-announce/2026/msg00283.html,Denial of Service,"Authentication Bypass, Cryptographic/Encryption Bypass, Spoofing, Denial of Service"
2026-06-27,xorg-server,CVE-2026-50256 CVE-2026-50257 CVE-2026-50258 CVE-2026-50259 CVE-2026-50260 CVE-2026-50261 CVE-2026-50262 CVE-2026-50263 CVE-2026-50264,"CVE-2026-50260 CVE-2026-50261 CVE-2026-50262 CVE-2026-50263 CVE-2026-50264 Several vulnerabilities were discovered in the Xorg X server, which may result in privilege escalation if the X server is running privileged.",DSA-6370-1,https://lists.debian.org/debian-security-announce/2026/msg00282.html,Privilege Escalation,Privilege Escalation
2026-06-26,incus,CVE-2026-48749 CVE-2026-48750 CVE-2026-48751 CVE-2026-48752 CVE-2026-48755 CVE-2026-48756 CVE-2026-48769 CVE-2026-55621 CVE-2026-55622,"CVE-2026-48755 CVE-2026-48756 CVE-2026-48769 CVE-2026-55621 CVE-2026-55622 Multiple security issues were discovered in Incus, a system container and virtual machine manager, which could result in a bypass of security restrictions or the execution of arbitrary commands.",DSA-6370-1,https://lists.debian.org/debian-security-announce/2026/msg00281.html,Authorization/Access Control Bypass,"Authorization/Access Control Bypass, Command Injection, Sandbox Escape"
2026-06-26,incus,CVE-2026-48749 CVE-2026-48750 CVE-2026-48751 CVE-2026-48752 CVE-2026-48755 CVE-2026-48756 CVE-2026-48769 CVE-2026-55621 CVE-2026-55622,"CVE-2026-48755 CVE-2026-48756 CVE-2026-48769 CVE-2026-55621 CVE-2026-55622 Multiple security issues were discovered in Incus, a system container and virtual machine manager, which could result in a bypass of security restrictions or the execution of arbitrary commands.",DSA-6370-1,https://lists.debian.org/debian-security-announce/2026/msg00281.html,Command Injection,"Authorization/Access Control Bypass, Command Injection, Sandbox Escape"
2026-06-26,incus,CVE-2026-48749 CVE-2026-48750 CVE-2026-48751 CVE-2026-48752 CVE-2026-48755 CVE-2026-48756 CVE-2026-48769 CVE-2026-55621 CVE-2026-55622,"CVE-2026-48755 CVE-2026-48756 CVE-2026-48769 CVE-2026-55621 CVE-2026-55622 Multiple security issues were discovered in Incus, a system container and virtual machine manager, which could result in a bypass of security restrictions or the execution of arbitrary commands.",DSA-6370-1,https://lists.debian.org/debian-security-announce/2026/msg00281.html,Sandbox Escape,"Authorization/Access Control Bypass, Command Injection, Sandbox Escape"
2026-06-25,sogo,CVE-2025-71276 CVE-2026-3054 CVE-2026-8496 CVE-2026-8851 CVE-2026-33550 CVE-2026-46445 CVE-2026-46446,"CVE-2026-33550 CVE-2026-46445 CVE-2026-46446 Multiple security vulnerabilities were discovered in the SOGo groupware server, which could result in cross-site scripting or SQL injection.",DSA-6366-1,https://lists.debian.org/debian-security-announce/2026/msg00277.html,SQL Injection,"SQL Injection, Cross-Site Scripting, Remote Code Execution, Server-Side Request Forgery"
2026-06-25,sogo,CVE-2025-71276 CVE-2026-3054 CVE-2026-8496 CVE-2026-8851 CVE-2026-33550 CVE-2026-46445 CVE-2026-46446,"CVE-2026-33550 CVE-2026-46445 CVE-2026-46446 Multiple security vulnerabilities were discovered in the SOGo groupware server, which could result in cross-site scripting or SQL injection.",DSA-6366-1,https://lists.debian.org/debian-security-announce/2026/msg00277.html,Cross-Site Scripting,"SQL Injection, Cross-Site Scripting, Remote Code Execution, Server-Side Request Forgery"
2026-06-25,sogo,CVE-2025-71276 CVE-2026-3054 CVE-2026-8496 CVE-2026-8851 CVE-2026-33550 CVE-2026-46445 CVE-2026-46446,"CVE-2026-33550 CVE-2026-46445 CVE-2026-46446 Multiple security vulnerabilities were discovered in the SOGo groupware server, which could result in cross-site scripting or SQL injection.",DSA-6366-1,https://lists.debian.org/debian-security-announce/2026/msg00277.html,Remote Code Execution,"SQL Injection, Cross-Site Scripting, Remote Code Execution, Server-Side Request Forgery"
2026-06-25,sogo,CVE-2025-71276 CVE-2026-3054 CVE-2026-8496 CVE-2026-8851 CVE-2026-33550 CVE-2026-46445 CVE-2026-46446,"CVE-2026-33550 CVE-2026-46445 CVE-2026-46446 Multiple security vulnerabilities were discovered in the SOGo groupware server, which could result in cross-site scripting or SQL injection.",DSA-6366-1,https://lists.debian.org/debian-security-announce/2026/msg00277.html,Server-Side Request Forgery,"SQL Injection, Cross-Site Scripting, Remote Code Execution, Server-Side Request Forgery"
2026-06-25,libssh2,CVE-2025-15661 CVE-2026-7598 CVE-2026-55199 CVE-2026-55200,"Multiple security vulnerabilities were discovered in libssh2, a client-side C library implementing the SSH2 protocol which could result in memory disclosure, denial of service or potentially the execution of arbitrary code.",DSA-6365-1,https://lists.debian.org/debian-security-announce/2026/msg00276.html,Remote Code Execution,"Remote Code Execution, Information Disclosure, Denial of Service"
2026-06-25,libssh2,CVE-2025-15661 CVE-2026-7598 CVE-2026-55199 CVE-2026-55200,"Multiple security vulnerabilities were discovered in libssh2, a client-side C library implementing the SSH2 protocol which could result in memory disclosure, denial of service or potentially the execution of arbitrary code.",DSA-6365-1,https://lists.debian.org/debian-security-announce/2026/msg00276.html,Information Disclosure,"Remote Code Execution, Information Disclosure, Denial of Service"
2026-06-25,libssh2,CVE-2025-15661 CVE-2026-7598 CVE-2026-55199 CVE-2026-55200,"Multiple security vulnerabilities were discovered in libssh2, a client-side C library implementing the SSH2 protocol which could result in memory disclosure, denial of service or potentially the execution of arbitrary code.",DSA-6365-1,https://lists.debian.org/debian-security-announce/2026/msg00276.html,Denial of Service,"Remote Code Execution, Information Disclosure, Denial of Service"
2026-06-25,chromium,CVE-2026-13021 CVE-2026-13022 CVE-2026-13023 CVE-2026-13024 CVE-2026-13025 CVE-2026-13026 CVE-2026-13027 CVE-2026-13028 CVE-2026-13029 CVE-2026-13030 CVE-2026-13031 CVE-2026-13032 CVE-2026-13033 CVE-2026-13034 CVE-2026-13035 CVE-2026-13036 CVE-2026-13037 CVE-2026-13038,"CVE-2026-13025 CVE-2026-13026 CVE-2026-13027 CVE-2026-13028 CVE-2026-13029 CVE-2026-13030 CVE-2026-13031 CVE-2026-13032 CVE-2026-13033 CVE-2026-13034 CVE-2026-13035 CVE-2026-13036 CVE-2026-13037 CVE-2026-13038 Security issues were discovered in Chromium which could result in the execution of arbitrary code, denial of service, or information disclosure.",DSA-6364-1,https://lists.debian.org/debian-security-announce/2026/msg00275.html,Remote Code Execution,"Remote Code Execution, Information Disclosure, Denial of Service"
2026-06-25,chromium,CVE-2026-13021 CVE-2026-13022 CVE-2026-13023 CVE-2026-13024 CVE-2026-13025 CVE-2026-13026 CVE-2026-13027 CVE-2026-13028 CVE-2026-13029 CVE-2026-13030 CVE-2026-13031 CVE-2026-13032 CVE-2026-13033 CVE-2026-13034 CVE-2026-13035 CVE-2026-13036 CVE-2026-13037 CVE-2026-13038,"CVE-2026-13025 CVE-2026-13026 CVE-2026-13027 CVE-2026-13028 CVE-2026-13029 CVE-2026-13030 CVE-2026-13031 CVE-2026-13032 CVE-2026-13033 CVE-2026-13034 CVE-2026-13035 CVE-2026-13036 CVE-2026-13037 CVE-2026-13038 Security issues were discovered in Chromium which could result in the execution of arbitrary code, denial of service, or information disclosure.",DSA-6364-1,https://lists.debian.org/debian-security-announce/2026/msg00275.html,Information Disclosure,"Remote Code Execution, Information Disclosure, Denial of Service"
2026-06-25,chromium,CVE-2026-13021 CVE-2026-13022 CVE-2026-13023 CVE-2026-13024 CVE-2026-13025 CVE-2026-13026 CVE-2026-13027 CVE-2026-13028 CVE-2026-13029 CVE-2026-13030 CVE-2026-13031 CVE-2026-13032 CVE-2026-13033 CVE-2026-13034 CVE-2026-13035 CVE-2026-13036 CVE-2026-13037 CVE-2026-13038,"CVE-2026-13025 CVE-2026-13026 CVE-2026-13027 CVE-2026-13028 CVE-2026-13029 CVE-2026-13030 CVE-2026-13031 CVE-2026-13032 CVE-2026-13033 CVE-2026-13034 CVE-2026-13035 CVE-2026-13036 CVE-2026-13037 CVE-2026-13038 Security issues were discovered in Chromium which could result in the execution of arbitrary code, denial of service, or information disclosure.",DSA-6364-1,https://lists.debian.org/debian-security-announce/2026/msg00275.html,Denial of Service,"Remote Code Execution, Information Disclosure, Denial of Service"
2026-06-25,dnsdist,CVE-2026-40011 CVE-2026-40208 CVE-2026-40209 CVE-2026-40210 CVE-2026-40211 CVE-2026-42004 CVE-2026-42005,"CVE-2026-40210 CVE-2026-40211 CVE-2026-42004 CVE-2026-42005 Multiple security vulnerabilities were discovered in the dnsdist DNS loadbalancer, which could result in denial of service, information disclosure or bypass of security rules.",DSA-6367-1,https://lists.debian.org/debian-security-announce/2026/msg00278.html,Information Disclosure,"Information Disclosure, Denial of Service"
2026-06-25,dnsdist,CVE-2026-40011 CVE-2026-40208 CVE-2026-40209 CVE-2026-40210 CVE-2026-40211 CVE-2026-42004 CVE-2026-42005,"CVE-2026-40210 CVE-2026-40211 CVE-2026-42004 CVE-2026-42005 Multiple security vulnerabilities were discovered in the dnsdist DNS loadbalancer, which could result in denial of service, information disclosure or bypass of security rules.",DSA-6367-1,https://lists.debian.org/debian-security-announce/2026/msg00278.html,Denial of Service,"Information Disclosure, Denial of Service"
2026-06-25,pdns,CVE-2026-42005,It was discovered that incorrect request handling in the internal web server of the PowerDNS DNS server could result in denial of service.,DSA-6368-1,https://lists.debian.org/debian-security-announce/2026/msg00279.html,Denial of Service,Denial of Service
2026-06-25,pdns-recursor,CVE-2026-33612 CVE-2026-40012 CVE-2026-42005 CVE-2026-42387 CVE-2026-42388 CVE-2026-42390 CVE-2026-52690,"CVE-2026-42387 CVE-2026-42388 CVE-2026-42390 CVE-2026-52690 Multiple vulnerabiliites have been discovered in PDNS Recursor, a resolving name server which could result in denial of service, cache poisoning or information disclosure.",DSA-6369-1,https://lists.debian.org/debian-security-announce/2026/msg00280.html,Information Disclosure,"Information Disclosure, Denial of Service"
2026-06-25,pdns-recursor,CVE-2026-33612 CVE-2026-40012 CVE-2026-42005 CVE-2026-42387 CVE-2026-42388 CVE-2026-42390 CVE-2026-52690,"CVE-2026-42387 CVE-2026-42388 CVE-2026-42390 CVE-2026-52690 Multiple vulnerabiliites have been discovered in PDNS Recursor, a resolving name server which could result in denial of service, cache poisoning or information disclosure.",DSA-6369-1,https://lists.debian.org/debian-security-announce/2026/msg00280.html,Denial of Service,"Information Disclosure, Denial of Service"
2026-06-23,python-urllib3,CVE-2026-44431,"It was discovered that the urllib3 Python HTTP library didn't sanitise some cross-origin redirects, which could result in information disclosure.",DSA-6363-1,https://lists.debian.org/debian-security-announce/2026/msg00274.html,Information Disclosure,Information Disclosure
2026-06-23,gst-plugins-bad1.0,CVE-2026-52718 CVE-2026-52719 CVE-2026-53701,"Multiple security vulnerabilities were discovered in plugins for the GStreamer media framework and its codecs and demuxers, which may result in denial of service or potentially the execution of arbitrary code if a malformed media file is opened.",DSA-6362-1,https://lists.debian.org/debian-security-announce/2026/msg00273.html,Remote Code Execution,"Remote Code Execution, Denial of Service"
2026-06-23,gst-plugins-bad1.0,CVE-2026-52718 CVE-2026-52719 CVE-2026-53701,"Multiple security vulnerabilities were discovered in plugins for the GStreamer media framework and its codecs and demuxers, which may result in denial of service or potentially the execution of arbitrary code if a malformed media file is opened.",DSA-6362-1,https://lists.debian.org/debian-security-announce/2026/msg00273.html,Denial of Service,"Remote Code Execution, Denial of Service"
2026-06-22,ffmpeg,CVE-2025-22921 CVE-2026-8461 CVE-2026-30997,"Several vulnerabilities have been discovered in the FFmpeg multimedia framework, which could result in denial of service or potentially the execution of arbitrary code if malformed files/streams are processed.",DSA-6361-1,https://lists.debian.org/debian-security-announce/2026/msg00272.html,Remote Code Execution,"Remote Code Execution, Denial of Service"
2026-06-22,ffmpeg,CVE-2025-22921 CVE-2026-8461 CVE-2026-30997,"Several vulnerabilities have been discovered in the FFmpeg multimedia framework, which could result in denial of service or potentially the execution of arbitrary code if malformed files/streams are processed.",DSA-6361-1,https://lists.debian.org/debian-security-announce/2026/msg00272.html,Denial of Service,"Remote Code Execution, Denial of Service"
2026-06-21,squid,CVE-2026-33515 CVE-2026-33526 CVE-2026-47729 CVE-2026-50012,"Multiple security issues were discovered in the Squid proxy caching server, which could result in information disclosure or denial of service.",DSA-6360-1,https://lists.debian.org/debian-security-announce/2026/msg00271.html,Information Disclosure,"Information Disclosure, Denial of Service"
2026-06-21,squid,CVE-2026-33515 CVE-2026-33526 CVE-2026-47729 CVE-2026-50012,"Multiple security issues were discovered in the Squid proxy caching server, which could result in information disclosure or denial of service.",DSA-6360-1,https://lists.debian.org/debian-security-announce/2026/msg00271.html,Denial of Service,"Information Disclosure, Denial of Service"
2026-06-21,gst-plugins-good1.0,CVE-2026-1940 CVE-2026-3083 CVE-2026-3085 CVE-2026-39043 CVE-2026-39044,"CVE-2026-39044 Multiple security vulnerabilities were discovered in plugins for the GStreamer media framework and its codecs and demuxers, which may result in denial of service or potentially the execution of arbitrary code if a malformed media file is opened.",DSA-6359-1,https://lists.debian.org/debian-security-announce/2026/msg00270.html,Remote Code Execution,"Remote Code Execution, Denial of Service"
2026-06-21,gst-plugins-good1.0,CVE-2026-1940 CVE-2026-3083 CVE-2026-3085 CVE-2026-39043 CVE-2026-39044,"CVE-2026-39044 Multiple security vulnerabilities were discovered in plugins for the GStreamer media framework and its codecs and demuxers, which may result in denial of service or potentially the execution of arbitrary code if a malformed media file is opened.",DSA-6359-1,https://lists.debian.org/debian-security-announce/2026/msg00270.html,Denial of Service,"Remote Code Execution, Denial of Service"
2026-06-21,libhttp-daemon-perl,CVE-2026-8450,"A flaw was discovered in libhttp-daemon-perl, a simple http server class for Perl, which may result in the execution of arbitrary shell commands or file overwrite when processing specially crafted input.",DSA-6358-1,https://lists.debian.org/debian-security-announce/2026/msg00269.html,Command Injection,"Command Injection, Remote Code Execution"
2026-06-21,libhttp-daemon-perl,CVE-2026-8450,"A flaw was discovered in libhttp-daemon-perl, a simple http server class for Perl, which may result in the execution of arbitrary shell commands or file overwrite when processing specially crafted input.",DSA-6358-1,https://lists.debian.org/debian-security-announce/2026/msg00269.html,Remote Code Execution,"Command Injection, Remote Code Execution"
2026-06-21,pillow,CVE-2026-42308 CVE-2026-42310 CVE-2026-42311,"Multiple security vulnerabilities have been discovered in Pillow, a Python imaging library, which could result in denial of service or the execution of arbitrary code if malformed files are processed.",DSA-6357-1,https://lists.debian.org/debian-security-announce/2026/msg00268.html,Cryptographic/Encryption Bypass,"Cryptographic/Encryption Bypass, Remote Code Execution, Sandbox Escape, Denial of Service"
2026-06-21,pillow,CVE-2026-42308 CVE-2026-42310 CVE-2026-42311,"Multiple security vulnerabilities have been discovered in Pillow, a Python imaging library, which could result in denial of service or the execution of arbitrary code if malformed files are processed.",DSA-6357-1,https://lists.debian.org/debian-security-announce/2026/msg00268.html,Remote Code Execution,"Cryptographic/Encryption Bypass, Remote Code Execution, Sandbox Escape, Denial of Service"
2026-06-21,pillow,CVE-2026-42308 CVE-2026-42310 CVE-2026-42311,"Multiple security vulnerabilities have been discovered in Pillow, a Python imaging library, which could result in denial of service or the execution of arbitrary code if malformed files are processed.",DSA-6357-1,https://lists.debian.org/debian-security-announce/2026/msg00268.html,Sandbox Escape,"Cryptographic/Encryption Bypass, Remote Code Execution, Sandbox Escape, Denial of Service"
2026-06-21,pillow,CVE-2026-42308 CVE-2026-42310 CVE-2026-42311,"Multiple security vulnerabilities have been discovered in Pillow, a Python imaging library, which could result in denial of service or the execution of arbitrary code if malformed files are processed.",DSA-6357-1,https://lists.debian.org/debian-security-announce/2026/msg00268.html,Denial of Service,"Cryptographic/Encryption Bypass, Remote Code Execution, Sandbox Escape, Denial of Service"
2026-06-21,imagemagick,CVE-2026-48724 CVE-2026-48734 CVE-2026-48994 CVE-2026-49218 CVE-2026-49219 CVE-2026-53460 CVE-2026-53461 CVE-2026-53463 CVE-2026-53464,"CVE-2026-49219 CVE-2026-53460 CVE-2026-53461 CVE-2026-53463 CVE-2026-53464 Multiple security vulnerabilities were discovered in imagemagick, a software suite used for editing and manipulating digital images, which could lead to denial of service, information disclosure or potentially arbitrary code execution if malformed images are processed.",DSA-6356-1,https://lists.debian.org/debian-security-announce/2026/msg00267.html,Remote Code Execution,"Remote Code Execution, Information Disclosure, Denial of Service"
2026-06-21,imagemagick,CVE-2026-48724 CVE-2026-48734 CVE-2026-48994 CVE-2026-49218 CVE-2026-49219 CVE-2026-53460 CVE-2026-53461 CVE-2026-53463 CVE-2026-53464,"CVE-2026-49219 CVE-2026-53460 CVE-2026-53461 CVE-2026-53463 CVE-2026-53464 Multiple security vulnerabilities were discovered in imagemagick, a software suite used for editing and manipulating digital images, which could lead to denial of service, information disclosure or potentially arbitrary code execution if malformed images are processed.",DSA-6356-1,https://lists.debian.org/debian-security-announce/2026/msg00267.html,Information Disclosure,"Remote Code Execution, Information Disclosure, Denial of Service"
2026-06-21,imagemagick,CVE-2026-48724 CVE-2026-48734 CVE-2026-48994 CVE-2026-49218 CVE-2026-49219 CVE-2026-53460 CVE-2026-53461 CVE-2026-53463 CVE-2026-53464,"CVE-2026-49219 CVE-2026-53460 CVE-2026-53461 CVE-2026-53463 CVE-2026-53464 Multiple security vulnerabilities were discovered in imagemagick, a software suite used for editing and manipulating digital images, which could lead to denial of service, information disclosure or potentially arbitrary code execution if malformed images are processed.",DSA-6356-1,https://lists.debian.org/debian-security-announce/2026/msg00267.html,Denial of Service,"Remote Code Execution, Information Disclosure, Denial of Service"
2026-06-21,linux,CVE-2025-22069 CVE-2025-68251 CVE-2025-68768 CVE-2025-71289 CVE-2026-23247 CVE-2026-23272 CVE-2026-23346 CVE-2026-23394 CVE-2026-23469 CVE-2026-31420 CVE-2026-31486 CVE-2026-31560 CVE-2026-31613 CVE-2026-31663 CVE-2026-31717 CVE-2026-43116 CVE-2026-43219 CVE-2026-43245 CVE-2026-43303 CVE-2026-43331 CVE-2026-45838 CVE-2026-45839 CVE-2026-45840 CVE-2026-45841 CVE-2026-45842 CVE-2026-45843 CVE-2026-45844 CVE-2026-45845 CVE-2026-45846 CVE-2026-45850 CVE-2026-45930 CVE-2026-46117 CVE-2026-46137 CVE-2026-46158 CVE-2026-46160 CVE-2026-46170 CVE-2026-46203 CVE-2026-46216 CVE-2026-46244 CVE-2026-46274 CVE-2026-46275 CVE-2026-46315 CVE-2026-46316 CVE-2026-46319 CVE-2026-46320 CVE-2026-46321 CVE-2026-46322 CVE-2026-46323 CVE-2026-46331 CVE-2026-52908 CVE-2026-52909 CVE-2026-52910 CVE-2026-52911,"CVE-2026-23247 CVE-2026-23272 CVE-2026-23346 CVE-2026-23394 CVE-2026-23469 CVE-2026-31420 CVE-2026-31486 CVE-2026-31560 CVE-2026-31613 CVE-2026-31663 CVE-2026-31717 CVE-2026-43116 CVE-2026-43219 CVE-2026-43245 CVE-2026-43303 CVE-2026-43331 CVE-2026-45838 CVE-2026-45839 CVE-2026-45840 CVE-2026-45841 CVE-2026-45842 CVE-2026-45843 CVE-2026-45844 CVE-2026-45845 CVE-2026-45846 CVE-2026-45850 CVE-2026-45930 CVE-2026-46117 CVE-2026-46137 CVE-2026-46158 CVE-2026-46160 CVE-2026-46170 CVE-2026-46203 CVE-2026-46216 CVE-2026-46244 CVE-2026-46274 CVE-2026-46275 CVE-2026-46315 CVE-2026-46316 CVE-2026-46319 CVE-2026-46320 CVE-2026-46321 CVE-2026-46322 CVE-2026-46323 CVE-2026-46331 CVE-2026-52908 CVE-2026-52909 CVE-2026-52910 CVE-2026-52911 Several vulnerabilities have been discovered in the Linux kernel that may lead to a privilege escalation, denial of service or information leaks.",DSA-6355-1,https://lists.debian.org/debian-security-announce/2026/msg00266.html,Privilege Escalation,"Privilege Escalation, Information Disclosure, Denial of Service"
2026-06-21,linux,CVE-2025-22069 CVE-2025-68251 CVE-2025-68768 CVE-2025-71289 CVE-2026-23247 CVE-2026-23272 CVE-2026-23346 CVE-2026-23394 CVE-2026-23469 CVE-2026-31420 CVE-2026-31486 CVE-2026-31560 CVE-2026-31613 CVE-2026-31663 CVE-2026-31717 CVE-2026-43116 CVE-2026-43219 CVE-2026-43245 CVE-2026-43303 CVE-2026-43331 CVE-2026-45838 CVE-2026-45839 CVE-2026-45840 CVE-2026-45841 CVE-2026-45842 CVE-2026-45843 CVE-2026-45844 CVE-2026-45845 CVE-2026-45846 CVE-2026-45850 CVE-2026-45930 CVE-2026-46117 CVE-2026-46137 CVE-2026-46158 CVE-2026-46160 CVE-2026-46170 CVE-2026-46203 CVE-2026-46216 CVE-2026-46244 CVE-2026-46274 CVE-2026-46275 CVE-2026-46315 CVE-2026-46316 CVE-2026-46319 CVE-2026-46320 CVE-2026-46321 CVE-2026-46322 CVE-2026-46323 CVE-2026-46331 CVE-2026-52908 CVE-2026-52909 CVE-2026-52910 CVE-2026-52911,"CVE-2026-23247 CVE-2026-23272 CVE-2026-23346 CVE-2026-23394 CVE-2026-23469 CVE-2026-31420 CVE-2026-31486 CVE-2026-31560 CVE-2026-31613 CVE-2026-31663 CVE-2026-31717 CVE-2026-43116 CVE-2026-43219 CVE-2026-43245 CVE-2026-43303 CVE-2026-43331 CVE-2026-45838 CVE-2026-45839 CVE-2026-45840 CVE-2026-45841 CVE-2026-45842 CVE-2026-45843 CVE-2026-45844 CVE-2026-45845 CVE-2026-45846 CVE-2026-45850 CVE-2026-45930 CVE-2026-46117 CVE-2026-46137 CVE-2026-46158 CVE-2026-46160 CVE-2026-46170 CVE-2026-46203 CVE-2026-46216 CVE-2026-46244 CVE-2026-46274 CVE-2026-46275 CVE-2026-46315 CVE-2026-46316 CVE-2026-46319 CVE-2026-46320 CVE-2026-46321 CVE-2026-46322 CVE-2026-46323 CVE-2026-46331 CVE-2026-52908 CVE-2026-52909 CVE-2026-52910 CVE-2026-52911 Several vulnerabilities have been discovered in the Linux kernel that may lead to a privilege escalation, denial of service or information leaks.",DSA-6355-1,https://lists.debian.org/debian-security-announce/2026/msg00266.html,Information Disclosure,"Privilege Escalation, Information Disclosure, Denial of Service"
2026-06-21,linux,CVE-2025-22069 CVE-2025-68251 CVE-2025-68768 CVE-2025-71289 CVE-2026-23247 CVE-2026-23272 CVE-2026-23346 CVE-2026-23394 CVE-2026-23469 CVE-2026-31420 CVE-2026-31486 CVE-2026-31560 CVE-2026-31613 CVE-2026-31663 CVE-2026-31717 CVE-2026-43116 CVE-2026-43219 CVE-2026-43245 CVE-2026-43303 CVE-2026-43331 CVE-2026-45838 CVE-2026-45839 CVE-2026-45840 CVE-2026-45841 CVE-2026-45842 CVE-2026-45843 CVE-2026-45844 CVE-2026-45845 CVE-2026-45846 CVE-2026-45850 CVE-2026-45930 CVE-2026-46117 CVE-2026-46137 CVE-2026-46158 CVE-2026-46160 CVE-2026-46170 CVE-2026-46203 CVE-2026-46216 CVE-2026-46244 CVE-2026-46274 CVE-2026-46275 CVE-2026-46315 CVE-2026-46316 CVE-2026-46319 CVE-2026-46320 CVE-2026-46321 CVE-2026-46322 CVE-2026-46323 CVE-2026-46331 CVE-2026-52908 CVE-2026-52909 CVE-2026-52910 CVE-2026-52911,"CVE-2026-23247 CVE-2026-23272 CVE-2026-23346 CVE-2026-23394 CVE-2026-23469 CVE-2026-31420 CVE-2026-31486 CVE-2026-31560 CVE-2026-31613 CVE-2026-31663 CVE-2026-31717 CVE-2026-43116 CVE-2026-43219 CVE-2026-43245 CVE-2026-43303 CVE-2026-43331 CVE-2026-45838 CVE-2026-45839 CVE-2026-45840 CVE-2026-45841 CVE-2026-45842 CVE-2026-45843 CVE-2026-45844 CVE-2026-45845 CVE-2026-45846 CVE-2026-45850 CVE-2026-45930 CVE-2026-46117 CVE-2026-46137 CVE-2026-46158 CVE-2026-46160 CVE-2026-46170 CVE-2026-46203 CVE-2026-46216 CVE-2026-46244 CVE-2026-46274 CVE-2026-46275 CVE-2026-46315 CVE-2026-46316 CVE-2026-46319 CVE-2026-46320 CVE-2026-46321 CVE-2026-46322 CVE-2026-46323 CVE-2026-46331 CVE-2026-52908 CVE-2026-52909 CVE-2026-52910 CVE-2026-52911 Several vulnerabilities have been discovered in the Linux kernel that may lead to a privilege escalation, denial of service or information leaks.",DSA-6355-1,https://lists.debian.org/debian-security-announce/2026/msg00266.html,Denial of Service,"Privilege Escalation, Information Disclosure, Denial of Service"
